experiment	task	dataset	arm	method_label	seed	delta_scale	gate_hidden_dim	access	run_name	command
fixed_projection	survival	KIRP	base_beta0	Base Attention (beta=0)	42			public	fixed_projection_kirp_base_beta0_s42	python -u slide_level_srp/train_survival.py --run_name fixed_projection_kirp_base_beta0_s42 --cohort KIRP --endpoint OS --split_mode global_seed_holdout --global_seed 42 --seed 42 --neighbor_shuffle_seed 42 --n_folds 5 --variant baseline --out_dir ${GATEDSRP_COMPONENT_OUT:-runs/component_variants} --wandb_mode ${WANDB_MODE:-disabled} --epochs ${EPOCHS_TCGA_SURVIVAL:-20} --grad_accum ${GRAD_ACCUM_TCGA_SURVIVAL:-1} --base_lr ${LR_TCGA_SURVIVAL:-1e-4} --weight_decay ${WD_TCGA_SURVIVAL:-1e-5} --feature_root ${TCGA_FEATURE_ROOT:?set TCGA_FEATURE_ROOT} --feature_key ${TCGA_FEATURE_KEY:-features/uni_v2} --in_dim 1536 --label_csv ${TCGA_SURVIVAL_LABEL_CSV:?set TCGA_SURVIVAL_LABEL_CSV}
fixed_projection	survival	KIRP	base_beta0	Base Attention (beta=0)	43			public	fixed_projection_kirp_base_beta0_s43	python -u slide_level_srp/train_survival.py --run_name fixed_projection_kirp_base_beta0_s43 --cohort KIRP --endpoint OS --split_mode global_seed_holdout --global_seed 43 --seed 43 --neighbor_shuffle_seed 43 --n_folds 5 --variant baseline --out_dir ${GATEDSRP_COMPONENT_OUT:-runs/component_variants} --wandb_mode ${WANDB_MODE:-disabled} --epochs ${EPOCHS_TCGA_SURVIVAL:-20} --grad_accum ${GRAD_ACCUM_TCGA_SURVIVAL:-1} --base_lr ${LR_TCGA_SURVIVAL:-1e-4} --weight_decay ${WD_TCGA_SURVIVAL:-1e-5} --feature_root ${TCGA_FEATURE_ROOT:?set TCGA_FEATURE_ROOT} --feature_key ${TCGA_FEATURE_KEY:-features/uni_v2} --in_dim 1536 --label_csv ${TCGA_SURVIVAL_LABEL_CSV:?set TCGA_SURVIVAL_LABEL_CSV}
fixed_projection	survival	KIRP	base_beta0	Base Attention (beta=0)	44			public	fixed_projection_kirp_base_beta0_s44	python -u slide_level_srp/train_survival.py --run_name fixed_projection_kirp_base_beta0_s44 --cohort KIRP --endpoint OS --split_mode global_seed_holdout --global_seed 44 --seed 44 --neighbor_shuffle_seed 44 --n_folds 5 --variant baseline --out_dir ${GATEDSRP_COMPONENT_OUT:-runs/component_variants} --wandb_mode ${WANDB_MODE:-disabled} --epochs ${EPOCHS_TCGA_SURVIVAL:-20} --grad_accum ${GRAD_ACCUM_TCGA_SURVIVAL:-1} --base_lr ${LR_TCGA_SURVIVAL:-1e-4} --weight_decay ${WD_TCGA_SURVIVAL:-1e-5} --feature_root ${TCGA_FEATURE_ROOT:?set TCGA_FEATURE_ROOT} --feature_key ${TCGA_FEATURE_KEY:-features/uni_v2} --in_dim 1536 --label_csv ${TCGA_SURVIVAL_LABEL_CSV:?set TCGA_SURVIVAL_LABEL_CSV}
fixed_projection	survival	KIRP	base_beta0	Base Attention (beta=0)	45			public	fixed_projection_kirp_base_beta0_s45	python -u slide_level_srp/train_survival.py --run_name fixed_projection_kirp_base_beta0_s45 --cohort KIRP --endpoint OS --split_mode global_seed_holdout --global_seed 45 --seed 45 --neighbor_shuffle_seed 45 --n_folds 5 --variant baseline --out_dir ${GATEDSRP_COMPONENT_OUT:-runs/component_variants} --wandb_mode ${WANDB_MODE:-disabled} --epochs ${EPOCHS_TCGA_SURVIVAL:-20} --grad_accum ${GRAD_ACCUM_TCGA_SURVIVAL:-1} --base_lr ${LR_TCGA_SURVIVAL:-1e-4} --weight_decay ${WD_TCGA_SURVIVAL:-1e-5} --feature_root ${TCGA_FEATURE_ROOT:?set TCGA_FEATURE_ROOT} --feature_key ${TCGA_FEATURE_KEY:-features/uni_v2} --in_dim 1536 --label_csv ${TCGA_SURVIVAL_LABEL_CSV:?set TCGA_SURVIVAL_LABEL_CSV}
fixed_projection	survival	KIRP	base_beta0	Base Attention (beta=0)	46			public	fixed_projection_kirp_base_beta0_s46	python -u slide_level_srp/train_survival.py --run_name fixed_projection_kirp_base_beta0_s46 --cohort KIRP --endpoint OS --split_mode global_seed_holdout --global_seed 46 --seed 46 --neighbor_shuffle_seed 46 --n_folds 5 --variant baseline --out_dir ${GATEDSRP_COMPONENT_OUT:-runs/component_variants} --wandb_mode ${WANDB_MODE:-disabled} --epochs ${EPOCHS_TCGA_SURVIVAL:-20} --grad_accum ${GRAD_ACCUM_TCGA_SURVIVAL:-1} --base_lr ${LR_TCGA_SURVIVAL:-1e-4} --weight_decay ${WD_TCGA_SURVIVAL:-1e-5} --feature_root ${TCGA_FEATURE_ROOT:?set TCGA_FEATURE_ROOT} --feature_key ${TCGA_FEATURE_KEY:-features/uni_v2} --in_dim 1536 --label_csv ${TCGA_SURVIVAL_LABEL_CSV:?set TCGA_SURVIVAL_LABEL_CSV}
fixed_projection	survival	KIRP	projection_beta1	Projection (beta=1)	42			public	fixed_projection_kirp_projection_beta1_s42	python -u slide_level_srp/train_survival.py --run_name fixed_projection_kirp_projection_beta1_s42 --cohort KIRP --endpoint OS --split_mode global_seed_holdout --global_seed 42 --seed 42 --neighbor_shuffle_seed 42 --n_folds 5 --variant srp_patch_fixed_beta1 --out_dir ${GATEDSRP_COMPONENT_OUT:-runs/component_variants} --wandb_mode ${WANDB_MODE:-disabled} --epochs ${EPOCHS_TCGA_SURVIVAL:-20} --grad_accum ${GRAD_ACCUM_TCGA_SURVIVAL:-1} --base_lr ${LR_TCGA_SURVIVAL:-1e-4} --weight_decay ${WD_TCGA_SURVIVAL:-1e-5} --feature_root ${TCGA_FEATURE_ROOT:?set TCGA_FEATURE_ROOT} --feature_key ${TCGA_FEATURE_KEY:-features/uni_v2} --in_dim 1536 --label_csv ${TCGA_SURVIVAL_LABEL_CSV:?set TCGA_SURVIVAL_LABEL_CSV} --srp_context_impl stacked --srp_correction_chunk_size 0
fixed_projection	survival	KIRP	projection_beta1	Projection (beta=1)	43			public	fixed_projection_kirp_projection_beta1_s43	python -u slide_level_srp/train_survival.py --run_name fixed_projection_kirp_projection_beta1_s43 --cohort KIRP --endpoint OS --split_mode global_seed_holdout --global_seed 43 --seed 43 --neighbor_shuffle_seed 43 --n_folds 5 --variant srp_patch_fixed_beta1 --out_dir ${GATEDSRP_COMPONENT_OUT:-runs/component_variants} --wandb_mode ${WANDB_MODE:-disabled} --epochs ${EPOCHS_TCGA_SURVIVAL:-20} --grad_accum ${GRAD_ACCUM_TCGA_SURVIVAL:-1} --base_lr ${LR_TCGA_SURVIVAL:-1e-4} --weight_decay ${WD_TCGA_SURVIVAL:-1e-5} --feature_root ${TCGA_FEATURE_ROOT:?set TCGA_FEATURE_ROOT} --feature_key ${TCGA_FEATURE_KEY:-features/uni_v2} --in_dim 1536 --label_csv ${TCGA_SURVIVAL_LABEL_CSV:?set TCGA_SURVIVAL_LABEL_CSV} --srp_context_impl stacked --srp_correction_chunk_size 0
fixed_projection	survival	KIRP	projection_beta1	Projection (beta=1)	44			public	fixed_projection_kirp_projection_beta1_s44	python -u slide_level_srp/train_survival.py --run_name fixed_projection_kirp_projection_beta1_s44 --cohort KIRP --endpoint OS --split_mode global_seed_holdout --global_seed 44 --seed 44 --neighbor_shuffle_seed 44 --n_folds 5 --variant srp_patch_fixed_beta1 --out_dir ${GATEDSRP_COMPONENT_OUT:-runs/component_variants} --wandb_mode ${WANDB_MODE:-disabled} --epochs ${EPOCHS_TCGA_SURVIVAL:-20} --grad_accum ${GRAD_ACCUM_TCGA_SURVIVAL:-1} --base_lr ${LR_TCGA_SURVIVAL:-1e-4} --weight_decay ${WD_TCGA_SURVIVAL:-1e-5} --feature_root ${TCGA_FEATURE_ROOT:?set TCGA_FEATURE_ROOT} --feature_key ${TCGA_FEATURE_KEY:-features/uni_v2} --in_dim 1536 --label_csv ${TCGA_SURVIVAL_LABEL_CSV:?set TCGA_SURVIVAL_LABEL_CSV} --srp_context_impl stacked --srp_correction_chunk_size 0
fixed_projection	survival	KIRP	projection_beta1	Projection (beta=1)	45			public	fixed_projection_kirp_projection_beta1_s45	python -u slide_level_srp/train_survival.py --run_name fixed_projection_kirp_projection_beta1_s45 --cohort KIRP --endpoint OS --split_mode global_seed_holdout --global_seed 45 --seed 45 --neighbor_shuffle_seed 45 --n_folds 5 --variant srp_patch_fixed_beta1 --out_dir ${GATEDSRP_COMPONENT_OUT:-runs/component_variants} --wandb_mode ${WANDB_MODE:-disabled} --epochs ${EPOCHS_TCGA_SURVIVAL:-20} --grad_accum ${GRAD_ACCUM_TCGA_SURVIVAL:-1} --base_lr ${LR_TCGA_SURVIVAL:-1e-4} --weight_decay ${WD_TCGA_SURVIVAL:-1e-5} --feature_root ${TCGA_FEATURE_ROOT:?set TCGA_FEATURE_ROOT} --feature_key ${TCGA_FEATURE_KEY:-features/uni_v2} --in_dim 1536 --label_csv ${TCGA_SURVIVAL_LABEL_CSV:?set TCGA_SURVIVAL_LABEL_CSV} --srp_context_impl stacked --srp_correction_chunk_size 0
fixed_projection	survival	KIRP	projection_beta1	Projection (beta=1)	46			public	fixed_projection_kirp_projection_beta1_s46	python -u slide_level_srp/train_survival.py --run_name fixed_projection_kirp_projection_beta1_s46 --cohort KIRP --endpoint OS --split_mode global_seed_holdout --global_seed 46 --seed 46 --neighbor_shuffle_seed 46 --n_folds 5 --variant srp_patch_fixed_beta1 --out_dir ${GATEDSRP_COMPONENT_OUT:-runs/component_variants} --wandb_mode ${WANDB_MODE:-disabled} --epochs ${EPOCHS_TCGA_SURVIVAL:-20} --grad_accum ${GRAD_ACCUM_TCGA_SURVIVAL:-1} --base_lr ${LR_TCGA_SURVIVAL:-1e-4} --weight_decay ${WD_TCGA_SURVIVAL:-1e-5} --feature_root ${TCGA_FEATURE_ROOT:?set TCGA_FEATURE_ROOT} --feature_key ${TCGA_FEATURE_KEY:-features/uni_v2} --in_dim 1536 --label_csv ${TCGA_SURVIVAL_LABEL_CSV:?set TCGA_SURVIVAL_LABEL_CSV} --srp_context_impl stacked --srp_correction_chunk_size 0
fixed_projection	survival	KIRP	reflection_beta2	Reflection (beta=2)	42			public	fixed_projection_kirp_reflection_beta2_s42	python -u slide_level_srp/train_survival.py --run_name fixed_projection_kirp_reflection_beta2_s42 --cohort KIRP --endpoint OS --split_mode global_seed_holdout --global_seed 42 --seed 42 --neighbor_shuffle_seed 42 --n_folds 5 --variant srp_patch_fixed_beta2 --out_dir ${GATEDSRP_COMPONENT_OUT:-runs/component_variants} --wandb_mode ${WANDB_MODE:-disabled} --epochs ${EPOCHS_TCGA_SURVIVAL:-20} --grad_accum ${GRAD_ACCUM_TCGA_SURVIVAL:-1} --base_lr ${LR_TCGA_SURVIVAL:-1e-4} --weight_decay ${WD_TCGA_SURVIVAL:-1e-5} --feature_root ${TCGA_FEATURE_ROOT:?set TCGA_FEATURE_ROOT} --feature_key ${TCGA_FEATURE_KEY:-features/uni_v2} --in_dim 1536 --label_csv ${TCGA_SURVIVAL_LABEL_CSV:?set TCGA_SURVIVAL_LABEL_CSV} --srp_context_impl stacked --srp_correction_chunk_size 0
fixed_projection	survival	KIRP	reflection_beta2	Reflection (beta=2)	43			public	fixed_projection_kirp_reflection_beta2_s43	python -u slide_level_srp/train_survival.py --run_name fixed_projection_kirp_reflection_beta2_s43 --cohort KIRP --endpoint OS --split_mode global_seed_holdout --global_seed 43 --seed 43 --neighbor_shuffle_seed 43 --n_folds 5 --variant srp_patch_fixed_beta2 --out_dir ${GATEDSRP_COMPONENT_OUT:-runs/component_variants} --wandb_mode ${WANDB_MODE:-disabled} --epochs ${EPOCHS_TCGA_SURVIVAL:-20} --grad_accum ${GRAD_ACCUM_TCGA_SURVIVAL:-1} --base_lr ${LR_TCGA_SURVIVAL:-1e-4} --weight_decay ${WD_TCGA_SURVIVAL:-1e-5} --feature_root ${TCGA_FEATURE_ROOT:?set TCGA_FEATURE_ROOT} --feature_key ${TCGA_FEATURE_KEY:-features/uni_v2} --in_dim 1536 --label_csv ${TCGA_SURVIVAL_LABEL_CSV:?set TCGA_SURVIVAL_LABEL_CSV} --srp_context_impl stacked --srp_correction_chunk_size 0
fixed_projection	survival	KIRP	reflection_beta2	Reflection (beta=2)	44			public	fixed_projection_kirp_reflection_beta2_s44	python -u slide_level_srp/train_survival.py --run_name fixed_projection_kirp_reflection_beta2_s44 --cohort KIRP --endpoint OS --split_mode global_seed_holdout --global_seed 44 --seed 44 --neighbor_shuffle_seed 44 --n_folds 5 --variant srp_patch_fixed_beta2 --out_dir ${GATEDSRP_COMPONENT_OUT:-runs/component_variants} --wandb_mode ${WANDB_MODE:-disabled} --epochs ${EPOCHS_TCGA_SURVIVAL:-20} --grad_accum ${GRAD_ACCUM_TCGA_SURVIVAL:-1} --base_lr ${LR_TCGA_SURVIVAL:-1e-4} --weight_decay ${WD_TCGA_SURVIVAL:-1e-5} --feature_root ${TCGA_FEATURE_ROOT:?set TCGA_FEATURE_ROOT} --feature_key ${TCGA_FEATURE_KEY:-features/uni_v2} --in_dim 1536 --label_csv ${TCGA_SURVIVAL_LABEL_CSV:?set TCGA_SURVIVAL_LABEL_CSV} --srp_context_impl stacked --srp_correction_chunk_size 0
fixed_projection	survival	KIRP	reflection_beta2	Reflection (beta=2)	45			public	fixed_projection_kirp_reflection_beta2_s45	python -u slide_level_srp/train_survival.py --run_name fixed_projection_kirp_reflection_beta2_s45 --cohort KIRP --endpoint OS --split_mode global_seed_holdout --global_seed 45 --seed 45 --neighbor_shuffle_seed 45 --n_folds 5 --variant srp_patch_fixed_beta2 --out_dir ${GATEDSRP_COMPONENT_OUT:-runs/component_variants} --wandb_mode ${WANDB_MODE:-disabled} --epochs ${EPOCHS_TCGA_SURVIVAL:-20} --grad_accum ${GRAD_ACCUM_TCGA_SURVIVAL:-1} --base_lr ${LR_TCGA_SURVIVAL:-1e-4} --weight_decay ${WD_TCGA_SURVIVAL:-1e-5} --feature_root ${TCGA_FEATURE_ROOT:?set TCGA_FEATURE_ROOT} --feature_key ${TCGA_FEATURE_KEY:-features/uni_v2} --in_dim 1536 --label_csv ${TCGA_SURVIVAL_LABEL_CSV:?set TCGA_SURVIVAL_LABEL_CSV} --srp_context_impl stacked --srp_correction_chunk_size 0
fixed_projection	survival	KIRP	reflection_beta2	Reflection (beta=2)	46			public	fixed_projection_kirp_reflection_beta2_s46	python -u slide_level_srp/train_survival.py --run_name fixed_projection_kirp_reflection_beta2_s46 --cohort KIRP --endpoint OS --split_mode global_seed_holdout --global_seed 46 --seed 46 --neighbor_shuffle_seed 46 --n_folds 5 --variant srp_patch_fixed_beta2 --out_dir ${GATEDSRP_COMPONENT_OUT:-runs/component_variants} --wandb_mode ${WANDB_MODE:-disabled} --epochs ${EPOCHS_TCGA_SURVIVAL:-20} --grad_accum ${GRAD_ACCUM_TCGA_SURVIVAL:-1} --base_lr ${LR_TCGA_SURVIVAL:-1e-4} --weight_decay ${WD_TCGA_SURVIVAL:-1e-5} --feature_root ${TCGA_FEATURE_ROOT:?set TCGA_FEATURE_ROOT} --feature_key ${TCGA_FEATURE_KEY:-features/uni_v2} --in_dim 1536 --label_csv ${TCGA_SURVIVAL_LABEL_CSV:?set TCGA_SURVIVAL_LABEL_CSV} --srp_context_impl stacked --srp_correction_chunk_size 0
fixed_projection	survival	KIRP	amplification_betaneg1	Amplification (beta=-1)	42			public	fixed_projection_kirp_amplification_betaneg1_s42	python -u slide_level_srp/train_survival.py --run_name fixed_projection_kirp_amplification_betaneg1_s42 --cohort KIRP --endpoint OS --split_mode global_seed_holdout --global_seed 42 --seed 42 --neighbor_shuffle_seed 42 --n_folds 5 --variant srp_patch_fixed_betaneg1 --out_dir ${GATEDSRP_COMPONENT_OUT:-runs/component_variants} --wandb_mode ${WANDB_MODE:-disabled} --epochs ${EPOCHS_TCGA_SURVIVAL:-20} --grad_accum ${GRAD_ACCUM_TCGA_SURVIVAL:-1} --base_lr ${LR_TCGA_SURVIVAL:-1e-4} --weight_decay ${WD_TCGA_SURVIVAL:-1e-5} --feature_root ${TCGA_FEATURE_ROOT:?set TCGA_FEATURE_ROOT} --feature_key ${TCGA_FEATURE_KEY:-features/uni_v2} --in_dim 1536 --label_csv ${TCGA_SURVIVAL_LABEL_CSV:?set TCGA_SURVIVAL_LABEL_CSV} --srp_context_impl stacked --srp_correction_chunk_size 0
fixed_projection	survival	KIRP	amplification_betaneg1	Amplification (beta=-1)	43			public	fixed_projection_kirp_amplification_betaneg1_s43	python -u slide_level_srp/train_survival.py --run_name fixed_projection_kirp_amplification_betaneg1_s43 --cohort KIRP --endpoint OS --split_mode global_seed_holdout --global_seed 43 --seed 43 --neighbor_shuffle_seed 43 --n_folds 5 --variant srp_patch_fixed_betaneg1 --out_dir ${GATEDSRP_COMPONENT_OUT:-runs/component_variants} --wandb_mode ${WANDB_MODE:-disabled} --epochs ${EPOCHS_TCGA_SURVIVAL:-20} --grad_accum ${GRAD_ACCUM_TCGA_SURVIVAL:-1} --base_lr ${LR_TCGA_SURVIVAL:-1e-4} --weight_decay ${WD_TCGA_SURVIVAL:-1e-5} --feature_root ${TCGA_FEATURE_ROOT:?set TCGA_FEATURE_ROOT} --feature_key ${TCGA_FEATURE_KEY:-features/uni_v2} --in_dim 1536 --label_csv ${TCGA_SURVIVAL_LABEL_CSV:?set TCGA_SURVIVAL_LABEL_CSV} --srp_context_impl stacked --srp_correction_chunk_size 0
fixed_projection	survival	KIRP	amplification_betaneg1	Amplification (beta=-1)	44			public	fixed_projection_kirp_amplification_betaneg1_s44	python -u slide_level_srp/train_survival.py --run_name fixed_projection_kirp_amplification_betaneg1_s44 --cohort KIRP --endpoint OS --split_mode global_seed_holdout --global_seed 44 --seed 44 --neighbor_shuffle_seed 44 --n_folds 5 --variant srp_patch_fixed_betaneg1 --out_dir ${GATEDSRP_COMPONENT_OUT:-runs/component_variants} --wandb_mode ${WANDB_MODE:-disabled} --epochs ${EPOCHS_TCGA_SURVIVAL:-20} --grad_accum ${GRAD_ACCUM_TCGA_SURVIVAL:-1} --base_lr ${LR_TCGA_SURVIVAL:-1e-4} --weight_decay ${WD_TCGA_SURVIVAL:-1e-5} --feature_root ${TCGA_FEATURE_ROOT:?set TCGA_FEATURE_ROOT} --feature_key ${TCGA_FEATURE_KEY:-features/uni_v2} --in_dim 1536 --label_csv ${TCGA_SURVIVAL_LABEL_CSV:?set TCGA_SURVIVAL_LABEL_CSV} --srp_context_impl stacked --srp_correction_chunk_size 0
fixed_projection	survival	KIRP	amplification_betaneg1	Amplification (beta=-1)	45			public	fixed_projection_kirp_amplification_betaneg1_s45	python -u slide_level_srp/train_survival.py --run_name fixed_projection_kirp_amplification_betaneg1_s45 --cohort KIRP --endpoint OS --split_mode global_seed_holdout --global_seed 45 --seed 45 --neighbor_shuffle_seed 45 --n_folds 5 --variant srp_patch_fixed_betaneg1 --out_dir ${GATEDSRP_COMPONENT_OUT:-runs/component_variants} --wandb_mode ${WANDB_MODE:-disabled} --epochs ${EPOCHS_TCGA_SURVIVAL:-20} --grad_accum ${GRAD_ACCUM_TCGA_SURVIVAL:-1} --base_lr ${LR_TCGA_SURVIVAL:-1e-4} --weight_decay ${WD_TCGA_SURVIVAL:-1e-5} --feature_root ${TCGA_FEATURE_ROOT:?set TCGA_FEATURE_ROOT} --feature_key ${TCGA_FEATURE_KEY:-features/uni_v2} --in_dim 1536 --label_csv ${TCGA_SURVIVAL_LABEL_CSV:?set TCGA_SURVIVAL_LABEL_CSV} --srp_context_impl stacked --srp_correction_chunk_size 0
fixed_projection	survival	KIRP	amplification_betaneg1	Amplification (beta=-1)	46			public	fixed_projection_kirp_amplification_betaneg1_s46	python -u slide_level_srp/train_survival.py --run_name fixed_projection_kirp_amplification_betaneg1_s46 --cohort KIRP --endpoint OS --split_mode global_seed_holdout --global_seed 46 --seed 46 --neighbor_shuffle_seed 46 --n_folds 5 --variant srp_patch_fixed_betaneg1 --out_dir ${GATEDSRP_COMPONENT_OUT:-runs/component_variants} --wandb_mode ${WANDB_MODE:-disabled} --epochs ${EPOCHS_TCGA_SURVIVAL:-20} --grad_accum ${GRAD_ACCUM_TCGA_SURVIVAL:-1} --base_lr ${LR_TCGA_SURVIVAL:-1e-4} --weight_decay ${WD_TCGA_SURVIVAL:-1e-5} --feature_root ${TCGA_FEATURE_ROOT:?set TCGA_FEATURE_ROOT} --feature_key ${TCGA_FEATURE_KEY:-features/uni_v2} --in_dim 1536 --label_csv ${TCGA_SURVIVAL_LABEL_CSV:?set TCGA_SURVIVAL_LABEL_CSV} --srp_context_impl stacked --srp_correction_chunk_size 0
fixed_projection	survival	KIRP	gated_srp	Gated SRP	42	2	32	public	fixed_projection_kirp_gated_srp_s42	python -u slide_level_srp/train_survival.py --run_name fixed_projection_kirp_gated_srp_s42 --cohort KIRP --endpoint OS --split_mode global_seed_holdout --global_seed 42 --seed 42 --neighbor_shuffle_seed 42 --n_folds 5 --variant srp_patch_signed_gated --out_dir ${GATEDSRP_COMPONENT_OUT:-runs/component_variants} --wandb_mode ${WANDB_MODE:-disabled} --epochs ${EPOCHS_TCGA_SURVIVAL:-20} --grad_accum ${GRAD_ACCUM_TCGA_SURVIVAL:-1} --base_lr ${LR_TCGA_SURVIVAL:-1e-4} --weight_decay ${WD_TCGA_SURVIVAL:-1e-5} --feature_root ${TCGA_FEATURE_ROOT:?set TCGA_FEATURE_ROOT} --feature_key ${TCGA_FEATURE_KEY:-features/uni_v2} --in_dim 1536 --delta_scale 2 --gate_hidden_dim 32 --gate_output_init zero --gate_activation tanh --gate_factorization full --label_csv ${TCGA_SURVIVAL_LABEL_CSV:?set TCGA_SURVIVAL_LABEL_CSV} --srp_context_impl stacked --srp_correction_chunk_size 0
fixed_projection	survival	KIRP	gated_srp	Gated SRP	43	2	32	public	fixed_projection_kirp_gated_srp_s43	python -u slide_level_srp/train_survival.py --run_name fixed_projection_kirp_gated_srp_s43 --cohort KIRP --endpoint OS --split_mode global_seed_holdout --global_seed 43 --seed 43 --neighbor_shuffle_seed 43 --n_folds 5 --variant srp_patch_signed_gated --out_dir ${GATEDSRP_COMPONENT_OUT:-runs/component_variants} --wandb_mode ${WANDB_MODE:-disabled} --epochs ${EPOCHS_TCGA_SURVIVAL:-20} --grad_accum ${GRAD_ACCUM_TCGA_SURVIVAL:-1} --base_lr ${LR_TCGA_SURVIVAL:-1e-4} --weight_decay ${WD_TCGA_SURVIVAL:-1e-5} --feature_root ${TCGA_FEATURE_ROOT:?set TCGA_FEATURE_ROOT} --feature_key ${TCGA_FEATURE_KEY:-features/uni_v2} --in_dim 1536 --delta_scale 2 --gate_hidden_dim 32 --gate_output_init zero --gate_activation tanh --gate_factorization full --label_csv ${TCGA_SURVIVAL_LABEL_CSV:?set TCGA_SURVIVAL_LABEL_CSV} --srp_context_impl stacked --srp_correction_chunk_size 0
fixed_projection	survival	KIRP	gated_srp	Gated SRP	44	2	32	public	fixed_projection_kirp_gated_srp_s44	python -u slide_level_srp/train_survival.py --run_name fixed_projection_kirp_gated_srp_s44 --cohort KIRP --endpoint OS --split_mode global_seed_holdout --global_seed 44 --seed 44 --neighbor_shuffle_seed 44 --n_folds 5 --variant srp_patch_signed_gated --out_dir ${GATEDSRP_COMPONENT_OUT:-runs/component_variants} --wandb_mode ${WANDB_MODE:-disabled} --epochs ${EPOCHS_TCGA_SURVIVAL:-20} --grad_accum ${GRAD_ACCUM_TCGA_SURVIVAL:-1} --base_lr ${LR_TCGA_SURVIVAL:-1e-4} --weight_decay ${WD_TCGA_SURVIVAL:-1e-5} --feature_root ${TCGA_FEATURE_ROOT:?set TCGA_FEATURE_ROOT} --feature_key ${TCGA_FEATURE_KEY:-features/uni_v2} --in_dim 1536 --delta_scale 2 --gate_hidden_dim 32 --gate_output_init zero --gate_activation tanh --gate_factorization full --label_csv ${TCGA_SURVIVAL_LABEL_CSV:?set TCGA_SURVIVAL_LABEL_CSV} --srp_context_impl stacked --srp_correction_chunk_size 0
fixed_projection	survival	KIRP	gated_srp	Gated SRP	45	2	32	public	fixed_projection_kirp_gated_srp_s45	python -u slide_level_srp/train_survival.py --run_name fixed_projection_kirp_gated_srp_s45 --cohort KIRP --endpoint OS --split_mode global_seed_holdout --global_seed 45 --seed 45 --neighbor_shuffle_seed 45 --n_folds 5 --variant srp_patch_signed_gated --out_dir ${GATEDSRP_COMPONENT_OUT:-runs/component_variants} --wandb_mode ${WANDB_MODE:-disabled} --epochs ${EPOCHS_TCGA_SURVIVAL:-20} --grad_accum ${GRAD_ACCUM_TCGA_SURVIVAL:-1} --base_lr ${LR_TCGA_SURVIVAL:-1e-4} --weight_decay ${WD_TCGA_SURVIVAL:-1e-5} --feature_root ${TCGA_FEATURE_ROOT:?set TCGA_FEATURE_ROOT} --feature_key ${TCGA_FEATURE_KEY:-features/uni_v2} --in_dim 1536 --delta_scale 2 --gate_hidden_dim 32 --gate_output_init zero --gate_activation tanh --gate_factorization full --label_csv ${TCGA_SURVIVAL_LABEL_CSV:?set TCGA_SURVIVAL_LABEL_CSV} --srp_context_impl stacked --srp_correction_chunk_size 0
fixed_projection	survival	KIRP	gated_srp	Gated SRP	46	2	32	public	fixed_projection_kirp_gated_srp_s46	python -u slide_level_srp/train_survival.py --run_name fixed_projection_kirp_gated_srp_s46 --cohort KIRP --endpoint OS --split_mode global_seed_holdout --global_seed 46 --seed 46 --neighbor_shuffle_seed 46 --n_folds 5 --variant srp_patch_signed_gated --out_dir ${GATEDSRP_COMPONENT_OUT:-runs/component_variants} --wandb_mode ${WANDB_MODE:-disabled} --epochs ${EPOCHS_TCGA_SURVIVAL:-20} --grad_accum ${GRAD_ACCUM_TCGA_SURVIVAL:-1} --base_lr ${LR_TCGA_SURVIVAL:-1e-4} --weight_decay ${WD_TCGA_SURVIVAL:-1e-5} --feature_root ${TCGA_FEATURE_ROOT:?set TCGA_FEATURE_ROOT} --feature_key ${TCGA_FEATURE_KEY:-features/uni_v2} --in_dim 1536 --delta_scale 2 --gate_hidden_dim 32 --gate_output_init zero --gate_activation tanh --gate_factorization full --label_csv ${TCGA_SURVIVAL_LABEL_CSV:?set TCGA_SURVIVAL_LABEL_CSV} --srp_context_impl stacked --srp_correction_chunk_size 0
fixed_projection	survival	LUAD	base_beta0	Base Attention (beta=0)	42			public	fixed_projection_luad_base_beta0_s42	python -u slide_level_srp/train_survival.py --run_name fixed_projection_luad_base_beta0_s42 --cohort LUAD --endpoint OS --split_mode global_seed_holdout --global_seed 42 --seed 42 --neighbor_shuffle_seed 42 --n_folds 5 --variant baseline --out_dir ${GATEDSRP_COMPONENT_OUT:-runs/component_variants} --wandb_mode ${WANDB_MODE:-disabled} --epochs ${EPOCHS_TCGA_SURVIVAL:-20} --grad_accum ${GRAD_ACCUM_TCGA_SURVIVAL:-1} --base_lr ${LR_TCGA_SURVIVAL:-1e-4} --weight_decay ${WD_TCGA_SURVIVAL:-1e-5} --feature_root ${TCGA_FEATURE_ROOT:?set TCGA_FEATURE_ROOT} --feature_key ${TCGA_FEATURE_KEY:-features/uni_v2} --in_dim 1536 --label_csv ${TCGA_SURVIVAL_LABEL_CSV:?set TCGA_SURVIVAL_LABEL_CSV}
fixed_projection	survival	LUAD	base_beta0	Base Attention (beta=0)	43			public	fixed_projection_luad_base_beta0_s43	python -u slide_level_srp/train_survival.py --run_name fixed_projection_luad_base_beta0_s43 --cohort LUAD --endpoint OS --split_mode global_seed_holdout --global_seed 43 --seed 43 --neighbor_shuffle_seed 43 --n_folds 5 --variant baseline --out_dir ${GATEDSRP_COMPONENT_OUT:-runs/component_variants} --wandb_mode ${WANDB_MODE:-disabled} --epochs ${EPOCHS_TCGA_SURVIVAL:-20} --grad_accum ${GRAD_ACCUM_TCGA_SURVIVAL:-1} --base_lr ${LR_TCGA_SURVIVAL:-1e-4} --weight_decay ${WD_TCGA_SURVIVAL:-1e-5} --feature_root ${TCGA_FEATURE_ROOT:?set TCGA_FEATURE_ROOT} --feature_key ${TCGA_FEATURE_KEY:-features/uni_v2} --in_dim 1536 --label_csv ${TCGA_SURVIVAL_LABEL_CSV:?set TCGA_SURVIVAL_LABEL_CSV}
fixed_projection	survival	LUAD	base_beta0	Base Attention (beta=0)	44			public	fixed_projection_luad_base_beta0_s44	python -u slide_level_srp/train_survival.py --run_name fixed_projection_luad_base_beta0_s44 --cohort LUAD --endpoint OS --split_mode global_seed_holdout --global_seed 44 --seed 44 --neighbor_shuffle_seed 44 --n_folds 5 --variant baseline --out_dir ${GATEDSRP_COMPONENT_OUT:-runs/component_variants} --wandb_mode ${WANDB_MODE:-disabled} --epochs ${EPOCHS_TCGA_SURVIVAL:-20} --grad_accum ${GRAD_ACCUM_TCGA_SURVIVAL:-1} --base_lr ${LR_TCGA_SURVIVAL:-1e-4} --weight_decay ${WD_TCGA_SURVIVAL:-1e-5} --feature_root ${TCGA_FEATURE_ROOT:?set TCGA_FEATURE_ROOT} --feature_key ${TCGA_FEATURE_KEY:-features/uni_v2} --in_dim 1536 --label_csv ${TCGA_SURVIVAL_LABEL_CSV:?set TCGA_SURVIVAL_LABEL_CSV}
fixed_projection	survival	LUAD	base_beta0	Base Attention (beta=0)	45			public	fixed_projection_luad_base_beta0_s45	python -u slide_level_srp/train_survival.py --run_name fixed_projection_luad_base_beta0_s45 --cohort LUAD --endpoint OS --split_mode global_seed_holdout --global_seed 45 --seed 45 --neighbor_shuffle_seed 45 --n_folds 5 --variant baseline --out_dir ${GATEDSRP_COMPONENT_OUT:-runs/component_variants} --wandb_mode ${WANDB_MODE:-disabled} --epochs ${EPOCHS_TCGA_SURVIVAL:-20} --grad_accum ${GRAD_ACCUM_TCGA_SURVIVAL:-1} --base_lr ${LR_TCGA_SURVIVAL:-1e-4} --weight_decay ${WD_TCGA_SURVIVAL:-1e-5} --feature_root ${TCGA_FEATURE_ROOT:?set TCGA_FEATURE_ROOT} --feature_key ${TCGA_FEATURE_KEY:-features/uni_v2} --in_dim 1536 --label_csv ${TCGA_SURVIVAL_LABEL_CSV:?set TCGA_SURVIVAL_LABEL_CSV}
fixed_projection	survival	LUAD	base_beta0	Base Attention (beta=0)	46			public	fixed_projection_luad_base_beta0_s46	python -u slide_level_srp/train_survival.py --run_name fixed_projection_luad_base_beta0_s46 --cohort LUAD --endpoint OS --split_mode global_seed_holdout --global_seed 46 --seed 46 --neighbor_shuffle_seed 46 --n_folds 5 --variant baseline --out_dir ${GATEDSRP_COMPONENT_OUT:-runs/component_variants} --wandb_mode ${WANDB_MODE:-disabled} --epochs ${EPOCHS_TCGA_SURVIVAL:-20} --grad_accum ${GRAD_ACCUM_TCGA_SURVIVAL:-1} --base_lr ${LR_TCGA_SURVIVAL:-1e-4} --weight_decay ${WD_TCGA_SURVIVAL:-1e-5} --feature_root ${TCGA_FEATURE_ROOT:?set TCGA_FEATURE_ROOT} --feature_key ${TCGA_FEATURE_KEY:-features/uni_v2} --in_dim 1536 --label_csv ${TCGA_SURVIVAL_LABEL_CSV:?set TCGA_SURVIVAL_LABEL_CSV}
fixed_projection	survival	LUAD	projection_beta1	Projection (beta=1)	42			public	fixed_projection_luad_projection_beta1_s42	python -u slide_level_srp/train_survival.py --run_name fixed_projection_luad_projection_beta1_s42 --cohort LUAD --endpoint OS --split_mode global_seed_holdout --global_seed 42 --seed 42 --neighbor_shuffle_seed 42 --n_folds 5 --variant srp_patch_fixed_beta1 --out_dir ${GATEDSRP_COMPONENT_OUT:-runs/component_variants} --wandb_mode ${WANDB_MODE:-disabled} --epochs ${EPOCHS_TCGA_SURVIVAL:-20} --grad_accum ${GRAD_ACCUM_TCGA_SURVIVAL:-1} --base_lr ${LR_TCGA_SURVIVAL:-1e-4} --weight_decay ${WD_TCGA_SURVIVAL:-1e-5} --feature_root ${TCGA_FEATURE_ROOT:?set TCGA_FEATURE_ROOT} --feature_key ${TCGA_FEATURE_KEY:-features/uni_v2} --in_dim 1536 --label_csv ${TCGA_SURVIVAL_LABEL_CSV:?set TCGA_SURVIVAL_LABEL_CSV} --srp_context_impl stacked --srp_correction_chunk_size 0
fixed_projection	survival	LUAD	projection_beta1	Projection (beta=1)	43			public	fixed_projection_luad_projection_beta1_s43	python -u slide_level_srp/train_survival.py --run_name fixed_projection_luad_projection_beta1_s43 --cohort LUAD --endpoint OS --split_mode global_seed_holdout --global_seed 43 --seed 43 --neighbor_shuffle_seed 43 --n_folds 5 --variant srp_patch_fixed_beta1 --out_dir ${GATEDSRP_COMPONENT_OUT:-runs/component_variants} --wandb_mode ${WANDB_MODE:-disabled} --epochs ${EPOCHS_TCGA_SURVIVAL:-20} --grad_accum ${GRAD_ACCUM_TCGA_SURVIVAL:-1} --base_lr ${LR_TCGA_SURVIVAL:-1e-4} --weight_decay ${WD_TCGA_SURVIVAL:-1e-5} --feature_root ${TCGA_FEATURE_ROOT:?set TCGA_FEATURE_ROOT} --feature_key ${TCGA_FEATURE_KEY:-features/uni_v2} --in_dim 1536 --label_csv ${TCGA_SURVIVAL_LABEL_CSV:?set TCGA_SURVIVAL_LABEL_CSV} --srp_context_impl stacked --srp_correction_chunk_size 0
fixed_projection	survival	LUAD	projection_beta1	Projection (beta=1)	44			public	fixed_projection_luad_projection_beta1_s44	python -u slide_level_srp/train_survival.py --run_name fixed_projection_luad_projection_beta1_s44 --cohort LUAD --endpoint OS --split_mode global_seed_holdout --global_seed 44 --seed 44 --neighbor_shuffle_seed 44 --n_folds 5 --variant srp_patch_fixed_beta1 --out_dir ${GATEDSRP_COMPONENT_OUT:-runs/component_variants} --wandb_mode ${WANDB_MODE:-disabled} --epochs ${EPOCHS_TCGA_SURVIVAL:-20} --grad_accum ${GRAD_ACCUM_TCGA_SURVIVAL:-1} --base_lr ${LR_TCGA_SURVIVAL:-1e-4} --weight_decay ${WD_TCGA_SURVIVAL:-1e-5} --feature_root ${TCGA_FEATURE_ROOT:?set TCGA_FEATURE_ROOT} --feature_key ${TCGA_FEATURE_KEY:-features/uni_v2} --in_dim 1536 --label_csv ${TCGA_SURVIVAL_LABEL_CSV:?set TCGA_SURVIVAL_LABEL_CSV} --srp_context_impl stacked --srp_correction_chunk_size 0
fixed_projection	survival	LUAD	projection_beta1	Projection (beta=1)	45			public	fixed_projection_luad_projection_beta1_s45	python -u slide_level_srp/train_survival.py --run_name fixed_projection_luad_projection_beta1_s45 --cohort LUAD --endpoint OS --split_mode global_seed_holdout --global_seed 45 --seed 45 --neighbor_shuffle_seed 45 --n_folds 5 --variant srp_patch_fixed_beta1 --out_dir ${GATEDSRP_COMPONENT_OUT:-runs/component_variants} --wandb_mode ${WANDB_MODE:-disabled} --epochs ${EPOCHS_TCGA_SURVIVAL:-20} --grad_accum ${GRAD_ACCUM_TCGA_SURVIVAL:-1} --base_lr ${LR_TCGA_SURVIVAL:-1e-4} --weight_decay ${WD_TCGA_SURVIVAL:-1e-5} --feature_root ${TCGA_FEATURE_ROOT:?set TCGA_FEATURE_ROOT} --feature_key ${TCGA_FEATURE_KEY:-features/uni_v2} --in_dim 1536 --label_csv ${TCGA_SURVIVAL_LABEL_CSV:?set TCGA_SURVIVAL_LABEL_CSV} --srp_context_impl stacked --srp_correction_chunk_size 0
fixed_projection	survival	LUAD	projection_beta1	Projection (beta=1)	46			public	fixed_projection_luad_projection_beta1_s46	python -u slide_level_srp/train_survival.py --run_name fixed_projection_luad_projection_beta1_s46 --cohort LUAD --endpoint OS --split_mode global_seed_holdout --global_seed 46 --seed 46 --neighbor_shuffle_seed 46 --n_folds 5 --variant srp_patch_fixed_beta1 --out_dir ${GATEDSRP_COMPONENT_OUT:-runs/component_variants} --wandb_mode ${WANDB_MODE:-disabled} --epochs ${EPOCHS_TCGA_SURVIVAL:-20} --grad_accum ${GRAD_ACCUM_TCGA_SURVIVAL:-1} --base_lr ${LR_TCGA_SURVIVAL:-1e-4} --weight_decay ${WD_TCGA_SURVIVAL:-1e-5} --feature_root ${TCGA_FEATURE_ROOT:?set TCGA_FEATURE_ROOT} --feature_key ${TCGA_FEATURE_KEY:-features/uni_v2} --in_dim 1536 --label_csv ${TCGA_SURVIVAL_LABEL_CSV:?set TCGA_SURVIVAL_LABEL_CSV} --srp_context_impl stacked --srp_correction_chunk_size 0
fixed_projection	survival	LUAD	reflection_beta2	Reflection (beta=2)	42			public	fixed_projection_luad_reflection_beta2_s42	python -u slide_level_srp/train_survival.py --run_name fixed_projection_luad_reflection_beta2_s42 --cohort LUAD --endpoint OS --split_mode global_seed_holdout --global_seed 42 --seed 42 --neighbor_shuffle_seed 42 --n_folds 5 --variant srp_patch_fixed_beta2 --out_dir ${GATEDSRP_COMPONENT_OUT:-runs/component_variants} --wandb_mode ${WANDB_MODE:-disabled} --epochs ${EPOCHS_TCGA_SURVIVAL:-20} --grad_accum ${GRAD_ACCUM_TCGA_SURVIVAL:-1} --base_lr ${LR_TCGA_SURVIVAL:-1e-4} --weight_decay ${WD_TCGA_SURVIVAL:-1e-5} --feature_root ${TCGA_FEATURE_ROOT:?set TCGA_FEATURE_ROOT} --feature_key ${TCGA_FEATURE_KEY:-features/uni_v2} --in_dim 1536 --label_csv ${TCGA_SURVIVAL_LABEL_CSV:?set TCGA_SURVIVAL_LABEL_CSV} --srp_context_impl stacked --srp_correction_chunk_size 0
fixed_projection	survival	LUAD	reflection_beta2	Reflection (beta=2)	43			public	fixed_projection_luad_reflection_beta2_s43	python -u slide_level_srp/train_survival.py --run_name fixed_projection_luad_reflection_beta2_s43 --cohort LUAD --endpoint OS --split_mode global_seed_holdout --global_seed 43 --seed 43 --neighbor_shuffle_seed 43 --n_folds 5 --variant srp_patch_fixed_beta2 --out_dir ${GATEDSRP_COMPONENT_OUT:-runs/component_variants} --wandb_mode ${WANDB_MODE:-disabled} --epochs ${EPOCHS_TCGA_SURVIVAL:-20} --grad_accum ${GRAD_ACCUM_TCGA_SURVIVAL:-1} --base_lr ${LR_TCGA_SURVIVAL:-1e-4} --weight_decay ${WD_TCGA_SURVIVAL:-1e-5} --feature_root ${TCGA_FEATURE_ROOT:?set TCGA_FEATURE_ROOT} --feature_key ${TCGA_FEATURE_KEY:-features/uni_v2} --in_dim 1536 --label_csv ${TCGA_SURVIVAL_LABEL_CSV:?set TCGA_SURVIVAL_LABEL_CSV} --srp_context_impl stacked --srp_correction_chunk_size 0
fixed_projection	survival	LUAD	reflection_beta2	Reflection (beta=2)	44			public	fixed_projection_luad_reflection_beta2_s44	python -u slide_level_srp/train_survival.py --run_name fixed_projection_luad_reflection_beta2_s44 --cohort LUAD --endpoint OS --split_mode global_seed_holdout --global_seed 44 --seed 44 --neighbor_shuffle_seed 44 --n_folds 5 --variant srp_patch_fixed_beta2 --out_dir ${GATEDSRP_COMPONENT_OUT:-runs/component_variants} --wandb_mode ${WANDB_MODE:-disabled} --epochs ${EPOCHS_TCGA_SURVIVAL:-20} --grad_accum ${GRAD_ACCUM_TCGA_SURVIVAL:-1} --base_lr ${LR_TCGA_SURVIVAL:-1e-4} --weight_decay ${WD_TCGA_SURVIVAL:-1e-5} --feature_root ${TCGA_FEATURE_ROOT:?set TCGA_FEATURE_ROOT} --feature_key ${TCGA_FEATURE_KEY:-features/uni_v2} --in_dim 1536 --label_csv ${TCGA_SURVIVAL_LABEL_CSV:?set TCGA_SURVIVAL_LABEL_CSV} --srp_context_impl stacked --srp_correction_chunk_size 0
fixed_projection	survival	LUAD	reflection_beta2	Reflection (beta=2)	45			public	fixed_projection_luad_reflection_beta2_s45	python -u slide_level_srp/train_survival.py --run_name fixed_projection_luad_reflection_beta2_s45 --cohort LUAD --endpoint OS --split_mode global_seed_holdout --global_seed 45 --seed 45 --neighbor_shuffle_seed 45 --n_folds 5 --variant srp_patch_fixed_beta2 --out_dir ${GATEDSRP_COMPONENT_OUT:-runs/component_variants} --wandb_mode ${WANDB_MODE:-disabled} --epochs ${EPOCHS_TCGA_SURVIVAL:-20} --grad_accum ${GRAD_ACCUM_TCGA_SURVIVAL:-1} --base_lr ${LR_TCGA_SURVIVAL:-1e-4} --weight_decay ${WD_TCGA_SURVIVAL:-1e-5} --feature_root ${TCGA_FEATURE_ROOT:?set TCGA_FEATURE_ROOT} --feature_key ${TCGA_FEATURE_KEY:-features/uni_v2} --in_dim 1536 --label_csv ${TCGA_SURVIVAL_LABEL_CSV:?set TCGA_SURVIVAL_LABEL_CSV} --srp_context_impl stacked --srp_correction_chunk_size 0
fixed_projection	survival	LUAD	reflection_beta2	Reflection (beta=2)	46			public	fixed_projection_luad_reflection_beta2_s46	python -u slide_level_srp/train_survival.py --run_name fixed_projection_luad_reflection_beta2_s46 --cohort LUAD --endpoint OS --split_mode global_seed_holdout --global_seed 46 --seed 46 --neighbor_shuffle_seed 46 --n_folds 5 --variant srp_patch_fixed_beta2 --out_dir ${GATEDSRP_COMPONENT_OUT:-runs/component_variants} --wandb_mode ${WANDB_MODE:-disabled} --epochs ${EPOCHS_TCGA_SURVIVAL:-20} --grad_accum ${GRAD_ACCUM_TCGA_SURVIVAL:-1} --base_lr ${LR_TCGA_SURVIVAL:-1e-4} --weight_decay ${WD_TCGA_SURVIVAL:-1e-5} --feature_root ${TCGA_FEATURE_ROOT:?set TCGA_FEATURE_ROOT} --feature_key ${TCGA_FEATURE_KEY:-features/uni_v2} --in_dim 1536 --label_csv ${TCGA_SURVIVAL_LABEL_CSV:?set TCGA_SURVIVAL_LABEL_CSV} --srp_context_impl stacked --srp_correction_chunk_size 0
fixed_projection	survival	LUAD	amplification_betaneg1	Amplification (beta=-1)	42			public	fixed_projection_luad_amplification_betaneg1_s42	python -u slide_level_srp/train_survival.py --run_name fixed_projection_luad_amplification_betaneg1_s42 --cohort LUAD --endpoint OS --split_mode global_seed_holdout --global_seed 42 --seed 42 --neighbor_shuffle_seed 42 --n_folds 5 --variant srp_patch_fixed_betaneg1 --out_dir ${GATEDSRP_COMPONENT_OUT:-runs/component_variants} --wandb_mode ${WANDB_MODE:-disabled} --epochs ${EPOCHS_TCGA_SURVIVAL:-20} --grad_accum ${GRAD_ACCUM_TCGA_SURVIVAL:-1} --base_lr ${LR_TCGA_SURVIVAL:-1e-4} --weight_decay ${WD_TCGA_SURVIVAL:-1e-5} --feature_root ${TCGA_FEATURE_ROOT:?set TCGA_FEATURE_ROOT} --feature_key ${TCGA_FEATURE_KEY:-features/uni_v2} --in_dim 1536 --label_csv ${TCGA_SURVIVAL_LABEL_CSV:?set TCGA_SURVIVAL_LABEL_CSV} --srp_context_impl stacked --srp_correction_chunk_size 0
fixed_projection	survival	LUAD	amplification_betaneg1	Amplification (beta=-1)	43			public	fixed_projection_luad_amplification_betaneg1_s43	python -u slide_level_srp/train_survival.py --run_name fixed_projection_luad_amplification_betaneg1_s43 --cohort LUAD --endpoint OS --split_mode global_seed_holdout --global_seed 43 --seed 43 --neighbor_shuffle_seed 43 --n_folds 5 --variant srp_patch_fixed_betaneg1 --out_dir ${GATEDSRP_COMPONENT_OUT:-runs/component_variants} --wandb_mode ${WANDB_MODE:-disabled} --epochs ${EPOCHS_TCGA_SURVIVAL:-20} --grad_accum ${GRAD_ACCUM_TCGA_SURVIVAL:-1} --base_lr ${LR_TCGA_SURVIVAL:-1e-4} --weight_decay ${WD_TCGA_SURVIVAL:-1e-5} --feature_root ${TCGA_FEATURE_ROOT:?set TCGA_FEATURE_ROOT} --feature_key ${TCGA_FEATURE_KEY:-features/uni_v2} --in_dim 1536 --label_csv ${TCGA_SURVIVAL_LABEL_CSV:?set TCGA_SURVIVAL_LABEL_CSV} --srp_context_impl stacked --srp_correction_chunk_size 0
fixed_projection	survival	LUAD	amplification_betaneg1	Amplification (beta=-1)	44			public	fixed_projection_luad_amplification_betaneg1_s44	python -u slide_level_srp/train_survival.py --run_name fixed_projection_luad_amplification_betaneg1_s44 --cohort LUAD --endpoint OS --split_mode global_seed_holdout --global_seed 44 --seed 44 --neighbor_shuffle_seed 44 --n_folds 5 --variant srp_patch_fixed_betaneg1 --out_dir ${GATEDSRP_COMPONENT_OUT:-runs/component_variants} --wandb_mode ${WANDB_MODE:-disabled} --epochs ${EPOCHS_TCGA_SURVIVAL:-20} --grad_accum ${GRAD_ACCUM_TCGA_SURVIVAL:-1} --base_lr ${LR_TCGA_SURVIVAL:-1e-4} --weight_decay ${WD_TCGA_SURVIVAL:-1e-5} --feature_root ${TCGA_FEATURE_ROOT:?set TCGA_FEATURE_ROOT} --feature_key ${TCGA_FEATURE_KEY:-features/uni_v2} --in_dim 1536 --label_csv ${TCGA_SURVIVAL_LABEL_CSV:?set TCGA_SURVIVAL_LABEL_CSV} --srp_context_impl stacked --srp_correction_chunk_size 0
fixed_projection	survival	LUAD	amplification_betaneg1	Amplification (beta=-1)	45			public	fixed_projection_luad_amplification_betaneg1_s45	python -u slide_level_srp/train_survival.py --run_name fixed_projection_luad_amplification_betaneg1_s45 --cohort LUAD --endpoint OS --split_mode global_seed_holdout --global_seed 45 --seed 45 --neighbor_shuffle_seed 45 --n_folds 5 --variant srp_patch_fixed_betaneg1 --out_dir ${GATEDSRP_COMPONENT_OUT:-runs/component_variants} --wandb_mode ${WANDB_MODE:-disabled} --epochs ${EPOCHS_TCGA_SURVIVAL:-20} --grad_accum ${GRAD_ACCUM_TCGA_SURVIVAL:-1} --base_lr ${LR_TCGA_SURVIVAL:-1e-4} --weight_decay ${WD_TCGA_SURVIVAL:-1e-5} --feature_root ${TCGA_FEATURE_ROOT:?set TCGA_FEATURE_ROOT} --feature_key ${TCGA_FEATURE_KEY:-features/uni_v2} --in_dim 1536 --label_csv ${TCGA_SURVIVAL_LABEL_CSV:?set TCGA_SURVIVAL_LABEL_CSV} --srp_context_impl stacked --srp_correction_chunk_size 0
fixed_projection	survival	LUAD	amplification_betaneg1	Amplification (beta=-1)	46			public	fixed_projection_luad_amplification_betaneg1_s46	python -u slide_level_srp/train_survival.py --run_name fixed_projection_luad_amplification_betaneg1_s46 --cohort LUAD --endpoint OS --split_mode global_seed_holdout --global_seed 46 --seed 46 --neighbor_shuffle_seed 46 --n_folds 5 --variant srp_patch_fixed_betaneg1 --out_dir ${GATEDSRP_COMPONENT_OUT:-runs/component_variants} --wandb_mode ${WANDB_MODE:-disabled} --epochs ${EPOCHS_TCGA_SURVIVAL:-20} --grad_accum ${GRAD_ACCUM_TCGA_SURVIVAL:-1} --base_lr ${LR_TCGA_SURVIVAL:-1e-4} --weight_decay ${WD_TCGA_SURVIVAL:-1e-5} --feature_root ${TCGA_FEATURE_ROOT:?set TCGA_FEATURE_ROOT} --feature_key ${TCGA_FEATURE_KEY:-features/uni_v2} --in_dim 1536 --label_csv ${TCGA_SURVIVAL_LABEL_CSV:?set TCGA_SURVIVAL_LABEL_CSV} --srp_context_impl stacked --srp_correction_chunk_size 0
fixed_projection	survival	LUAD	gated_srp	Gated SRP	42	1	128	public	fixed_projection_luad_gated_srp_s42	python -u slide_level_srp/train_survival.py --run_name fixed_projection_luad_gated_srp_s42 --cohort LUAD --endpoint OS --split_mode global_seed_holdout --global_seed 42 --seed 42 --neighbor_shuffle_seed 42 --n_folds 5 --variant srp_patch_signed_gated --out_dir ${GATEDSRP_COMPONENT_OUT:-runs/component_variants} --wandb_mode ${WANDB_MODE:-disabled} --epochs ${EPOCHS_TCGA_SURVIVAL:-20} --grad_accum ${GRAD_ACCUM_TCGA_SURVIVAL:-1} --base_lr ${LR_TCGA_SURVIVAL:-1e-4} --weight_decay ${WD_TCGA_SURVIVAL:-1e-5} --feature_root ${TCGA_FEATURE_ROOT:?set TCGA_FEATURE_ROOT} --feature_key ${TCGA_FEATURE_KEY:-features/uni_v2} --in_dim 1536 --delta_scale 1 --gate_hidden_dim 128 --gate_output_init zero --gate_activation tanh --gate_factorization full --label_csv ${TCGA_SURVIVAL_LABEL_CSV:?set TCGA_SURVIVAL_LABEL_CSV} --srp_context_impl stacked --srp_correction_chunk_size 0
fixed_projection	survival	LUAD	gated_srp	Gated SRP	43	1	128	public	fixed_projection_luad_gated_srp_s43	python -u slide_level_srp/train_survival.py --run_name fixed_projection_luad_gated_srp_s43 --cohort LUAD --endpoint OS --split_mode global_seed_holdout --global_seed 43 --seed 43 --neighbor_shuffle_seed 43 --n_folds 5 --variant srp_patch_signed_gated --out_dir ${GATEDSRP_COMPONENT_OUT:-runs/component_variants} --wandb_mode ${WANDB_MODE:-disabled} --epochs ${EPOCHS_TCGA_SURVIVAL:-20} --grad_accum ${GRAD_ACCUM_TCGA_SURVIVAL:-1} --base_lr ${LR_TCGA_SURVIVAL:-1e-4} --weight_decay ${WD_TCGA_SURVIVAL:-1e-5} --feature_root ${TCGA_FEATURE_ROOT:?set TCGA_FEATURE_ROOT} --feature_key ${TCGA_FEATURE_KEY:-features/uni_v2} --in_dim 1536 --delta_scale 1 --gate_hidden_dim 128 --gate_output_init zero --gate_activation tanh --gate_factorization full --label_csv ${TCGA_SURVIVAL_LABEL_CSV:?set TCGA_SURVIVAL_LABEL_CSV} --srp_context_impl stacked --srp_correction_chunk_size 0
fixed_projection	survival	LUAD	gated_srp	Gated SRP	44	1	128	public	fixed_projection_luad_gated_srp_s44	python -u slide_level_srp/train_survival.py --run_name fixed_projection_luad_gated_srp_s44 --cohort LUAD --endpoint OS --split_mode global_seed_holdout --global_seed 44 --seed 44 --neighbor_shuffle_seed 44 --n_folds 5 --variant srp_patch_signed_gated --out_dir ${GATEDSRP_COMPONENT_OUT:-runs/component_variants} --wandb_mode ${WANDB_MODE:-disabled} --epochs ${EPOCHS_TCGA_SURVIVAL:-20} --grad_accum ${GRAD_ACCUM_TCGA_SURVIVAL:-1} --base_lr ${LR_TCGA_SURVIVAL:-1e-4} --weight_decay ${WD_TCGA_SURVIVAL:-1e-5} --feature_root ${TCGA_FEATURE_ROOT:?set TCGA_FEATURE_ROOT} --feature_key ${TCGA_FEATURE_KEY:-features/uni_v2} --in_dim 1536 --delta_scale 1 --gate_hidden_dim 128 --gate_output_init zero --gate_activation tanh --gate_factorization full --label_csv ${TCGA_SURVIVAL_LABEL_CSV:?set TCGA_SURVIVAL_LABEL_CSV} --srp_context_impl stacked --srp_correction_chunk_size 0
fixed_projection	survival	LUAD	gated_srp	Gated SRP	45	1	128	public	fixed_projection_luad_gated_srp_s45	python -u slide_level_srp/train_survival.py --run_name fixed_projection_luad_gated_srp_s45 --cohort LUAD --endpoint OS --split_mode global_seed_holdout --global_seed 45 --seed 45 --neighbor_shuffle_seed 45 --n_folds 5 --variant srp_patch_signed_gated --out_dir ${GATEDSRP_COMPONENT_OUT:-runs/component_variants} --wandb_mode ${WANDB_MODE:-disabled} --epochs ${EPOCHS_TCGA_SURVIVAL:-20} --grad_accum ${GRAD_ACCUM_TCGA_SURVIVAL:-1} --base_lr ${LR_TCGA_SURVIVAL:-1e-4} --weight_decay ${WD_TCGA_SURVIVAL:-1e-5} --feature_root ${TCGA_FEATURE_ROOT:?set TCGA_FEATURE_ROOT} --feature_key ${TCGA_FEATURE_KEY:-features/uni_v2} --in_dim 1536 --delta_scale 1 --gate_hidden_dim 128 --gate_output_init zero --gate_activation tanh --gate_factorization full --label_csv ${TCGA_SURVIVAL_LABEL_CSV:?set TCGA_SURVIVAL_LABEL_CSV} --srp_context_impl stacked --srp_correction_chunk_size 0
fixed_projection	survival	LUAD	gated_srp	Gated SRP	46	1	128	public	fixed_projection_luad_gated_srp_s46	python -u slide_level_srp/train_survival.py --run_name fixed_projection_luad_gated_srp_s46 --cohort LUAD --endpoint OS --split_mode global_seed_holdout --global_seed 46 --seed 46 --neighbor_shuffle_seed 46 --n_folds 5 --variant srp_patch_signed_gated --out_dir ${GATEDSRP_COMPONENT_OUT:-runs/component_variants} --wandb_mode ${WANDB_MODE:-disabled} --epochs ${EPOCHS_TCGA_SURVIVAL:-20} --grad_accum ${GRAD_ACCUM_TCGA_SURVIVAL:-1} --base_lr ${LR_TCGA_SURVIVAL:-1e-4} --weight_decay ${WD_TCGA_SURVIVAL:-1e-5} --feature_root ${TCGA_FEATURE_ROOT:?set TCGA_FEATURE_ROOT} --feature_key ${TCGA_FEATURE_KEY:-features/uni_v2} --in_dim 1536 --delta_scale 1 --gate_hidden_dim 128 --gate_output_init zero --gate_activation tanh --gate_factorization full --label_csv ${TCGA_SURVIVAL_LABEL_CSV:?set TCGA_SURVIVAL_LABEL_CSV} --srp_context_impl stacked --srp_correction_chunk_size 0
fixed_projection	survival	STAD	base_beta0	Base Attention (beta=0)	42			public	fixed_projection_stad_base_beta0_s42	python -u slide_level_srp/train_survival.py --run_name fixed_projection_stad_base_beta0_s42 --cohort STAD --endpoint OS --split_mode global_seed_holdout --global_seed 42 --seed 42 --neighbor_shuffle_seed 42 --n_folds 5 --variant baseline --out_dir ${GATEDSRP_COMPONENT_OUT:-runs/component_variants} --wandb_mode ${WANDB_MODE:-disabled} --epochs ${EPOCHS_TCGA_SURVIVAL:-20} --grad_accum ${GRAD_ACCUM_TCGA_SURVIVAL:-1} --base_lr ${LR_TCGA_SURVIVAL:-1e-4} --weight_decay ${WD_TCGA_SURVIVAL:-1e-5} --feature_root ${TCGA_FEATURE_ROOT:?set TCGA_FEATURE_ROOT} --feature_key ${TCGA_FEATURE_KEY:-features/uni_v2} --in_dim 1536 --label_csv ${TCGA_SURVIVAL_LABEL_CSV:?set TCGA_SURVIVAL_LABEL_CSV}
fixed_projection	survival	STAD	base_beta0	Base Attention (beta=0)	43			public	fixed_projection_stad_base_beta0_s43	python -u slide_level_srp/train_survival.py --run_name fixed_projection_stad_base_beta0_s43 --cohort STAD --endpoint OS --split_mode global_seed_holdout --global_seed 43 --seed 43 --neighbor_shuffle_seed 43 --n_folds 5 --variant baseline --out_dir ${GATEDSRP_COMPONENT_OUT:-runs/component_variants} --wandb_mode ${WANDB_MODE:-disabled} --epochs ${EPOCHS_TCGA_SURVIVAL:-20} --grad_accum ${GRAD_ACCUM_TCGA_SURVIVAL:-1} --base_lr ${LR_TCGA_SURVIVAL:-1e-4} --weight_decay ${WD_TCGA_SURVIVAL:-1e-5} --feature_root ${TCGA_FEATURE_ROOT:?set TCGA_FEATURE_ROOT} --feature_key ${TCGA_FEATURE_KEY:-features/uni_v2} --in_dim 1536 --label_csv ${TCGA_SURVIVAL_LABEL_CSV:?set TCGA_SURVIVAL_LABEL_CSV}
fixed_projection	survival	STAD	base_beta0	Base Attention (beta=0)	44			public	fixed_projection_stad_base_beta0_s44	python -u slide_level_srp/train_survival.py --run_name fixed_projection_stad_base_beta0_s44 --cohort STAD --endpoint OS --split_mode global_seed_holdout --global_seed 44 --seed 44 --neighbor_shuffle_seed 44 --n_folds 5 --variant baseline --out_dir ${GATEDSRP_COMPONENT_OUT:-runs/component_variants} --wandb_mode ${WANDB_MODE:-disabled} --epochs ${EPOCHS_TCGA_SURVIVAL:-20} --grad_accum ${GRAD_ACCUM_TCGA_SURVIVAL:-1} --base_lr ${LR_TCGA_SURVIVAL:-1e-4} --weight_decay ${WD_TCGA_SURVIVAL:-1e-5} --feature_root ${TCGA_FEATURE_ROOT:?set TCGA_FEATURE_ROOT} --feature_key ${TCGA_FEATURE_KEY:-features/uni_v2} --in_dim 1536 --label_csv ${TCGA_SURVIVAL_LABEL_CSV:?set TCGA_SURVIVAL_LABEL_CSV}
fixed_projection	survival	STAD	base_beta0	Base Attention (beta=0)	45			public	fixed_projection_stad_base_beta0_s45	python -u slide_level_srp/train_survival.py --run_name fixed_projection_stad_base_beta0_s45 --cohort STAD --endpoint OS --split_mode global_seed_holdout --global_seed 45 --seed 45 --neighbor_shuffle_seed 45 --n_folds 5 --variant baseline --out_dir ${GATEDSRP_COMPONENT_OUT:-runs/component_variants} --wandb_mode ${WANDB_MODE:-disabled} --epochs ${EPOCHS_TCGA_SURVIVAL:-20} --grad_accum ${GRAD_ACCUM_TCGA_SURVIVAL:-1} --base_lr ${LR_TCGA_SURVIVAL:-1e-4} --weight_decay ${WD_TCGA_SURVIVAL:-1e-5} --feature_root ${TCGA_FEATURE_ROOT:?set TCGA_FEATURE_ROOT} --feature_key ${TCGA_FEATURE_KEY:-features/uni_v2} --in_dim 1536 --label_csv ${TCGA_SURVIVAL_LABEL_CSV:?set TCGA_SURVIVAL_LABEL_CSV}
fixed_projection	survival	STAD	base_beta0	Base Attention (beta=0)	46			public	fixed_projection_stad_base_beta0_s46	python -u slide_level_srp/train_survival.py --run_name fixed_projection_stad_base_beta0_s46 --cohort STAD --endpoint OS --split_mode global_seed_holdout --global_seed 46 --seed 46 --neighbor_shuffle_seed 46 --n_folds 5 --variant baseline --out_dir ${GATEDSRP_COMPONENT_OUT:-runs/component_variants} --wandb_mode ${WANDB_MODE:-disabled} --epochs ${EPOCHS_TCGA_SURVIVAL:-20} --grad_accum ${GRAD_ACCUM_TCGA_SURVIVAL:-1} --base_lr ${LR_TCGA_SURVIVAL:-1e-4} --weight_decay ${WD_TCGA_SURVIVAL:-1e-5} --feature_root ${TCGA_FEATURE_ROOT:?set TCGA_FEATURE_ROOT} --feature_key ${TCGA_FEATURE_KEY:-features/uni_v2} --in_dim 1536 --label_csv ${TCGA_SURVIVAL_LABEL_CSV:?set TCGA_SURVIVAL_LABEL_CSV}
fixed_projection	survival	STAD	projection_beta1	Projection (beta=1)	42			public	fixed_projection_stad_projection_beta1_s42	python -u slide_level_srp/train_survival.py --run_name fixed_projection_stad_projection_beta1_s42 --cohort STAD --endpoint OS --split_mode global_seed_holdout --global_seed 42 --seed 42 --neighbor_shuffle_seed 42 --n_folds 5 --variant srp_patch_fixed_beta1 --out_dir ${GATEDSRP_COMPONENT_OUT:-runs/component_variants} --wandb_mode ${WANDB_MODE:-disabled} --epochs ${EPOCHS_TCGA_SURVIVAL:-20} --grad_accum ${GRAD_ACCUM_TCGA_SURVIVAL:-1} --base_lr ${LR_TCGA_SURVIVAL:-1e-4} --weight_decay ${WD_TCGA_SURVIVAL:-1e-5} --feature_root ${TCGA_FEATURE_ROOT:?set TCGA_FEATURE_ROOT} --feature_key ${TCGA_FEATURE_KEY:-features/uni_v2} --in_dim 1536 --label_csv ${TCGA_SURVIVAL_LABEL_CSV:?set TCGA_SURVIVAL_LABEL_CSV} --srp_context_impl stacked --srp_correction_chunk_size 0
fixed_projection	survival	STAD	projection_beta1	Projection (beta=1)	43			public	fixed_projection_stad_projection_beta1_s43	python -u slide_level_srp/train_survival.py --run_name fixed_projection_stad_projection_beta1_s43 --cohort STAD --endpoint OS --split_mode global_seed_holdout --global_seed 43 --seed 43 --neighbor_shuffle_seed 43 --n_folds 5 --variant srp_patch_fixed_beta1 --out_dir ${GATEDSRP_COMPONENT_OUT:-runs/component_variants} --wandb_mode ${WANDB_MODE:-disabled} --epochs ${EPOCHS_TCGA_SURVIVAL:-20} --grad_accum ${GRAD_ACCUM_TCGA_SURVIVAL:-1} --base_lr ${LR_TCGA_SURVIVAL:-1e-4} --weight_decay ${WD_TCGA_SURVIVAL:-1e-5} --feature_root ${TCGA_FEATURE_ROOT:?set TCGA_FEATURE_ROOT} --feature_key ${TCGA_FEATURE_KEY:-features/uni_v2} --in_dim 1536 --label_csv ${TCGA_SURVIVAL_LABEL_CSV:?set TCGA_SURVIVAL_LABEL_CSV} --srp_context_impl stacked --srp_correction_chunk_size 0
fixed_projection	survival	STAD	projection_beta1	Projection (beta=1)	44			public	fixed_projection_stad_projection_beta1_s44	python -u slide_level_srp/train_survival.py --run_name fixed_projection_stad_projection_beta1_s44 --cohort STAD --endpoint OS --split_mode global_seed_holdout --global_seed 44 --seed 44 --neighbor_shuffle_seed 44 --n_folds 5 --variant srp_patch_fixed_beta1 --out_dir ${GATEDSRP_COMPONENT_OUT:-runs/component_variants} --wandb_mode ${WANDB_MODE:-disabled} --epochs ${EPOCHS_TCGA_SURVIVAL:-20} --grad_accum ${GRAD_ACCUM_TCGA_SURVIVAL:-1} --base_lr ${LR_TCGA_SURVIVAL:-1e-4} --weight_decay ${WD_TCGA_SURVIVAL:-1e-5} --feature_root ${TCGA_FEATURE_ROOT:?set TCGA_FEATURE_ROOT} --feature_key ${TCGA_FEATURE_KEY:-features/uni_v2} --in_dim 1536 --label_csv ${TCGA_SURVIVAL_LABEL_CSV:?set TCGA_SURVIVAL_LABEL_CSV} --srp_context_impl stacked --srp_correction_chunk_size 0
fixed_projection	survival	STAD	projection_beta1	Projection (beta=1)	45			public	fixed_projection_stad_projection_beta1_s45	python -u slide_level_srp/train_survival.py --run_name fixed_projection_stad_projection_beta1_s45 --cohort STAD --endpoint OS --split_mode global_seed_holdout --global_seed 45 --seed 45 --neighbor_shuffle_seed 45 --n_folds 5 --variant srp_patch_fixed_beta1 --out_dir ${GATEDSRP_COMPONENT_OUT:-runs/component_variants} --wandb_mode ${WANDB_MODE:-disabled} --epochs ${EPOCHS_TCGA_SURVIVAL:-20} --grad_accum ${GRAD_ACCUM_TCGA_SURVIVAL:-1} --base_lr ${LR_TCGA_SURVIVAL:-1e-4} --weight_decay ${WD_TCGA_SURVIVAL:-1e-5} --feature_root ${TCGA_FEATURE_ROOT:?set TCGA_FEATURE_ROOT} --feature_key ${TCGA_FEATURE_KEY:-features/uni_v2} --in_dim 1536 --label_csv ${TCGA_SURVIVAL_LABEL_CSV:?set TCGA_SURVIVAL_LABEL_CSV} --srp_context_impl stacked --srp_correction_chunk_size 0
fixed_projection	survival	STAD	projection_beta1	Projection (beta=1)	46			public	fixed_projection_stad_projection_beta1_s46	python -u slide_level_srp/train_survival.py --run_name fixed_projection_stad_projection_beta1_s46 --cohort STAD --endpoint OS --split_mode global_seed_holdout --global_seed 46 --seed 46 --neighbor_shuffle_seed 46 --n_folds 5 --variant srp_patch_fixed_beta1 --out_dir ${GATEDSRP_COMPONENT_OUT:-runs/component_variants} --wandb_mode ${WANDB_MODE:-disabled} --epochs ${EPOCHS_TCGA_SURVIVAL:-20} --grad_accum ${GRAD_ACCUM_TCGA_SURVIVAL:-1} --base_lr ${LR_TCGA_SURVIVAL:-1e-4} --weight_decay ${WD_TCGA_SURVIVAL:-1e-5} --feature_root ${TCGA_FEATURE_ROOT:?set TCGA_FEATURE_ROOT} --feature_key ${TCGA_FEATURE_KEY:-features/uni_v2} --in_dim 1536 --label_csv ${TCGA_SURVIVAL_LABEL_CSV:?set TCGA_SURVIVAL_LABEL_CSV} --srp_context_impl stacked --srp_correction_chunk_size 0
fixed_projection	survival	STAD	reflection_beta2	Reflection (beta=2)	42			public	fixed_projection_stad_reflection_beta2_s42	python -u slide_level_srp/train_survival.py --run_name fixed_projection_stad_reflection_beta2_s42 --cohort STAD --endpoint OS --split_mode global_seed_holdout --global_seed 42 --seed 42 --neighbor_shuffle_seed 42 --n_folds 5 --variant srp_patch_fixed_beta2 --out_dir ${GATEDSRP_COMPONENT_OUT:-runs/component_variants} --wandb_mode ${WANDB_MODE:-disabled} --epochs ${EPOCHS_TCGA_SURVIVAL:-20} --grad_accum ${GRAD_ACCUM_TCGA_SURVIVAL:-1} --base_lr ${LR_TCGA_SURVIVAL:-1e-4} --weight_decay ${WD_TCGA_SURVIVAL:-1e-5} --feature_root ${TCGA_FEATURE_ROOT:?set TCGA_FEATURE_ROOT} --feature_key ${TCGA_FEATURE_KEY:-features/uni_v2} --in_dim 1536 --label_csv ${TCGA_SURVIVAL_LABEL_CSV:?set TCGA_SURVIVAL_LABEL_CSV} --srp_context_impl stacked --srp_correction_chunk_size 0
fixed_projection	survival	STAD	reflection_beta2	Reflection (beta=2)	43			public	fixed_projection_stad_reflection_beta2_s43	python -u slide_level_srp/train_survival.py --run_name fixed_projection_stad_reflection_beta2_s43 --cohort STAD --endpoint OS --split_mode global_seed_holdout --global_seed 43 --seed 43 --neighbor_shuffle_seed 43 --n_folds 5 --variant srp_patch_fixed_beta2 --out_dir ${GATEDSRP_COMPONENT_OUT:-runs/component_variants} --wandb_mode ${WANDB_MODE:-disabled} --epochs ${EPOCHS_TCGA_SURVIVAL:-20} --grad_accum ${GRAD_ACCUM_TCGA_SURVIVAL:-1} --base_lr ${LR_TCGA_SURVIVAL:-1e-4} --weight_decay ${WD_TCGA_SURVIVAL:-1e-5} --feature_root ${TCGA_FEATURE_ROOT:?set TCGA_FEATURE_ROOT} --feature_key ${TCGA_FEATURE_KEY:-features/uni_v2} --in_dim 1536 --label_csv ${TCGA_SURVIVAL_LABEL_CSV:?set TCGA_SURVIVAL_LABEL_CSV} --srp_context_impl stacked --srp_correction_chunk_size 0
fixed_projection	survival	STAD	reflection_beta2	Reflection (beta=2)	44			public	fixed_projection_stad_reflection_beta2_s44	python -u slide_level_srp/train_survival.py --run_name fixed_projection_stad_reflection_beta2_s44 --cohort STAD --endpoint OS --split_mode global_seed_holdout --global_seed 44 --seed 44 --neighbor_shuffle_seed 44 --n_folds 5 --variant srp_patch_fixed_beta2 --out_dir ${GATEDSRP_COMPONENT_OUT:-runs/component_variants} --wandb_mode ${WANDB_MODE:-disabled} --epochs ${EPOCHS_TCGA_SURVIVAL:-20} --grad_accum ${GRAD_ACCUM_TCGA_SURVIVAL:-1} --base_lr ${LR_TCGA_SURVIVAL:-1e-4} --weight_decay ${WD_TCGA_SURVIVAL:-1e-5} --feature_root ${TCGA_FEATURE_ROOT:?set TCGA_FEATURE_ROOT} --feature_key ${TCGA_FEATURE_KEY:-features/uni_v2} --in_dim 1536 --label_csv ${TCGA_SURVIVAL_LABEL_CSV:?set TCGA_SURVIVAL_LABEL_CSV} --srp_context_impl stacked --srp_correction_chunk_size 0
fixed_projection	survival	STAD	reflection_beta2	Reflection (beta=2)	45			public	fixed_projection_stad_reflection_beta2_s45	python -u slide_level_srp/train_survival.py --run_name fixed_projection_stad_reflection_beta2_s45 --cohort STAD --endpoint OS --split_mode global_seed_holdout --global_seed 45 --seed 45 --neighbor_shuffle_seed 45 --n_folds 5 --variant srp_patch_fixed_beta2 --out_dir ${GATEDSRP_COMPONENT_OUT:-runs/component_variants} --wandb_mode ${WANDB_MODE:-disabled} --epochs ${EPOCHS_TCGA_SURVIVAL:-20} --grad_accum ${GRAD_ACCUM_TCGA_SURVIVAL:-1} --base_lr ${LR_TCGA_SURVIVAL:-1e-4} --weight_decay ${WD_TCGA_SURVIVAL:-1e-5} --feature_root ${TCGA_FEATURE_ROOT:?set TCGA_FEATURE_ROOT} --feature_key ${TCGA_FEATURE_KEY:-features/uni_v2} --in_dim 1536 --label_csv ${TCGA_SURVIVAL_LABEL_CSV:?set TCGA_SURVIVAL_LABEL_CSV} --srp_context_impl stacked --srp_correction_chunk_size 0
fixed_projection	survival	STAD	reflection_beta2	Reflection (beta=2)	46			public	fixed_projection_stad_reflection_beta2_s46	python -u slide_level_srp/train_survival.py --run_name fixed_projection_stad_reflection_beta2_s46 --cohort STAD --endpoint OS --split_mode global_seed_holdout --global_seed 46 --seed 46 --neighbor_shuffle_seed 46 --n_folds 5 --variant srp_patch_fixed_beta2 --out_dir ${GATEDSRP_COMPONENT_OUT:-runs/component_variants} --wandb_mode ${WANDB_MODE:-disabled} --epochs ${EPOCHS_TCGA_SURVIVAL:-20} --grad_accum ${GRAD_ACCUM_TCGA_SURVIVAL:-1} --base_lr ${LR_TCGA_SURVIVAL:-1e-4} --weight_decay ${WD_TCGA_SURVIVAL:-1e-5} --feature_root ${TCGA_FEATURE_ROOT:?set TCGA_FEATURE_ROOT} --feature_key ${TCGA_FEATURE_KEY:-features/uni_v2} --in_dim 1536 --label_csv ${TCGA_SURVIVAL_LABEL_CSV:?set TCGA_SURVIVAL_LABEL_CSV} --srp_context_impl stacked --srp_correction_chunk_size 0
fixed_projection	survival	STAD	amplification_betaneg1	Amplification (beta=-1)	42			public	fixed_projection_stad_amplification_betaneg1_s42	python -u slide_level_srp/train_survival.py --run_name fixed_projection_stad_amplification_betaneg1_s42 --cohort STAD --endpoint OS --split_mode global_seed_holdout --global_seed 42 --seed 42 --neighbor_shuffle_seed 42 --n_folds 5 --variant srp_patch_fixed_betaneg1 --out_dir ${GATEDSRP_COMPONENT_OUT:-runs/component_variants} --wandb_mode ${WANDB_MODE:-disabled} --epochs ${EPOCHS_TCGA_SURVIVAL:-20} --grad_accum ${GRAD_ACCUM_TCGA_SURVIVAL:-1} --base_lr ${LR_TCGA_SURVIVAL:-1e-4} --weight_decay ${WD_TCGA_SURVIVAL:-1e-5} --feature_root ${TCGA_FEATURE_ROOT:?set TCGA_FEATURE_ROOT} --feature_key ${TCGA_FEATURE_KEY:-features/uni_v2} --in_dim 1536 --label_csv ${TCGA_SURVIVAL_LABEL_CSV:?set TCGA_SURVIVAL_LABEL_CSV} --srp_context_impl stacked --srp_correction_chunk_size 0
fixed_projection	survival	STAD	amplification_betaneg1	Amplification (beta=-1)	43			public	fixed_projection_stad_amplification_betaneg1_s43	python -u slide_level_srp/train_survival.py --run_name fixed_projection_stad_amplification_betaneg1_s43 --cohort STAD --endpoint OS --split_mode global_seed_holdout --global_seed 43 --seed 43 --neighbor_shuffle_seed 43 --n_folds 5 --variant srp_patch_fixed_betaneg1 --out_dir ${GATEDSRP_COMPONENT_OUT:-runs/component_variants} --wandb_mode ${WANDB_MODE:-disabled} --epochs ${EPOCHS_TCGA_SURVIVAL:-20} --grad_accum ${GRAD_ACCUM_TCGA_SURVIVAL:-1} --base_lr ${LR_TCGA_SURVIVAL:-1e-4} --weight_decay ${WD_TCGA_SURVIVAL:-1e-5} --feature_root ${TCGA_FEATURE_ROOT:?set TCGA_FEATURE_ROOT} --feature_key ${TCGA_FEATURE_KEY:-features/uni_v2} --in_dim 1536 --label_csv ${TCGA_SURVIVAL_LABEL_CSV:?set TCGA_SURVIVAL_LABEL_CSV} --srp_context_impl stacked --srp_correction_chunk_size 0
fixed_projection	survival	STAD	amplification_betaneg1	Amplification (beta=-1)	44			public	fixed_projection_stad_amplification_betaneg1_s44	python -u slide_level_srp/train_survival.py --run_name fixed_projection_stad_amplification_betaneg1_s44 --cohort STAD --endpoint OS --split_mode global_seed_holdout --global_seed 44 --seed 44 --neighbor_shuffle_seed 44 --n_folds 5 --variant srp_patch_fixed_betaneg1 --out_dir ${GATEDSRP_COMPONENT_OUT:-runs/component_variants} --wandb_mode ${WANDB_MODE:-disabled} --epochs ${EPOCHS_TCGA_SURVIVAL:-20} --grad_accum ${GRAD_ACCUM_TCGA_SURVIVAL:-1} --base_lr ${LR_TCGA_SURVIVAL:-1e-4} --weight_decay ${WD_TCGA_SURVIVAL:-1e-5} --feature_root ${TCGA_FEATURE_ROOT:?set TCGA_FEATURE_ROOT} --feature_key ${TCGA_FEATURE_KEY:-features/uni_v2} --in_dim 1536 --label_csv ${TCGA_SURVIVAL_LABEL_CSV:?set TCGA_SURVIVAL_LABEL_CSV} --srp_context_impl stacked --srp_correction_chunk_size 0
fixed_projection	survival	STAD	amplification_betaneg1	Amplification (beta=-1)	45			public	fixed_projection_stad_amplification_betaneg1_s45	python -u slide_level_srp/train_survival.py --run_name fixed_projection_stad_amplification_betaneg1_s45 --cohort STAD --endpoint OS --split_mode global_seed_holdout --global_seed 45 --seed 45 --neighbor_shuffle_seed 45 --n_folds 5 --variant srp_patch_fixed_betaneg1 --out_dir ${GATEDSRP_COMPONENT_OUT:-runs/component_variants} --wandb_mode ${WANDB_MODE:-disabled} --epochs ${EPOCHS_TCGA_SURVIVAL:-20} --grad_accum ${GRAD_ACCUM_TCGA_SURVIVAL:-1} --base_lr ${LR_TCGA_SURVIVAL:-1e-4} --weight_decay ${WD_TCGA_SURVIVAL:-1e-5} --feature_root ${TCGA_FEATURE_ROOT:?set TCGA_FEATURE_ROOT} --feature_key ${TCGA_FEATURE_KEY:-features/uni_v2} --in_dim 1536 --label_csv ${TCGA_SURVIVAL_LABEL_CSV:?set TCGA_SURVIVAL_LABEL_CSV} --srp_context_impl stacked --srp_correction_chunk_size 0
fixed_projection	survival	STAD	amplification_betaneg1	Amplification (beta=-1)	46			public	fixed_projection_stad_amplification_betaneg1_s46	python -u slide_level_srp/train_survival.py --run_name fixed_projection_stad_amplification_betaneg1_s46 --cohort STAD --endpoint OS --split_mode global_seed_holdout --global_seed 46 --seed 46 --neighbor_shuffle_seed 46 --n_folds 5 --variant srp_patch_fixed_betaneg1 --out_dir ${GATEDSRP_COMPONENT_OUT:-runs/component_variants} --wandb_mode ${WANDB_MODE:-disabled} --epochs ${EPOCHS_TCGA_SURVIVAL:-20} --grad_accum ${GRAD_ACCUM_TCGA_SURVIVAL:-1} --base_lr ${LR_TCGA_SURVIVAL:-1e-4} --weight_decay ${WD_TCGA_SURVIVAL:-1e-5} --feature_root ${TCGA_FEATURE_ROOT:?set TCGA_FEATURE_ROOT} --feature_key ${TCGA_FEATURE_KEY:-features/uni_v2} --in_dim 1536 --label_csv ${TCGA_SURVIVAL_LABEL_CSV:?set TCGA_SURVIVAL_LABEL_CSV} --srp_context_impl stacked --srp_correction_chunk_size 0
fixed_projection	survival	STAD	gated_srp	Gated SRP	42	0.5	128	public	fixed_projection_stad_gated_srp_s42	python -u slide_level_srp/train_survival.py --run_name fixed_projection_stad_gated_srp_s42 --cohort STAD --endpoint OS --split_mode global_seed_holdout --global_seed 42 --seed 42 --neighbor_shuffle_seed 42 --n_folds 5 --variant srp_patch_signed_gated --out_dir ${GATEDSRP_COMPONENT_OUT:-runs/component_variants} --wandb_mode ${WANDB_MODE:-disabled} --epochs ${EPOCHS_TCGA_SURVIVAL:-20} --grad_accum ${GRAD_ACCUM_TCGA_SURVIVAL:-1} --base_lr ${LR_TCGA_SURVIVAL:-1e-4} --weight_decay ${WD_TCGA_SURVIVAL:-1e-5} --feature_root ${TCGA_FEATURE_ROOT:?set TCGA_FEATURE_ROOT} --feature_key ${TCGA_FEATURE_KEY:-features/uni_v2} --in_dim 1536 --delta_scale 0.5 --gate_hidden_dim 128 --gate_output_init zero --gate_activation tanh --gate_factorization full --label_csv ${TCGA_SURVIVAL_LABEL_CSV:?set TCGA_SURVIVAL_LABEL_CSV} --srp_context_impl stacked --srp_correction_chunk_size 0
fixed_projection	survival	STAD	gated_srp	Gated SRP	43	0.5	128	public	fixed_projection_stad_gated_srp_s43	python -u slide_level_srp/train_survival.py --run_name fixed_projection_stad_gated_srp_s43 --cohort STAD --endpoint OS --split_mode global_seed_holdout --global_seed 43 --seed 43 --neighbor_shuffle_seed 43 --n_folds 5 --variant srp_patch_signed_gated --out_dir ${GATEDSRP_COMPONENT_OUT:-runs/component_variants} --wandb_mode ${WANDB_MODE:-disabled} --epochs ${EPOCHS_TCGA_SURVIVAL:-20} --grad_accum ${GRAD_ACCUM_TCGA_SURVIVAL:-1} --base_lr ${LR_TCGA_SURVIVAL:-1e-4} --weight_decay ${WD_TCGA_SURVIVAL:-1e-5} --feature_root ${TCGA_FEATURE_ROOT:?set TCGA_FEATURE_ROOT} --feature_key ${TCGA_FEATURE_KEY:-features/uni_v2} --in_dim 1536 --delta_scale 0.5 --gate_hidden_dim 128 --gate_output_init zero --gate_activation tanh --gate_factorization full --label_csv ${TCGA_SURVIVAL_LABEL_CSV:?set TCGA_SURVIVAL_LABEL_CSV} --srp_context_impl stacked --srp_correction_chunk_size 0
fixed_projection	survival	STAD	gated_srp	Gated SRP	44	0.5	128	public	fixed_projection_stad_gated_srp_s44	python -u slide_level_srp/train_survival.py --run_name fixed_projection_stad_gated_srp_s44 --cohort STAD --endpoint OS --split_mode global_seed_holdout --global_seed 44 --seed 44 --neighbor_shuffle_seed 44 --n_folds 5 --variant srp_patch_signed_gated --out_dir ${GATEDSRP_COMPONENT_OUT:-runs/component_variants} --wandb_mode ${WANDB_MODE:-disabled} --epochs ${EPOCHS_TCGA_SURVIVAL:-20} --grad_accum ${GRAD_ACCUM_TCGA_SURVIVAL:-1} --base_lr ${LR_TCGA_SURVIVAL:-1e-4} --weight_decay ${WD_TCGA_SURVIVAL:-1e-5} --feature_root ${TCGA_FEATURE_ROOT:?set TCGA_FEATURE_ROOT} --feature_key ${TCGA_FEATURE_KEY:-features/uni_v2} --in_dim 1536 --delta_scale 0.5 --gate_hidden_dim 128 --gate_output_init zero --gate_activation tanh --gate_factorization full --label_csv ${TCGA_SURVIVAL_LABEL_CSV:?set TCGA_SURVIVAL_LABEL_CSV} --srp_context_impl stacked --srp_correction_chunk_size 0
fixed_projection	survival	STAD	gated_srp	Gated SRP	45	0.5	128	public	fixed_projection_stad_gated_srp_s45	python -u slide_level_srp/train_survival.py --run_name fixed_projection_stad_gated_srp_s45 --cohort STAD --endpoint OS --split_mode global_seed_holdout --global_seed 45 --seed 45 --neighbor_shuffle_seed 45 --n_folds 5 --variant srp_patch_signed_gated --out_dir ${GATEDSRP_COMPONENT_OUT:-runs/component_variants} --wandb_mode ${WANDB_MODE:-disabled} --epochs ${EPOCHS_TCGA_SURVIVAL:-20} --grad_accum ${GRAD_ACCUM_TCGA_SURVIVAL:-1} --base_lr ${LR_TCGA_SURVIVAL:-1e-4} --weight_decay ${WD_TCGA_SURVIVAL:-1e-5} --feature_root ${TCGA_FEATURE_ROOT:?set TCGA_FEATURE_ROOT} --feature_key ${TCGA_FEATURE_KEY:-features/uni_v2} --in_dim 1536 --delta_scale 0.5 --gate_hidden_dim 128 --gate_output_init zero --gate_activation tanh --gate_factorization full --label_csv ${TCGA_SURVIVAL_LABEL_CSV:?set TCGA_SURVIVAL_LABEL_CSV} --srp_context_impl stacked --srp_correction_chunk_size 0
fixed_projection	survival	STAD	gated_srp	Gated SRP	46	0.5	128	public	fixed_projection_stad_gated_srp_s46	python -u slide_level_srp/train_survival.py --run_name fixed_projection_stad_gated_srp_s46 --cohort STAD --endpoint OS --split_mode global_seed_holdout --global_seed 46 --seed 46 --neighbor_shuffle_seed 46 --n_folds 5 --variant srp_patch_signed_gated --out_dir ${GATEDSRP_COMPONENT_OUT:-runs/component_variants} --wandb_mode ${WANDB_MODE:-disabled} --epochs ${EPOCHS_TCGA_SURVIVAL:-20} --grad_accum ${GRAD_ACCUM_TCGA_SURVIVAL:-1} --base_lr ${LR_TCGA_SURVIVAL:-1e-4} --weight_decay ${WD_TCGA_SURVIVAL:-1e-5} --feature_root ${TCGA_FEATURE_ROOT:?set TCGA_FEATURE_ROOT} --feature_key ${TCGA_FEATURE_KEY:-features/uni_v2} --in_dim 1536 --delta_scale 0.5 --gate_hidden_dim 128 --gate_output_init zero --gate_activation tanh --gate_factorization full --label_csv ${TCGA_SURVIVAL_LABEL_CSV:?set TCGA_SURVIVAL_LABEL_CSV} --srp_context_impl stacked --srp_correction_chunk_size 0
fixed_projection	classification	kgh	base_beta0	Base Attention (beta=0)	42			restricted	fixed_projection_kgh_base_beta0_s42	python -u slide_level_srp/train.py --run_name fixed_projection_kgh_base_beta0_s42 --dataset kgh --variant baseline --in_dim 1536 --num_classes 4 --split_mode global_seed_holdout --global_seed 42 --seed 42 --neighbor_shuffle_seed 42 --out_dir ${GATEDSRP_COMPONENT_OUT:-runs/component_variants} --wandb_mode ${WANDB_MODE:-disabled} --epochs ${EPOCHS_SLIDE:-15} --grad_accum ${GRAD_ACCUM:-16} --kgh_true_4class --feature_root ${KGH_FEATURE_ROOT:?set KGH_FEATURE_ROOT} --feature_key ${KGH_FEATURE_KEY:-features/uni_v2}
fixed_projection	classification	kgh	base_beta0	Base Attention (beta=0)	43			restricted	fixed_projection_kgh_base_beta0_s43	python -u slide_level_srp/train.py --run_name fixed_projection_kgh_base_beta0_s43 --dataset kgh --variant baseline --in_dim 1536 --num_classes 4 --split_mode global_seed_holdout --global_seed 43 --seed 43 --neighbor_shuffle_seed 43 --out_dir ${GATEDSRP_COMPONENT_OUT:-runs/component_variants} --wandb_mode ${WANDB_MODE:-disabled} --epochs ${EPOCHS_SLIDE:-15} --grad_accum ${GRAD_ACCUM:-16} --kgh_true_4class --feature_root ${KGH_FEATURE_ROOT:?set KGH_FEATURE_ROOT} --feature_key ${KGH_FEATURE_KEY:-features/uni_v2}
fixed_projection	classification	kgh	base_beta0	Base Attention (beta=0)	44			restricted	fixed_projection_kgh_base_beta0_s44	python -u slide_level_srp/train.py --run_name fixed_projection_kgh_base_beta0_s44 --dataset kgh --variant baseline --in_dim 1536 --num_classes 4 --split_mode global_seed_holdout --global_seed 44 --seed 44 --neighbor_shuffle_seed 44 --out_dir ${GATEDSRP_COMPONENT_OUT:-runs/component_variants} --wandb_mode ${WANDB_MODE:-disabled} --epochs ${EPOCHS_SLIDE:-15} --grad_accum ${GRAD_ACCUM:-16} --kgh_true_4class --feature_root ${KGH_FEATURE_ROOT:?set KGH_FEATURE_ROOT} --feature_key ${KGH_FEATURE_KEY:-features/uni_v2}
fixed_projection	classification	kgh	base_beta0	Base Attention (beta=0)	45			restricted	fixed_projection_kgh_base_beta0_s45	python -u slide_level_srp/train.py --run_name fixed_projection_kgh_base_beta0_s45 --dataset kgh --variant baseline --in_dim 1536 --num_classes 4 --split_mode global_seed_holdout --global_seed 45 --seed 45 --neighbor_shuffle_seed 45 --out_dir ${GATEDSRP_COMPONENT_OUT:-runs/component_variants} --wandb_mode ${WANDB_MODE:-disabled} --epochs ${EPOCHS_SLIDE:-15} --grad_accum ${GRAD_ACCUM:-16} --kgh_true_4class --feature_root ${KGH_FEATURE_ROOT:?set KGH_FEATURE_ROOT} --feature_key ${KGH_FEATURE_KEY:-features/uni_v2}
fixed_projection	classification	kgh	base_beta0	Base Attention (beta=0)	46			restricted	fixed_projection_kgh_base_beta0_s46	python -u slide_level_srp/train.py --run_name fixed_projection_kgh_base_beta0_s46 --dataset kgh --variant baseline --in_dim 1536 --num_classes 4 --split_mode global_seed_holdout --global_seed 46 --seed 46 --neighbor_shuffle_seed 46 --out_dir ${GATEDSRP_COMPONENT_OUT:-runs/component_variants} --wandb_mode ${WANDB_MODE:-disabled} --epochs ${EPOCHS_SLIDE:-15} --grad_accum ${GRAD_ACCUM:-16} --kgh_true_4class --feature_root ${KGH_FEATURE_ROOT:?set KGH_FEATURE_ROOT} --feature_key ${KGH_FEATURE_KEY:-features/uni_v2}
fixed_projection	classification	kgh	projection_beta1	Projection (beta=1)	42			restricted	fixed_projection_kgh_projection_beta1_s42	python -u slide_level_srp/train.py --run_name fixed_projection_kgh_projection_beta1_s42 --dataset kgh --variant srp_patch_fixed_beta1 --in_dim 1536 --num_classes 4 --split_mode global_seed_holdout --global_seed 42 --seed 42 --neighbor_shuffle_seed 42 --out_dir ${GATEDSRP_COMPONENT_OUT:-runs/component_variants} --wandb_mode ${WANDB_MODE:-disabled} --epochs ${EPOCHS_SLIDE:-15} --grad_accum ${GRAD_ACCUM:-16} --kgh_true_4class --feature_root ${KGH_FEATURE_ROOT:?set KGH_FEATURE_ROOT} --feature_key ${KGH_FEATURE_KEY:-features/uni_v2} --srp_context_impl stacked --srp_correction_chunk_size 0
fixed_projection	classification	kgh	projection_beta1	Projection (beta=1)	43			restricted	fixed_projection_kgh_projection_beta1_s43	python -u slide_level_srp/train.py --run_name fixed_projection_kgh_projection_beta1_s43 --dataset kgh --variant srp_patch_fixed_beta1 --in_dim 1536 --num_classes 4 --split_mode global_seed_holdout --global_seed 43 --seed 43 --neighbor_shuffle_seed 43 --out_dir ${GATEDSRP_COMPONENT_OUT:-runs/component_variants} --wandb_mode ${WANDB_MODE:-disabled} --epochs ${EPOCHS_SLIDE:-15} --grad_accum ${GRAD_ACCUM:-16} --kgh_true_4class --feature_root ${KGH_FEATURE_ROOT:?set KGH_FEATURE_ROOT} --feature_key ${KGH_FEATURE_KEY:-features/uni_v2} --srp_context_impl stacked --srp_correction_chunk_size 0
fixed_projection	classification	kgh	projection_beta1	Projection (beta=1)	44			restricted	fixed_projection_kgh_projection_beta1_s44	python -u slide_level_srp/train.py --run_name fixed_projection_kgh_projection_beta1_s44 --dataset kgh --variant srp_patch_fixed_beta1 --in_dim 1536 --num_classes 4 --split_mode global_seed_holdout --global_seed 44 --seed 44 --neighbor_shuffle_seed 44 --out_dir ${GATEDSRP_COMPONENT_OUT:-runs/component_variants} --wandb_mode ${WANDB_MODE:-disabled} --epochs ${EPOCHS_SLIDE:-15} --grad_accum ${GRAD_ACCUM:-16} --kgh_true_4class --feature_root ${KGH_FEATURE_ROOT:?set KGH_FEATURE_ROOT} --feature_key ${KGH_FEATURE_KEY:-features/uni_v2} --srp_context_impl stacked --srp_correction_chunk_size 0
fixed_projection	classification	kgh	projection_beta1	Projection (beta=1)	45			restricted	fixed_projection_kgh_projection_beta1_s45	python -u slide_level_srp/train.py --run_name fixed_projection_kgh_projection_beta1_s45 --dataset kgh --variant srp_patch_fixed_beta1 --in_dim 1536 --num_classes 4 --split_mode global_seed_holdout --global_seed 45 --seed 45 --neighbor_shuffle_seed 45 --out_dir ${GATEDSRP_COMPONENT_OUT:-runs/component_variants} --wandb_mode ${WANDB_MODE:-disabled} --epochs ${EPOCHS_SLIDE:-15} --grad_accum ${GRAD_ACCUM:-16} --kgh_true_4class --feature_root ${KGH_FEATURE_ROOT:?set KGH_FEATURE_ROOT} --feature_key ${KGH_FEATURE_KEY:-features/uni_v2} --srp_context_impl stacked --srp_correction_chunk_size 0
fixed_projection	classification	kgh	projection_beta1	Projection (beta=1)	46			restricted	fixed_projection_kgh_projection_beta1_s46	python -u slide_level_srp/train.py --run_name fixed_projection_kgh_projection_beta1_s46 --dataset kgh --variant srp_patch_fixed_beta1 --in_dim 1536 --num_classes 4 --split_mode global_seed_holdout --global_seed 46 --seed 46 --neighbor_shuffle_seed 46 --out_dir ${GATEDSRP_COMPONENT_OUT:-runs/component_variants} --wandb_mode ${WANDB_MODE:-disabled} --epochs ${EPOCHS_SLIDE:-15} --grad_accum ${GRAD_ACCUM:-16} --kgh_true_4class --feature_root ${KGH_FEATURE_ROOT:?set KGH_FEATURE_ROOT} --feature_key ${KGH_FEATURE_KEY:-features/uni_v2} --srp_context_impl stacked --srp_correction_chunk_size 0
fixed_projection	classification	kgh	reflection_beta2	Reflection (beta=2)	42			restricted	fixed_projection_kgh_reflection_beta2_s42	python -u slide_level_srp/train.py --run_name fixed_projection_kgh_reflection_beta2_s42 --dataset kgh --variant srp_patch_fixed_beta2 --in_dim 1536 --num_classes 4 --split_mode global_seed_holdout --global_seed 42 --seed 42 --neighbor_shuffle_seed 42 --out_dir ${GATEDSRP_COMPONENT_OUT:-runs/component_variants} --wandb_mode ${WANDB_MODE:-disabled} --epochs ${EPOCHS_SLIDE:-15} --grad_accum ${GRAD_ACCUM:-16} --kgh_true_4class --feature_root ${KGH_FEATURE_ROOT:?set KGH_FEATURE_ROOT} --feature_key ${KGH_FEATURE_KEY:-features/uni_v2} --srp_context_impl stacked --srp_correction_chunk_size 0
fixed_projection	classification	kgh	reflection_beta2	Reflection (beta=2)	43			restricted	fixed_projection_kgh_reflection_beta2_s43	python -u slide_level_srp/train.py --run_name fixed_projection_kgh_reflection_beta2_s43 --dataset kgh --variant srp_patch_fixed_beta2 --in_dim 1536 --num_classes 4 --split_mode global_seed_holdout --global_seed 43 --seed 43 --neighbor_shuffle_seed 43 --out_dir ${GATEDSRP_COMPONENT_OUT:-runs/component_variants} --wandb_mode ${WANDB_MODE:-disabled} --epochs ${EPOCHS_SLIDE:-15} --grad_accum ${GRAD_ACCUM:-16} --kgh_true_4class --feature_root ${KGH_FEATURE_ROOT:?set KGH_FEATURE_ROOT} --feature_key ${KGH_FEATURE_KEY:-features/uni_v2} --srp_context_impl stacked --srp_correction_chunk_size 0
fixed_projection	classification	kgh	reflection_beta2	Reflection (beta=2)	44			restricted	fixed_projection_kgh_reflection_beta2_s44	python -u slide_level_srp/train.py --run_name fixed_projection_kgh_reflection_beta2_s44 --dataset kgh --variant srp_patch_fixed_beta2 --in_dim 1536 --num_classes 4 --split_mode global_seed_holdout --global_seed 44 --seed 44 --neighbor_shuffle_seed 44 --out_dir ${GATEDSRP_COMPONENT_OUT:-runs/component_variants} --wandb_mode ${WANDB_MODE:-disabled} --epochs ${EPOCHS_SLIDE:-15} --grad_accum ${GRAD_ACCUM:-16} --kgh_true_4class --feature_root ${KGH_FEATURE_ROOT:?set KGH_FEATURE_ROOT} --feature_key ${KGH_FEATURE_KEY:-features/uni_v2} --srp_context_impl stacked --srp_correction_chunk_size 0
fixed_projection	classification	kgh	reflection_beta2	Reflection (beta=2)	45			restricted	fixed_projection_kgh_reflection_beta2_s45	python -u slide_level_srp/train.py --run_name fixed_projection_kgh_reflection_beta2_s45 --dataset kgh --variant srp_patch_fixed_beta2 --in_dim 1536 --num_classes 4 --split_mode global_seed_holdout --global_seed 45 --seed 45 --neighbor_shuffle_seed 45 --out_dir ${GATEDSRP_COMPONENT_OUT:-runs/component_variants} --wandb_mode ${WANDB_MODE:-disabled} --epochs ${EPOCHS_SLIDE:-15} --grad_accum ${GRAD_ACCUM:-16} --kgh_true_4class --feature_root ${KGH_FEATURE_ROOT:?set KGH_FEATURE_ROOT} --feature_key ${KGH_FEATURE_KEY:-features/uni_v2} --srp_context_impl stacked --srp_correction_chunk_size 0
fixed_projection	classification	kgh	reflection_beta2	Reflection (beta=2)	46			restricted	fixed_projection_kgh_reflection_beta2_s46	python -u slide_level_srp/train.py --run_name fixed_projection_kgh_reflection_beta2_s46 --dataset kgh --variant srp_patch_fixed_beta2 --in_dim 1536 --num_classes 4 --split_mode global_seed_holdout --global_seed 46 --seed 46 --neighbor_shuffle_seed 46 --out_dir ${GATEDSRP_COMPONENT_OUT:-runs/component_variants} --wandb_mode ${WANDB_MODE:-disabled} --epochs ${EPOCHS_SLIDE:-15} --grad_accum ${GRAD_ACCUM:-16} --kgh_true_4class --feature_root ${KGH_FEATURE_ROOT:?set KGH_FEATURE_ROOT} --feature_key ${KGH_FEATURE_KEY:-features/uni_v2} --srp_context_impl stacked --srp_correction_chunk_size 0
fixed_projection	classification	kgh	amplification_betaneg1	Amplification (beta=-1)	42			restricted	fixed_projection_kgh_amplification_betaneg1_s42	python -u slide_level_srp/train.py --run_name fixed_projection_kgh_amplification_betaneg1_s42 --dataset kgh --variant srp_patch_fixed_betaneg1 --in_dim 1536 --num_classes 4 --split_mode global_seed_holdout --global_seed 42 --seed 42 --neighbor_shuffle_seed 42 --out_dir ${GATEDSRP_COMPONENT_OUT:-runs/component_variants} --wandb_mode ${WANDB_MODE:-disabled} --epochs ${EPOCHS_SLIDE:-15} --grad_accum ${GRAD_ACCUM:-16} --kgh_true_4class --feature_root ${KGH_FEATURE_ROOT:?set KGH_FEATURE_ROOT} --feature_key ${KGH_FEATURE_KEY:-features/uni_v2} --srp_context_impl stacked --srp_correction_chunk_size 0
fixed_projection	classification	kgh	amplification_betaneg1	Amplification (beta=-1)	43			restricted	fixed_projection_kgh_amplification_betaneg1_s43	python -u slide_level_srp/train.py --run_name fixed_projection_kgh_amplification_betaneg1_s43 --dataset kgh --variant srp_patch_fixed_betaneg1 --in_dim 1536 --num_classes 4 --split_mode global_seed_holdout --global_seed 43 --seed 43 --neighbor_shuffle_seed 43 --out_dir ${GATEDSRP_COMPONENT_OUT:-runs/component_variants} --wandb_mode ${WANDB_MODE:-disabled} --epochs ${EPOCHS_SLIDE:-15} --grad_accum ${GRAD_ACCUM:-16} --kgh_true_4class --feature_root ${KGH_FEATURE_ROOT:?set KGH_FEATURE_ROOT} --feature_key ${KGH_FEATURE_KEY:-features/uni_v2} --srp_context_impl stacked --srp_correction_chunk_size 0
fixed_projection	classification	kgh	amplification_betaneg1	Amplification (beta=-1)	44			restricted	fixed_projection_kgh_amplification_betaneg1_s44	python -u slide_level_srp/train.py --run_name fixed_projection_kgh_amplification_betaneg1_s44 --dataset kgh --variant srp_patch_fixed_betaneg1 --in_dim 1536 --num_classes 4 --split_mode global_seed_holdout --global_seed 44 --seed 44 --neighbor_shuffle_seed 44 --out_dir ${GATEDSRP_COMPONENT_OUT:-runs/component_variants} --wandb_mode ${WANDB_MODE:-disabled} --epochs ${EPOCHS_SLIDE:-15} --grad_accum ${GRAD_ACCUM:-16} --kgh_true_4class --feature_root ${KGH_FEATURE_ROOT:?set KGH_FEATURE_ROOT} --feature_key ${KGH_FEATURE_KEY:-features/uni_v2} --srp_context_impl stacked --srp_correction_chunk_size 0
fixed_projection	classification	kgh	amplification_betaneg1	Amplification (beta=-1)	45			restricted	fixed_projection_kgh_amplification_betaneg1_s45	python -u slide_level_srp/train.py --run_name fixed_projection_kgh_amplification_betaneg1_s45 --dataset kgh --variant srp_patch_fixed_betaneg1 --in_dim 1536 --num_classes 4 --split_mode global_seed_holdout --global_seed 45 --seed 45 --neighbor_shuffle_seed 45 --out_dir ${GATEDSRP_COMPONENT_OUT:-runs/component_variants} --wandb_mode ${WANDB_MODE:-disabled} --epochs ${EPOCHS_SLIDE:-15} --grad_accum ${GRAD_ACCUM:-16} --kgh_true_4class --feature_root ${KGH_FEATURE_ROOT:?set KGH_FEATURE_ROOT} --feature_key ${KGH_FEATURE_KEY:-features/uni_v2} --srp_context_impl stacked --srp_correction_chunk_size 0
fixed_projection	classification	kgh	amplification_betaneg1	Amplification (beta=-1)	46			restricted	fixed_projection_kgh_amplification_betaneg1_s46	python -u slide_level_srp/train.py --run_name fixed_projection_kgh_amplification_betaneg1_s46 --dataset kgh --variant srp_patch_fixed_betaneg1 --in_dim 1536 --num_classes 4 --split_mode global_seed_holdout --global_seed 46 --seed 46 --neighbor_shuffle_seed 46 --out_dir ${GATEDSRP_COMPONENT_OUT:-runs/component_variants} --wandb_mode ${WANDB_MODE:-disabled} --epochs ${EPOCHS_SLIDE:-15} --grad_accum ${GRAD_ACCUM:-16} --kgh_true_4class --feature_root ${KGH_FEATURE_ROOT:?set KGH_FEATURE_ROOT} --feature_key ${KGH_FEATURE_KEY:-features/uni_v2} --srp_context_impl stacked --srp_correction_chunk_size 0
fixed_projection	classification	kgh	gated_srp	Gated SRP	42	1	64	restricted	fixed_projection_kgh_gated_srp_s42	python -u slide_level_srp/train.py --run_name fixed_projection_kgh_gated_srp_s42 --dataset kgh --variant srp_patch_signed_gated --in_dim 1536 --num_classes 4 --split_mode global_seed_holdout --global_seed 42 --seed 42 --neighbor_shuffle_seed 42 --out_dir ${GATEDSRP_COMPONENT_OUT:-runs/component_variants} --wandb_mode ${WANDB_MODE:-disabled} --epochs ${EPOCHS_SLIDE:-15} --grad_accum ${GRAD_ACCUM:-16} --kgh_true_4class --feature_root ${KGH_FEATURE_ROOT:?set KGH_FEATURE_ROOT} --feature_key ${KGH_FEATURE_KEY:-features/uni_v2} --delta_scale 1 --gate_hidden_dim 64 --gate_output_init zero --gate_activation tanh --gate_factorization full --srp_context_impl stacked --srp_correction_chunk_size 0
fixed_projection	classification	kgh	gated_srp	Gated SRP	43	1	64	restricted	fixed_projection_kgh_gated_srp_s43	python -u slide_level_srp/train.py --run_name fixed_projection_kgh_gated_srp_s43 --dataset kgh --variant srp_patch_signed_gated --in_dim 1536 --num_classes 4 --split_mode global_seed_holdout --global_seed 43 --seed 43 --neighbor_shuffle_seed 43 --out_dir ${GATEDSRP_COMPONENT_OUT:-runs/component_variants} --wandb_mode ${WANDB_MODE:-disabled} --epochs ${EPOCHS_SLIDE:-15} --grad_accum ${GRAD_ACCUM:-16} --kgh_true_4class --feature_root ${KGH_FEATURE_ROOT:?set KGH_FEATURE_ROOT} --feature_key ${KGH_FEATURE_KEY:-features/uni_v2} --delta_scale 1 --gate_hidden_dim 64 --gate_output_init zero --gate_activation tanh --gate_factorization full --srp_context_impl stacked --srp_correction_chunk_size 0
fixed_projection	classification	kgh	gated_srp	Gated SRP	44	1	64	restricted	fixed_projection_kgh_gated_srp_s44	python -u slide_level_srp/train.py --run_name fixed_projection_kgh_gated_srp_s44 --dataset kgh --variant srp_patch_signed_gated --in_dim 1536 --num_classes 4 --split_mode global_seed_holdout --global_seed 44 --seed 44 --neighbor_shuffle_seed 44 --out_dir ${GATEDSRP_COMPONENT_OUT:-runs/component_variants} --wandb_mode ${WANDB_MODE:-disabled} --epochs ${EPOCHS_SLIDE:-15} --grad_accum ${GRAD_ACCUM:-16} --kgh_true_4class --feature_root ${KGH_FEATURE_ROOT:?set KGH_FEATURE_ROOT} --feature_key ${KGH_FEATURE_KEY:-features/uni_v2} --delta_scale 1 --gate_hidden_dim 64 --gate_output_init zero --gate_activation tanh --gate_factorization full --srp_context_impl stacked --srp_correction_chunk_size 0
fixed_projection	classification	kgh	gated_srp	Gated SRP	45	1	64	restricted	fixed_projection_kgh_gated_srp_s45	python -u slide_level_srp/train.py --run_name fixed_projection_kgh_gated_srp_s45 --dataset kgh --variant srp_patch_signed_gated --in_dim 1536 --num_classes 4 --split_mode global_seed_holdout --global_seed 45 --seed 45 --neighbor_shuffle_seed 45 --out_dir ${GATEDSRP_COMPONENT_OUT:-runs/component_variants} --wandb_mode ${WANDB_MODE:-disabled} --epochs ${EPOCHS_SLIDE:-15} --grad_accum ${GRAD_ACCUM:-16} --kgh_true_4class --feature_root ${KGH_FEATURE_ROOT:?set KGH_FEATURE_ROOT} --feature_key ${KGH_FEATURE_KEY:-features/uni_v2} --delta_scale 1 --gate_hidden_dim 64 --gate_output_init zero --gate_activation tanh --gate_factorization full --srp_context_impl stacked --srp_correction_chunk_size 0
fixed_projection	classification	kgh	gated_srp	Gated SRP	46	1	64	restricted	fixed_projection_kgh_gated_srp_s46	python -u slide_level_srp/train.py --run_name fixed_projection_kgh_gated_srp_s46 --dataset kgh --variant srp_patch_signed_gated --in_dim 1536 --num_classes 4 --split_mode global_seed_holdout --global_seed 46 --seed 46 --neighbor_shuffle_seed 46 --out_dir ${GATEDSRP_COMPONENT_OUT:-runs/component_variants} --wandb_mode ${WANDB_MODE:-disabled} --epochs ${EPOCHS_SLIDE:-15} --grad_accum ${GRAD_ACCUM:-16} --kgh_true_4class --feature_root ${KGH_FEATURE_ROOT:?set KGH_FEATURE_ROOT} --feature_key ${KGH_FEATURE_KEY:-features/uni_v2} --delta_scale 1 --gate_hidden_dim 64 --gate_output_init zero --gate_activation tanh --gate_factorization full --srp_context_impl stacked --srp_correction_chunk_size 0
fixed_projection	classification	panda	base_beta0	Base Attention (beta=0)	42			public	fixed_projection_panda_base_beta0_s42	python -u -m slide_level_srp.train_panda --run_name fixed_projection_panda_base_beta0_s42 --arch transmil --mode baseline --split_mode global_seed_holdout --global_seed 42 --seed 42 --neighbor_shuffle_seed 42 --out_dir ${GATEDSRP_COMPONENT_OUT:-runs/component_variants} --wandb_mode ${WANDB_MODE:-disabled} --epochs ${EPOCHS_PANDA_TRANSMIL:-20} --grad_accum ${GRAD_ACCUM_PANDA_TRANSMIL:-16} --feature_root ${PANDA_FEATURE_ROOT:?set PANDA_FEATURE_ROOT}
fixed_projection	classification	panda	base_beta0	Base Attention (beta=0)	43			public	fixed_projection_panda_base_beta0_s43	python -u -m slide_level_srp.train_panda --run_name fixed_projection_panda_base_beta0_s43 --arch transmil --mode baseline --split_mode global_seed_holdout --global_seed 43 --seed 43 --neighbor_shuffle_seed 43 --out_dir ${GATEDSRP_COMPONENT_OUT:-runs/component_variants} --wandb_mode ${WANDB_MODE:-disabled} --epochs ${EPOCHS_PANDA_TRANSMIL:-20} --grad_accum ${GRAD_ACCUM_PANDA_TRANSMIL:-16} --feature_root ${PANDA_FEATURE_ROOT:?set PANDA_FEATURE_ROOT}
fixed_projection	classification	panda	base_beta0	Base Attention (beta=0)	44			public	fixed_projection_panda_base_beta0_s44	python -u -m slide_level_srp.train_panda --run_name fixed_projection_panda_base_beta0_s44 --arch transmil --mode baseline --split_mode global_seed_holdout --global_seed 44 --seed 44 --neighbor_shuffle_seed 44 --out_dir ${GATEDSRP_COMPONENT_OUT:-runs/component_variants} --wandb_mode ${WANDB_MODE:-disabled} --epochs ${EPOCHS_PANDA_TRANSMIL:-20} --grad_accum ${GRAD_ACCUM_PANDA_TRANSMIL:-16} --feature_root ${PANDA_FEATURE_ROOT:?set PANDA_FEATURE_ROOT}
fixed_projection	classification	panda	base_beta0	Base Attention (beta=0)	45			public	fixed_projection_panda_base_beta0_s45	python -u -m slide_level_srp.train_panda --run_name fixed_projection_panda_base_beta0_s45 --arch transmil --mode baseline --split_mode global_seed_holdout --global_seed 45 --seed 45 --neighbor_shuffle_seed 45 --out_dir ${GATEDSRP_COMPONENT_OUT:-runs/component_variants} --wandb_mode ${WANDB_MODE:-disabled} --epochs ${EPOCHS_PANDA_TRANSMIL:-20} --grad_accum ${GRAD_ACCUM_PANDA_TRANSMIL:-16} --feature_root ${PANDA_FEATURE_ROOT:?set PANDA_FEATURE_ROOT}
fixed_projection	classification	panda	base_beta0	Base Attention (beta=0)	46			public	fixed_projection_panda_base_beta0_s46	python -u -m slide_level_srp.train_panda --run_name fixed_projection_panda_base_beta0_s46 --arch transmil --mode baseline --split_mode global_seed_holdout --global_seed 46 --seed 46 --neighbor_shuffle_seed 46 --out_dir ${GATEDSRP_COMPONENT_OUT:-runs/component_variants} --wandb_mode ${WANDB_MODE:-disabled} --epochs ${EPOCHS_PANDA_TRANSMIL:-20} --grad_accum ${GRAD_ACCUM_PANDA_TRANSMIL:-16} --feature_root ${PANDA_FEATURE_ROOT:?set PANDA_FEATURE_ROOT}
fixed_projection	classification	panda	projection_beta1	Projection (beta=1)	42			public	fixed_projection_panda_projection_beta1_s42	python -u -m slide_level_srp.train_panda --run_name fixed_projection_panda_projection_beta1_s42 --arch transmil --mode srp_fixed_beta --split_mode global_seed_holdout --global_seed 42 --seed 42 --neighbor_shuffle_seed 42 --out_dir ${GATEDSRP_COMPONENT_OUT:-runs/component_variants} --wandb_mode ${WANDB_MODE:-disabled} --epochs ${EPOCHS_PANDA_TRANSMIL:-20} --grad_accum ${GRAD_ACCUM_PANDA_TRANSMIL:-16} --feature_root ${PANDA_FEATURE_ROOT:?set PANDA_FEATURE_ROOT} --srp_r_target knn8 --beta 1.0 --srp_context_impl stacked --srp_correction_chunk_size 0
fixed_projection	classification	panda	projection_beta1	Projection (beta=1)	43			public	fixed_projection_panda_projection_beta1_s43	python -u -m slide_level_srp.train_panda --run_name fixed_projection_panda_projection_beta1_s43 --arch transmil --mode srp_fixed_beta --split_mode global_seed_holdout --global_seed 43 --seed 43 --neighbor_shuffle_seed 43 --out_dir ${GATEDSRP_COMPONENT_OUT:-runs/component_variants} --wandb_mode ${WANDB_MODE:-disabled} --epochs ${EPOCHS_PANDA_TRANSMIL:-20} --grad_accum ${GRAD_ACCUM_PANDA_TRANSMIL:-16} --feature_root ${PANDA_FEATURE_ROOT:?set PANDA_FEATURE_ROOT} --srp_r_target knn8 --beta 1.0 --srp_context_impl stacked --srp_correction_chunk_size 0
fixed_projection	classification	panda	projection_beta1	Projection (beta=1)	44			public	fixed_projection_panda_projection_beta1_s44	python -u -m slide_level_srp.train_panda --run_name fixed_projection_panda_projection_beta1_s44 --arch transmil --mode srp_fixed_beta --split_mode global_seed_holdout --global_seed 44 --seed 44 --neighbor_shuffle_seed 44 --out_dir ${GATEDSRP_COMPONENT_OUT:-runs/component_variants} --wandb_mode ${WANDB_MODE:-disabled} --epochs ${EPOCHS_PANDA_TRANSMIL:-20} --grad_accum ${GRAD_ACCUM_PANDA_TRANSMIL:-16} --feature_root ${PANDA_FEATURE_ROOT:?set PANDA_FEATURE_ROOT} --srp_r_target knn8 --beta 1.0 --srp_context_impl stacked --srp_correction_chunk_size 0
fixed_projection	classification	panda	projection_beta1	Projection (beta=1)	45			public	fixed_projection_panda_projection_beta1_s45	python -u -m slide_level_srp.train_panda --run_name fixed_projection_panda_projection_beta1_s45 --arch transmil --mode srp_fixed_beta --split_mode global_seed_holdout --global_seed 45 --seed 45 --neighbor_shuffle_seed 45 --out_dir ${GATEDSRP_COMPONENT_OUT:-runs/component_variants} --wandb_mode ${WANDB_MODE:-disabled} --epochs ${EPOCHS_PANDA_TRANSMIL:-20} --grad_accum ${GRAD_ACCUM_PANDA_TRANSMIL:-16} --feature_root ${PANDA_FEATURE_ROOT:?set PANDA_FEATURE_ROOT} --srp_r_target knn8 --beta 1.0 --srp_context_impl stacked --srp_correction_chunk_size 0
fixed_projection	classification	panda	projection_beta1	Projection (beta=1)	46			public	fixed_projection_panda_projection_beta1_s46	python -u -m slide_level_srp.train_panda --run_name fixed_projection_panda_projection_beta1_s46 --arch transmil --mode srp_fixed_beta --split_mode global_seed_holdout --global_seed 46 --seed 46 --neighbor_shuffle_seed 46 --out_dir ${GATEDSRP_COMPONENT_OUT:-runs/component_variants} --wandb_mode ${WANDB_MODE:-disabled} --epochs ${EPOCHS_PANDA_TRANSMIL:-20} --grad_accum ${GRAD_ACCUM_PANDA_TRANSMIL:-16} --feature_root ${PANDA_FEATURE_ROOT:?set PANDA_FEATURE_ROOT} --srp_r_target knn8 --beta 1.0 --srp_context_impl stacked --srp_correction_chunk_size 0
fixed_projection	classification	panda	reflection_beta2	Reflection (beta=2)	42			public	fixed_projection_panda_reflection_beta2_s42	python -u -m slide_level_srp.train_panda --run_name fixed_projection_panda_reflection_beta2_s42 --arch transmil --mode srp_fixed_beta --split_mode global_seed_holdout --global_seed 42 --seed 42 --neighbor_shuffle_seed 42 --out_dir ${GATEDSRP_COMPONENT_OUT:-runs/component_variants} --wandb_mode ${WANDB_MODE:-disabled} --epochs ${EPOCHS_PANDA_TRANSMIL:-20} --grad_accum ${GRAD_ACCUM_PANDA_TRANSMIL:-16} --feature_root ${PANDA_FEATURE_ROOT:?set PANDA_FEATURE_ROOT} --srp_r_target knn8 --beta 2.0 --srp_context_impl stacked --srp_correction_chunk_size 0
fixed_projection	classification	panda	reflection_beta2	Reflection (beta=2)	43			public	fixed_projection_panda_reflection_beta2_s43	python -u -m slide_level_srp.train_panda --run_name fixed_projection_panda_reflection_beta2_s43 --arch transmil --mode srp_fixed_beta --split_mode global_seed_holdout --global_seed 43 --seed 43 --neighbor_shuffle_seed 43 --out_dir ${GATEDSRP_COMPONENT_OUT:-runs/component_variants} --wandb_mode ${WANDB_MODE:-disabled} --epochs ${EPOCHS_PANDA_TRANSMIL:-20} --grad_accum ${GRAD_ACCUM_PANDA_TRANSMIL:-16} --feature_root ${PANDA_FEATURE_ROOT:?set PANDA_FEATURE_ROOT} --srp_r_target knn8 --beta 2.0 --srp_context_impl stacked --srp_correction_chunk_size 0
fixed_projection	classification	panda	reflection_beta2	Reflection (beta=2)	44			public	fixed_projection_panda_reflection_beta2_s44	python -u -m slide_level_srp.train_panda --run_name fixed_projection_panda_reflection_beta2_s44 --arch transmil --mode srp_fixed_beta --split_mode global_seed_holdout --global_seed 44 --seed 44 --neighbor_shuffle_seed 44 --out_dir ${GATEDSRP_COMPONENT_OUT:-runs/component_variants} --wandb_mode ${WANDB_MODE:-disabled} --epochs ${EPOCHS_PANDA_TRANSMIL:-20} --grad_accum ${GRAD_ACCUM_PANDA_TRANSMIL:-16} --feature_root ${PANDA_FEATURE_ROOT:?set PANDA_FEATURE_ROOT} --srp_r_target knn8 --beta 2.0 --srp_context_impl stacked --srp_correction_chunk_size 0
fixed_projection	classification	panda	reflection_beta2	Reflection (beta=2)	45			public	fixed_projection_panda_reflection_beta2_s45	python -u -m slide_level_srp.train_panda --run_name fixed_projection_panda_reflection_beta2_s45 --arch transmil --mode srp_fixed_beta --split_mode global_seed_holdout --global_seed 45 --seed 45 --neighbor_shuffle_seed 45 --out_dir ${GATEDSRP_COMPONENT_OUT:-runs/component_variants} --wandb_mode ${WANDB_MODE:-disabled} --epochs ${EPOCHS_PANDA_TRANSMIL:-20} --grad_accum ${GRAD_ACCUM_PANDA_TRANSMIL:-16} --feature_root ${PANDA_FEATURE_ROOT:?set PANDA_FEATURE_ROOT} --srp_r_target knn8 --beta 2.0 --srp_context_impl stacked --srp_correction_chunk_size 0
fixed_projection	classification	panda	reflection_beta2	Reflection (beta=2)	46			public	fixed_projection_panda_reflection_beta2_s46	python -u -m slide_level_srp.train_panda --run_name fixed_projection_panda_reflection_beta2_s46 --arch transmil --mode srp_fixed_beta --split_mode global_seed_holdout --global_seed 46 --seed 46 --neighbor_shuffle_seed 46 --out_dir ${GATEDSRP_COMPONENT_OUT:-runs/component_variants} --wandb_mode ${WANDB_MODE:-disabled} --epochs ${EPOCHS_PANDA_TRANSMIL:-20} --grad_accum ${GRAD_ACCUM_PANDA_TRANSMIL:-16} --feature_root ${PANDA_FEATURE_ROOT:?set PANDA_FEATURE_ROOT} --srp_r_target knn8 --beta 2.0 --srp_context_impl stacked --srp_correction_chunk_size 0
fixed_projection	classification	panda	amplification_betaneg1	Amplification (beta=-1)	42			public	fixed_projection_panda_amplification_betaneg1_s42	python -u -m slide_level_srp.train_panda --run_name fixed_projection_panda_amplification_betaneg1_s42 --arch transmil --mode srp_fixed_beta --split_mode global_seed_holdout --global_seed 42 --seed 42 --neighbor_shuffle_seed 42 --out_dir ${GATEDSRP_COMPONENT_OUT:-runs/component_variants} --wandb_mode ${WANDB_MODE:-disabled} --epochs ${EPOCHS_PANDA_TRANSMIL:-20} --grad_accum ${GRAD_ACCUM_PANDA_TRANSMIL:-16} --feature_root ${PANDA_FEATURE_ROOT:?set PANDA_FEATURE_ROOT} --srp_r_target knn8 --beta -1.0 --srp_context_impl stacked --srp_correction_chunk_size 0
fixed_projection	classification	panda	amplification_betaneg1	Amplification (beta=-1)	43			public	fixed_projection_panda_amplification_betaneg1_s43	python -u -m slide_level_srp.train_panda --run_name fixed_projection_panda_amplification_betaneg1_s43 --arch transmil --mode srp_fixed_beta --split_mode global_seed_holdout --global_seed 43 --seed 43 --neighbor_shuffle_seed 43 --out_dir ${GATEDSRP_COMPONENT_OUT:-runs/component_variants} --wandb_mode ${WANDB_MODE:-disabled} --epochs ${EPOCHS_PANDA_TRANSMIL:-20} --grad_accum ${GRAD_ACCUM_PANDA_TRANSMIL:-16} --feature_root ${PANDA_FEATURE_ROOT:?set PANDA_FEATURE_ROOT} --srp_r_target knn8 --beta -1.0 --srp_context_impl stacked --srp_correction_chunk_size 0
fixed_projection	classification	panda	amplification_betaneg1	Amplification (beta=-1)	44			public	fixed_projection_panda_amplification_betaneg1_s44	python -u -m slide_level_srp.train_panda --run_name fixed_projection_panda_amplification_betaneg1_s44 --arch transmil --mode srp_fixed_beta --split_mode global_seed_holdout --global_seed 44 --seed 44 --neighbor_shuffle_seed 44 --out_dir ${GATEDSRP_COMPONENT_OUT:-runs/component_variants} --wandb_mode ${WANDB_MODE:-disabled} --epochs ${EPOCHS_PANDA_TRANSMIL:-20} --grad_accum ${GRAD_ACCUM_PANDA_TRANSMIL:-16} --feature_root ${PANDA_FEATURE_ROOT:?set PANDA_FEATURE_ROOT} --srp_r_target knn8 --beta -1.0 --srp_context_impl stacked --srp_correction_chunk_size 0
fixed_projection	classification	panda	amplification_betaneg1	Amplification (beta=-1)	45			public	fixed_projection_panda_amplification_betaneg1_s45	python -u -m slide_level_srp.train_panda --run_name fixed_projection_panda_amplification_betaneg1_s45 --arch transmil --mode srp_fixed_beta --split_mode global_seed_holdout --global_seed 45 --seed 45 --neighbor_shuffle_seed 45 --out_dir ${GATEDSRP_COMPONENT_OUT:-runs/component_variants} --wandb_mode ${WANDB_MODE:-disabled} --epochs ${EPOCHS_PANDA_TRANSMIL:-20} --grad_accum ${GRAD_ACCUM_PANDA_TRANSMIL:-16} --feature_root ${PANDA_FEATURE_ROOT:?set PANDA_FEATURE_ROOT} --srp_r_target knn8 --beta -1.0 --srp_context_impl stacked --srp_correction_chunk_size 0
fixed_projection	classification	panda	amplification_betaneg1	Amplification (beta=-1)	46			public	fixed_projection_panda_amplification_betaneg1_s46	python -u -m slide_level_srp.train_panda --run_name fixed_projection_panda_amplification_betaneg1_s46 --arch transmil --mode srp_fixed_beta --split_mode global_seed_holdout --global_seed 46 --seed 46 --neighbor_shuffle_seed 46 --out_dir ${GATEDSRP_COMPONENT_OUT:-runs/component_variants} --wandb_mode ${WANDB_MODE:-disabled} --epochs ${EPOCHS_PANDA_TRANSMIL:-20} --grad_accum ${GRAD_ACCUM_PANDA_TRANSMIL:-16} --feature_root ${PANDA_FEATURE_ROOT:?set PANDA_FEATURE_ROOT} --srp_r_target knn8 --beta -1.0 --srp_context_impl stacked --srp_correction_chunk_size 0
fixed_projection	classification	panda	gated_srp	Gated SRP	42	0.5	16	public	fixed_projection_panda_gated_srp_s42	python -u -m slide_level_srp.train_panda --run_name fixed_projection_panda_gated_srp_s42 --arch transmil --mode srp_signed_gated --split_mode global_seed_holdout --global_seed 42 --seed 42 --neighbor_shuffle_seed 42 --out_dir ${GATEDSRP_COMPONENT_OUT:-runs/component_variants} --wandb_mode ${WANDB_MODE:-disabled} --epochs ${EPOCHS_PANDA_TRANSMIL:-20} --grad_accum ${GRAD_ACCUM_PANDA_TRANSMIL:-16} --feature_root ${PANDA_FEATURE_ROOT:?set PANDA_FEATURE_ROOT} --delta_scale 0.5 --gate_hidden_dim 16 --gate_output_init zero --gate_activation tanh --gate_factorization full --srp_r_target knn8 --srp_context_impl stacked --srp_correction_chunk_size 0
fixed_projection	classification	panda	gated_srp	Gated SRP	43	0.5	16	public	fixed_projection_panda_gated_srp_s43	python -u -m slide_level_srp.train_panda --run_name fixed_projection_panda_gated_srp_s43 --arch transmil --mode srp_signed_gated --split_mode global_seed_holdout --global_seed 43 --seed 43 --neighbor_shuffle_seed 43 --out_dir ${GATEDSRP_COMPONENT_OUT:-runs/component_variants} --wandb_mode ${WANDB_MODE:-disabled} --epochs ${EPOCHS_PANDA_TRANSMIL:-20} --grad_accum ${GRAD_ACCUM_PANDA_TRANSMIL:-16} --feature_root ${PANDA_FEATURE_ROOT:?set PANDA_FEATURE_ROOT} --delta_scale 0.5 --gate_hidden_dim 16 --gate_output_init zero --gate_activation tanh --gate_factorization full --srp_r_target knn8 --srp_context_impl stacked --srp_correction_chunk_size 0
fixed_projection	classification	panda	gated_srp	Gated SRP	44	0.5	16	public	fixed_projection_panda_gated_srp_s44	python -u -m slide_level_srp.train_panda --run_name fixed_projection_panda_gated_srp_s44 --arch transmil --mode srp_signed_gated --split_mode global_seed_holdout --global_seed 44 --seed 44 --neighbor_shuffle_seed 44 --out_dir ${GATEDSRP_COMPONENT_OUT:-runs/component_variants} --wandb_mode ${WANDB_MODE:-disabled} --epochs ${EPOCHS_PANDA_TRANSMIL:-20} --grad_accum ${GRAD_ACCUM_PANDA_TRANSMIL:-16} --feature_root ${PANDA_FEATURE_ROOT:?set PANDA_FEATURE_ROOT} --delta_scale 0.5 --gate_hidden_dim 16 --gate_output_init zero --gate_activation tanh --gate_factorization full --srp_r_target knn8 --srp_context_impl stacked --srp_correction_chunk_size 0
fixed_projection	classification	panda	gated_srp	Gated SRP	45	0.5	16	public	fixed_projection_panda_gated_srp_s45	python -u -m slide_level_srp.train_panda --run_name fixed_projection_panda_gated_srp_s45 --arch transmil --mode srp_signed_gated --split_mode global_seed_holdout --global_seed 45 --seed 45 --neighbor_shuffle_seed 45 --out_dir ${GATEDSRP_COMPONENT_OUT:-runs/component_variants} --wandb_mode ${WANDB_MODE:-disabled} --epochs ${EPOCHS_PANDA_TRANSMIL:-20} --grad_accum ${GRAD_ACCUM_PANDA_TRANSMIL:-16} --feature_root ${PANDA_FEATURE_ROOT:?set PANDA_FEATURE_ROOT} --delta_scale 0.5 --gate_hidden_dim 16 --gate_output_init zero --gate_activation tanh --gate_factorization full --srp_r_target knn8 --srp_context_impl stacked --srp_correction_chunk_size 0
fixed_projection	classification	panda	gated_srp	Gated SRP	46	0.5	16	public	fixed_projection_panda_gated_srp_s46	python -u -m slide_level_srp.train_panda --run_name fixed_projection_panda_gated_srp_s46 --arch transmil --mode srp_signed_gated --split_mode global_seed_holdout --global_seed 46 --seed 46 --neighbor_shuffle_seed 46 --out_dir ${GATEDSRP_COMPONENT_OUT:-runs/component_variants} --wandb_mode ${WANDB_MODE:-disabled} --epochs ${EPOCHS_PANDA_TRANSMIL:-20} --grad_accum ${GRAD_ACCUM_PANDA_TRANSMIL:-16} --feature_root ${PANDA_FEATURE_ROOT:?set PANDA_FEATURE_ROOT} --delta_scale 0.5 --gate_hidden_dim 16 --gate_output_init zero --gate_activation tanh --gate_factorization full --srp_r_target knn8 --srp_context_impl stacked --srp_correction_chunk_size 0
fixed_projection	classification	bracs	base_beta0	Base Attention (beta=0)	42			public	fixed_projection_bracs_base_beta0_s42	python -u slide_level_srp/train.py --run_name fixed_projection_bracs_base_beta0_s42 --dataset bracs --variant baseline --in_dim 1536 --num_classes 7 --split_mode global_seed_holdout --global_seed 42 --seed 42 --neighbor_shuffle_seed 42 --out_dir ${GATEDSRP_COMPONENT_OUT:-runs/component_variants} --wandb_mode ${WANDB_MODE:-disabled} --epochs ${EPOCHS_SLIDE:-15} --grad_accum ${GRAD_ACCUM:-16} --feature_root ${BRACS_FEATURE_ROOT:?set BRACS_FEATURE_ROOT} --feature_key ${BRACS_FEATURE_KEY:-features/uni_v2}
fixed_projection	classification	bracs	base_beta0	Base Attention (beta=0)	43			public	fixed_projection_bracs_base_beta0_s43	python -u slide_level_srp/train.py --run_name fixed_projection_bracs_base_beta0_s43 --dataset bracs --variant baseline --in_dim 1536 --num_classes 7 --split_mode global_seed_holdout --global_seed 43 --seed 43 --neighbor_shuffle_seed 43 --out_dir ${GATEDSRP_COMPONENT_OUT:-runs/component_variants} --wandb_mode ${WANDB_MODE:-disabled} --epochs ${EPOCHS_SLIDE:-15} --grad_accum ${GRAD_ACCUM:-16} --feature_root ${BRACS_FEATURE_ROOT:?set BRACS_FEATURE_ROOT} --feature_key ${BRACS_FEATURE_KEY:-features/uni_v2}
fixed_projection	classification	bracs	base_beta0	Base Attention (beta=0)	44			public	fixed_projection_bracs_base_beta0_s44	python -u slide_level_srp/train.py --run_name fixed_projection_bracs_base_beta0_s44 --dataset bracs --variant baseline --in_dim 1536 --num_classes 7 --split_mode global_seed_holdout --global_seed 44 --seed 44 --neighbor_shuffle_seed 44 --out_dir ${GATEDSRP_COMPONENT_OUT:-runs/component_variants} --wandb_mode ${WANDB_MODE:-disabled} --epochs ${EPOCHS_SLIDE:-15} --grad_accum ${GRAD_ACCUM:-16} --feature_root ${BRACS_FEATURE_ROOT:?set BRACS_FEATURE_ROOT} --feature_key ${BRACS_FEATURE_KEY:-features/uni_v2}
fixed_projection	classification	bracs	base_beta0	Base Attention (beta=0)	45			public	fixed_projection_bracs_base_beta0_s45	python -u slide_level_srp/train.py --run_name fixed_projection_bracs_base_beta0_s45 --dataset bracs --variant baseline --in_dim 1536 --num_classes 7 --split_mode global_seed_holdout --global_seed 45 --seed 45 --neighbor_shuffle_seed 45 --out_dir ${GATEDSRP_COMPONENT_OUT:-runs/component_variants} --wandb_mode ${WANDB_MODE:-disabled} --epochs ${EPOCHS_SLIDE:-15} --grad_accum ${GRAD_ACCUM:-16} --feature_root ${BRACS_FEATURE_ROOT:?set BRACS_FEATURE_ROOT} --feature_key ${BRACS_FEATURE_KEY:-features/uni_v2}
fixed_projection	classification	bracs	base_beta0	Base Attention (beta=0)	46			public	fixed_projection_bracs_base_beta0_s46	python -u slide_level_srp/train.py --run_name fixed_projection_bracs_base_beta0_s46 --dataset bracs --variant baseline --in_dim 1536 --num_classes 7 --split_mode global_seed_holdout --global_seed 46 --seed 46 --neighbor_shuffle_seed 46 --out_dir ${GATEDSRP_COMPONENT_OUT:-runs/component_variants} --wandb_mode ${WANDB_MODE:-disabled} --epochs ${EPOCHS_SLIDE:-15} --grad_accum ${GRAD_ACCUM:-16} --feature_root ${BRACS_FEATURE_ROOT:?set BRACS_FEATURE_ROOT} --feature_key ${BRACS_FEATURE_KEY:-features/uni_v2}
fixed_projection	classification	bracs	projection_beta1	Projection (beta=1)	42			public	fixed_projection_bracs_projection_beta1_s42	python -u slide_level_srp/train.py --run_name fixed_projection_bracs_projection_beta1_s42 --dataset bracs --variant srp_patch_fixed_beta1 --in_dim 1536 --num_classes 7 --split_mode global_seed_holdout --global_seed 42 --seed 42 --neighbor_shuffle_seed 42 --out_dir ${GATEDSRP_COMPONENT_OUT:-runs/component_variants} --wandb_mode ${WANDB_MODE:-disabled} --epochs ${EPOCHS_SLIDE:-15} --grad_accum ${GRAD_ACCUM:-16} --feature_root ${BRACS_FEATURE_ROOT:?set BRACS_FEATURE_ROOT} --feature_key ${BRACS_FEATURE_KEY:-features/uni_v2} --srp_context_impl stacked --srp_correction_chunk_size 0
fixed_projection	classification	bracs	projection_beta1	Projection (beta=1)	43			public	fixed_projection_bracs_projection_beta1_s43	python -u slide_level_srp/train.py --run_name fixed_projection_bracs_projection_beta1_s43 --dataset bracs --variant srp_patch_fixed_beta1 --in_dim 1536 --num_classes 7 --split_mode global_seed_holdout --global_seed 43 --seed 43 --neighbor_shuffle_seed 43 --out_dir ${GATEDSRP_COMPONENT_OUT:-runs/component_variants} --wandb_mode ${WANDB_MODE:-disabled} --epochs ${EPOCHS_SLIDE:-15} --grad_accum ${GRAD_ACCUM:-16} --feature_root ${BRACS_FEATURE_ROOT:?set BRACS_FEATURE_ROOT} --feature_key ${BRACS_FEATURE_KEY:-features/uni_v2} --srp_context_impl stacked --srp_correction_chunk_size 0
fixed_projection	classification	bracs	projection_beta1	Projection (beta=1)	44			public	fixed_projection_bracs_projection_beta1_s44	python -u slide_level_srp/train.py --run_name fixed_projection_bracs_projection_beta1_s44 --dataset bracs --variant srp_patch_fixed_beta1 --in_dim 1536 --num_classes 7 --split_mode global_seed_holdout --global_seed 44 --seed 44 --neighbor_shuffle_seed 44 --out_dir ${GATEDSRP_COMPONENT_OUT:-runs/component_variants} --wandb_mode ${WANDB_MODE:-disabled} --epochs ${EPOCHS_SLIDE:-15} --grad_accum ${GRAD_ACCUM:-16} --feature_root ${BRACS_FEATURE_ROOT:?set BRACS_FEATURE_ROOT} --feature_key ${BRACS_FEATURE_KEY:-features/uni_v2} --srp_context_impl stacked --srp_correction_chunk_size 0
fixed_projection	classification	bracs	projection_beta1	Projection (beta=1)	45			public	fixed_projection_bracs_projection_beta1_s45	python -u slide_level_srp/train.py --run_name fixed_projection_bracs_projection_beta1_s45 --dataset bracs --variant srp_patch_fixed_beta1 --in_dim 1536 --num_classes 7 --split_mode global_seed_holdout --global_seed 45 --seed 45 --neighbor_shuffle_seed 45 --out_dir ${GATEDSRP_COMPONENT_OUT:-runs/component_variants} --wandb_mode ${WANDB_MODE:-disabled} --epochs ${EPOCHS_SLIDE:-15} --grad_accum ${GRAD_ACCUM:-16} --feature_root ${BRACS_FEATURE_ROOT:?set BRACS_FEATURE_ROOT} --feature_key ${BRACS_FEATURE_KEY:-features/uni_v2} --srp_context_impl stacked --srp_correction_chunk_size 0
fixed_projection	classification	bracs	projection_beta1	Projection (beta=1)	46			public	fixed_projection_bracs_projection_beta1_s46	python -u slide_level_srp/train.py --run_name fixed_projection_bracs_projection_beta1_s46 --dataset bracs --variant srp_patch_fixed_beta1 --in_dim 1536 --num_classes 7 --split_mode global_seed_holdout --global_seed 46 --seed 46 --neighbor_shuffle_seed 46 --out_dir ${GATEDSRP_COMPONENT_OUT:-runs/component_variants} --wandb_mode ${WANDB_MODE:-disabled} --epochs ${EPOCHS_SLIDE:-15} --grad_accum ${GRAD_ACCUM:-16} --feature_root ${BRACS_FEATURE_ROOT:?set BRACS_FEATURE_ROOT} --feature_key ${BRACS_FEATURE_KEY:-features/uni_v2} --srp_context_impl stacked --srp_correction_chunk_size 0
fixed_projection	classification	bracs	reflection_beta2	Reflection (beta=2)	42			public	fixed_projection_bracs_reflection_beta2_s42	python -u slide_level_srp/train.py --run_name fixed_projection_bracs_reflection_beta2_s42 --dataset bracs --variant srp_patch_fixed_beta2 --in_dim 1536 --num_classes 7 --split_mode global_seed_holdout --global_seed 42 --seed 42 --neighbor_shuffle_seed 42 --out_dir ${GATEDSRP_COMPONENT_OUT:-runs/component_variants} --wandb_mode ${WANDB_MODE:-disabled} --epochs ${EPOCHS_SLIDE:-15} --grad_accum ${GRAD_ACCUM:-16} --feature_root ${BRACS_FEATURE_ROOT:?set BRACS_FEATURE_ROOT} --feature_key ${BRACS_FEATURE_KEY:-features/uni_v2} --srp_context_impl stacked --srp_correction_chunk_size 0
fixed_projection	classification	bracs	reflection_beta2	Reflection (beta=2)	43			public	fixed_projection_bracs_reflection_beta2_s43	python -u slide_level_srp/train.py --run_name fixed_projection_bracs_reflection_beta2_s43 --dataset bracs --variant srp_patch_fixed_beta2 --in_dim 1536 --num_classes 7 --split_mode global_seed_holdout --global_seed 43 --seed 43 --neighbor_shuffle_seed 43 --out_dir ${GATEDSRP_COMPONENT_OUT:-runs/component_variants} --wandb_mode ${WANDB_MODE:-disabled} --epochs ${EPOCHS_SLIDE:-15} --grad_accum ${GRAD_ACCUM:-16} --feature_root ${BRACS_FEATURE_ROOT:?set BRACS_FEATURE_ROOT} --feature_key ${BRACS_FEATURE_KEY:-features/uni_v2} --srp_context_impl stacked --srp_correction_chunk_size 0
fixed_projection	classification	bracs	reflection_beta2	Reflection (beta=2)	44			public	fixed_projection_bracs_reflection_beta2_s44	python -u slide_level_srp/train.py --run_name fixed_projection_bracs_reflection_beta2_s44 --dataset bracs --variant srp_patch_fixed_beta2 --in_dim 1536 --num_classes 7 --split_mode global_seed_holdout --global_seed 44 --seed 44 --neighbor_shuffle_seed 44 --out_dir ${GATEDSRP_COMPONENT_OUT:-runs/component_variants} --wandb_mode ${WANDB_MODE:-disabled} --epochs ${EPOCHS_SLIDE:-15} --grad_accum ${GRAD_ACCUM:-16} --feature_root ${BRACS_FEATURE_ROOT:?set BRACS_FEATURE_ROOT} --feature_key ${BRACS_FEATURE_KEY:-features/uni_v2} --srp_context_impl stacked --srp_correction_chunk_size 0
fixed_projection	classification	bracs	reflection_beta2	Reflection (beta=2)	45			public	fixed_projection_bracs_reflection_beta2_s45	python -u slide_level_srp/train.py --run_name fixed_projection_bracs_reflection_beta2_s45 --dataset bracs --variant srp_patch_fixed_beta2 --in_dim 1536 --num_classes 7 --split_mode global_seed_holdout --global_seed 45 --seed 45 --neighbor_shuffle_seed 45 --out_dir ${GATEDSRP_COMPONENT_OUT:-runs/component_variants} --wandb_mode ${WANDB_MODE:-disabled} --epochs ${EPOCHS_SLIDE:-15} --grad_accum ${GRAD_ACCUM:-16} --feature_root ${BRACS_FEATURE_ROOT:?set BRACS_FEATURE_ROOT} --feature_key ${BRACS_FEATURE_KEY:-features/uni_v2} --srp_context_impl stacked --srp_correction_chunk_size 0
fixed_projection	classification	bracs	reflection_beta2	Reflection (beta=2)	46			public	fixed_projection_bracs_reflection_beta2_s46	python -u slide_level_srp/train.py --run_name fixed_projection_bracs_reflection_beta2_s46 --dataset bracs --variant srp_patch_fixed_beta2 --in_dim 1536 --num_classes 7 --split_mode global_seed_holdout --global_seed 46 --seed 46 --neighbor_shuffle_seed 46 --out_dir ${GATEDSRP_COMPONENT_OUT:-runs/component_variants} --wandb_mode ${WANDB_MODE:-disabled} --epochs ${EPOCHS_SLIDE:-15} --grad_accum ${GRAD_ACCUM:-16} --feature_root ${BRACS_FEATURE_ROOT:?set BRACS_FEATURE_ROOT} --feature_key ${BRACS_FEATURE_KEY:-features/uni_v2} --srp_context_impl stacked --srp_correction_chunk_size 0
fixed_projection	classification	bracs	amplification_betaneg1	Amplification (beta=-1)	42			public	fixed_projection_bracs_amplification_betaneg1_s42	python -u slide_level_srp/train.py --run_name fixed_projection_bracs_amplification_betaneg1_s42 --dataset bracs --variant srp_patch_fixed_betaneg1 --in_dim 1536 --num_classes 7 --split_mode global_seed_holdout --global_seed 42 --seed 42 --neighbor_shuffle_seed 42 --out_dir ${GATEDSRP_COMPONENT_OUT:-runs/component_variants} --wandb_mode ${WANDB_MODE:-disabled} --epochs ${EPOCHS_SLIDE:-15} --grad_accum ${GRAD_ACCUM:-16} --feature_root ${BRACS_FEATURE_ROOT:?set BRACS_FEATURE_ROOT} --feature_key ${BRACS_FEATURE_KEY:-features/uni_v2} --srp_context_impl stacked --srp_correction_chunk_size 0
fixed_projection	classification	bracs	amplification_betaneg1	Amplification (beta=-1)	43			public	fixed_projection_bracs_amplification_betaneg1_s43	python -u slide_level_srp/train.py --run_name fixed_projection_bracs_amplification_betaneg1_s43 --dataset bracs --variant srp_patch_fixed_betaneg1 --in_dim 1536 --num_classes 7 --split_mode global_seed_holdout --global_seed 43 --seed 43 --neighbor_shuffle_seed 43 --out_dir ${GATEDSRP_COMPONENT_OUT:-runs/component_variants} --wandb_mode ${WANDB_MODE:-disabled} --epochs ${EPOCHS_SLIDE:-15} --grad_accum ${GRAD_ACCUM:-16} --feature_root ${BRACS_FEATURE_ROOT:?set BRACS_FEATURE_ROOT} --feature_key ${BRACS_FEATURE_KEY:-features/uni_v2} --srp_context_impl stacked --srp_correction_chunk_size 0
fixed_projection	classification	bracs	amplification_betaneg1	Amplification (beta=-1)	44			public	fixed_projection_bracs_amplification_betaneg1_s44	python -u slide_level_srp/train.py --run_name fixed_projection_bracs_amplification_betaneg1_s44 --dataset bracs --variant srp_patch_fixed_betaneg1 --in_dim 1536 --num_classes 7 --split_mode global_seed_holdout --global_seed 44 --seed 44 --neighbor_shuffle_seed 44 --out_dir ${GATEDSRP_COMPONENT_OUT:-runs/component_variants} --wandb_mode ${WANDB_MODE:-disabled} --epochs ${EPOCHS_SLIDE:-15} --grad_accum ${GRAD_ACCUM:-16} --feature_root ${BRACS_FEATURE_ROOT:?set BRACS_FEATURE_ROOT} --feature_key ${BRACS_FEATURE_KEY:-features/uni_v2} --srp_context_impl stacked --srp_correction_chunk_size 0
fixed_projection	classification	bracs	amplification_betaneg1	Amplification (beta=-1)	45			public	fixed_projection_bracs_amplification_betaneg1_s45	python -u slide_level_srp/train.py --run_name fixed_projection_bracs_amplification_betaneg1_s45 --dataset bracs --variant srp_patch_fixed_betaneg1 --in_dim 1536 --num_classes 7 --split_mode global_seed_holdout --global_seed 45 --seed 45 --neighbor_shuffle_seed 45 --out_dir ${GATEDSRP_COMPONENT_OUT:-runs/component_variants} --wandb_mode ${WANDB_MODE:-disabled} --epochs ${EPOCHS_SLIDE:-15} --grad_accum ${GRAD_ACCUM:-16} --feature_root ${BRACS_FEATURE_ROOT:?set BRACS_FEATURE_ROOT} --feature_key ${BRACS_FEATURE_KEY:-features/uni_v2} --srp_context_impl stacked --srp_correction_chunk_size 0
fixed_projection	classification	bracs	amplification_betaneg1	Amplification (beta=-1)	46			public	fixed_projection_bracs_amplification_betaneg1_s46	python -u slide_level_srp/train.py --run_name fixed_projection_bracs_amplification_betaneg1_s46 --dataset bracs --variant srp_patch_fixed_betaneg1 --in_dim 1536 --num_classes 7 --split_mode global_seed_holdout --global_seed 46 --seed 46 --neighbor_shuffle_seed 46 --out_dir ${GATEDSRP_COMPONENT_OUT:-runs/component_variants} --wandb_mode ${WANDB_MODE:-disabled} --epochs ${EPOCHS_SLIDE:-15} --grad_accum ${GRAD_ACCUM:-16} --feature_root ${BRACS_FEATURE_ROOT:?set BRACS_FEATURE_ROOT} --feature_key ${BRACS_FEATURE_KEY:-features/uni_v2} --srp_context_impl stacked --srp_correction_chunk_size 0
fixed_projection	classification	bracs	gated_srp	Gated SRP	42	0.5	128	public	fixed_projection_bracs_gated_srp_s42	python -u slide_level_srp/train.py --run_name fixed_projection_bracs_gated_srp_s42 --dataset bracs --variant srp_patch_signed_gated --in_dim 1536 --num_classes 7 --split_mode global_seed_holdout --global_seed 42 --seed 42 --neighbor_shuffle_seed 42 --out_dir ${GATEDSRP_COMPONENT_OUT:-runs/component_variants} --wandb_mode ${WANDB_MODE:-disabled} --epochs ${EPOCHS_SLIDE:-15} --grad_accum ${GRAD_ACCUM:-16} --feature_root ${BRACS_FEATURE_ROOT:?set BRACS_FEATURE_ROOT} --feature_key ${BRACS_FEATURE_KEY:-features/uni_v2} --delta_scale 0.5 --gate_hidden_dim 128 --gate_output_init zero --gate_activation tanh --gate_factorization full --srp_context_impl stacked --srp_correction_chunk_size 0
fixed_projection	classification	bracs	gated_srp	Gated SRP	43	0.5	128	public	fixed_projection_bracs_gated_srp_s43	python -u slide_level_srp/train.py --run_name fixed_projection_bracs_gated_srp_s43 --dataset bracs --variant srp_patch_signed_gated --in_dim 1536 --num_classes 7 --split_mode global_seed_holdout --global_seed 43 --seed 43 --neighbor_shuffle_seed 43 --out_dir ${GATEDSRP_COMPONENT_OUT:-runs/component_variants} --wandb_mode ${WANDB_MODE:-disabled} --epochs ${EPOCHS_SLIDE:-15} --grad_accum ${GRAD_ACCUM:-16} --feature_root ${BRACS_FEATURE_ROOT:?set BRACS_FEATURE_ROOT} --feature_key ${BRACS_FEATURE_KEY:-features/uni_v2} --delta_scale 0.5 --gate_hidden_dim 128 --gate_output_init zero --gate_activation tanh --gate_factorization full --srp_context_impl stacked --srp_correction_chunk_size 0
fixed_projection	classification	bracs	gated_srp	Gated SRP	44	0.5	128	public	fixed_projection_bracs_gated_srp_s44	python -u slide_level_srp/train.py --run_name fixed_projection_bracs_gated_srp_s44 --dataset bracs --variant srp_patch_signed_gated --in_dim 1536 --num_classes 7 --split_mode global_seed_holdout --global_seed 44 --seed 44 --neighbor_shuffle_seed 44 --out_dir ${GATEDSRP_COMPONENT_OUT:-runs/component_variants} --wandb_mode ${WANDB_MODE:-disabled} --epochs ${EPOCHS_SLIDE:-15} --grad_accum ${GRAD_ACCUM:-16} --feature_root ${BRACS_FEATURE_ROOT:?set BRACS_FEATURE_ROOT} --feature_key ${BRACS_FEATURE_KEY:-features/uni_v2} --delta_scale 0.5 --gate_hidden_dim 128 --gate_output_init zero --gate_activation tanh --gate_factorization full --srp_context_impl stacked --srp_correction_chunk_size 0
fixed_projection	classification	bracs	gated_srp	Gated SRP	45	0.5	128	public	fixed_projection_bracs_gated_srp_s45	python -u slide_level_srp/train.py --run_name fixed_projection_bracs_gated_srp_s45 --dataset bracs --variant srp_patch_signed_gated --in_dim 1536 --num_classes 7 --split_mode global_seed_holdout --global_seed 45 --seed 45 --neighbor_shuffle_seed 45 --out_dir ${GATEDSRP_COMPONENT_OUT:-runs/component_variants} --wandb_mode ${WANDB_MODE:-disabled} --epochs ${EPOCHS_SLIDE:-15} --grad_accum ${GRAD_ACCUM:-16} --feature_root ${BRACS_FEATURE_ROOT:?set BRACS_FEATURE_ROOT} --feature_key ${BRACS_FEATURE_KEY:-features/uni_v2} --delta_scale 0.5 --gate_hidden_dim 128 --gate_output_init zero --gate_activation tanh --gate_factorization full --srp_context_impl stacked --srp_correction_chunk_size 0
fixed_projection	classification	bracs	gated_srp	Gated SRP	46	0.5	128	public	fixed_projection_bracs_gated_srp_s46	python -u slide_level_srp/train.py --run_name fixed_projection_bracs_gated_srp_s46 --dataset bracs --variant srp_patch_signed_gated --in_dim 1536 --num_classes 7 --split_mode global_seed_holdout --global_seed 46 --seed 46 --neighbor_shuffle_seed 46 --out_dir ${GATEDSRP_COMPONENT_OUT:-runs/component_variants} --wandb_mode ${WANDB_MODE:-disabled} --epochs ${EPOCHS_SLIDE:-15} --grad_accum ${GRAD_ACCUM:-16} --feature_root ${BRACS_FEATURE_ROOT:?set BRACS_FEATURE_ROOT} --feature_key ${BRACS_FEATURE_KEY:-features/uni_v2} --delta_scale 0.5 --gate_hidden_dim 128 --gate_output_init zero --gate_activation tanh --gate_factorization full --srp_context_impl stacked --srp_correction_chunk_size 0
gate_range	survival	KIRP	sigmoid01	Sigmoid [0,1]	42	2	32	public	gate_range_kirp_sigmoid01_s42	python -u slide_level_srp/train_survival.py --run_name gate_range_kirp_sigmoid01_s42 --cohort KIRP --endpoint OS --split_mode global_seed_holdout --global_seed 42 --seed 42 --neighbor_shuffle_seed 42 --n_folds 5 --variant srp_patch_signed_gated --out_dir ${GATEDSRP_COMPONENT_OUT:-runs/component_variants} --wandb_mode ${WANDB_MODE:-disabled} --epochs ${EPOCHS_TCGA_SURVIVAL:-20} --grad_accum ${GRAD_ACCUM_TCGA_SURVIVAL:-1} --base_lr ${LR_TCGA_SURVIVAL:-1e-4} --weight_decay ${WD_TCGA_SURVIVAL:-1e-5} --feature_root ${TCGA_FEATURE_ROOT:?set TCGA_FEATURE_ROOT} --feature_key ${TCGA_FEATURE_KEY:-features/uni_v2} --in_dim 1536 --delta_scale 2 --gate_hidden_dim 32 --gate_output_init zero --gate_factorization full --gate_activation sigmoid01 --label_csv ${TCGA_SURVIVAL_LABEL_CSV:?set TCGA_SURVIVAL_LABEL_CSV} --srp_context_impl stacked --srp_correction_chunk_size 0
gate_range	survival	KIRP	sigmoid01	Sigmoid [0,1]	43	2	32	public	gate_range_kirp_sigmoid01_s43	python -u slide_level_srp/train_survival.py --run_name gate_range_kirp_sigmoid01_s43 --cohort KIRP --endpoint OS --split_mode global_seed_holdout --global_seed 43 --seed 43 --neighbor_shuffle_seed 43 --n_folds 5 --variant srp_patch_signed_gated --out_dir ${GATEDSRP_COMPONENT_OUT:-runs/component_variants} --wandb_mode ${WANDB_MODE:-disabled} --epochs ${EPOCHS_TCGA_SURVIVAL:-20} --grad_accum ${GRAD_ACCUM_TCGA_SURVIVAL:-1} --base_lr ${LR_TCGA_SURVIVAL:-1e-4} --weight_decay ${WD_TCGA_SURVIVAL:-1e-5} --feature_root ${TCGA_FEATURE_ROOT:?set TCGA_FEATURE_ROOT} --feature_key ${TCGA_FEATURE_KEY:-features/uni_v2} --in_dim 1536 --delta_scale 2 --gate_hidden_dim 32 --gate_output_init zero --gate_factorization full --gate_activation sigmoid01 --label_csv ${TCGA_SURVIVAL_LABEL_CSV:?set TCGA_SURVIVAL_LABEL_CSV} --srp_context_impl stacked --srp_correction_chunk_size 0
gate_range	survival	KIRP	sigmoid01	Sigmoid [0,1]	44	2	32	public	gate_range_kirp_sigmoid01_s44	python -u slide_level_srp/train_survival.py --run_name gate_range_kirp_sigmoid01_s44 --cohort KIRP --endpoint OS --split_mode global_seed_holdout --global_seed 44 --seed 44 --neighbor_shuffle_seed 44 --n_folds 5 --variant srp_patch_signed_gated --out_dir ${GATEDSRP_COMPONENT_OUT:-runs/component_variants} --wandb_mode ${WANDB_MODE:-disabled} --epochs ${EPOCHS_TCGA_SURVIVAL:-20} --grad_accum ${GRAD_ACCUM_TCGA_SURVIVAL:-1} --base_lr ${LR_TCGA_SURVIVAL:-1e-4} --weight_decay ${WD_TCGA_SURVIVAL:-1e-5} --feature_root ${TCGA_FEATURE_ROOT:?set TCGA_FEATURE_ROOT} --feature_key ${TCGA_FEATURE_KEY:-features/uni_v2} --in_dim 1536 --delta_scale 2 --gate_hidden_dim 32 --gate_output_init zero --gate_factorization full --gate_activation sigmoid01 --label_csv ${TCGA_SURVIVAL_LABEL_CSV:?set TCGA_SURVIVAL_LABEL_CSV} --srp_context_impl stacked --srp_correction_chunk_size 0
gate_range	survival	KIRP	sigmoid01	Sigmoid [0,1]	45	2	32	public	gate_range_kirp_sigmoid01_s45	python -u slide_level_srp/train_survival.py --run_name gate_range_kirp_sigmoid01_s45 --cohort KIRP --endpoint OS --split_mode global_seed_holdout --global_seed 45 --seed 45 --neighbor_shuffle_seed 45 --n_folds 5 --variant srp_patch_signed_gated --out_dir ${GATEDSRP_COMPONENT_OUT:-runs/component_variants} --wandb_mode ${WANDB_MODE:-disabled} --epochs ${EPOCHS_TCGA_SURVIVAL:-20} --grad_accum ${GRAD_ACCUM_TCGA_SURVIVAL:-1} --base_lr ${LR_TCGA_SURVIVAL:-1e-4} --weight_decay ${WD_TCGA_SURVIVAL:-1e-5} --feature_root ${TCGA_FEATURE_ROOT:?set TCGA_FEATURE_ROOT} --feature_key ${TCGA_FEATURE_KEY:-features/uni_v2} --in_dim 1536 --delta_scale 2 --gate_hidden_dim 32 --gate_output_init zero --gate_factorization full --gate_activation sigmoid01 --label_csv ${TCGA_SURVIVAL_LABEL_CSV:?set TCGA_SURVIVAL_LABEL_CSV} --srp_context_impl stacked --srp_correction_chunk_size 0
gate_range	survival	KIRP	sigmoid01	Sigmoid [0,1]	46	2	32	public	gate_range_kirp_sigmoid01_s46	python -u slide_level_srp/train_survival.py --run_name gate_range_kirp_sigmoid01_s46 --cohort KIRP --endpoint OS --split_mode global_seed_holdout --global_seed 46 --seed 46 --neighbor_shuffle_seed 46 --n_folds 5 --variant srp_patch_signed_gated --out_dir ${GATEDSRP_COMPONENT_OUT:-runs/component_variants} --wandb_mode ${WANDB_MODE:-disabled} --epochs ${EPOCHS_TCGA_SURVIVAL:-20} --grad_accum ${GRAD_ACCUM_TCGA_SURVIVAL:-1} --base_lr ${LR_TCGA_SURVIVAL:-1e-4} --weight_decay ${WD_TCGA_SURVIVAL:-1e-5} --feature_root ${TCGA_FEATURE_ROOT:?set TCGA_FEATURE_ROOT} --feature_key ${TCGA_FEATURE_KEY:-features/uni_v2} --in_dim 1536 --delta_scale 2 --gate_hidden_dim 32 --gate_output_init zero --gate_factorization full --gate_activation sigmoid01 --label_csv ${TCGA_SURVIVAL_LABEL_CSV:?set TCGA_SURVIVAL_LABEL_CSV} --srp_context_impl stacked --srp_correction_chunk_size 0
gate_range	survival	KIRP	tanh_signed	Tanh [-1,1]	42	2	32	public	gate_range_kirp_tanh_signed_s42	python -u slide_level_srp/train_survival.py --run_name gate_range_kirp_tanh_signed_s42 --cohort KIRP --endpoint OS --split_mode global_seed_holdout --global_seed 42 --seed 42 --neighbor_shuffle_seed 42 --n_folds 5 --variant srp_patch_signed_gated --out_dir ${GATEDSRP_COMPONENT_OUT:-runs/component_variants} --wandb_mode ${WANDB_MODE:-disabled} --epochs ${EPOCHS_TCGA_SURVIVAL:-20} --grad_accum ${GRAD_ACCUM_TCGA_SURVIVAL:-1} --base_lr ${LR_TCGA_SURVIVAL:-1e-4} --weight_decay ${WD_TCGA_SURVIVAL:-1e-5} --feature_root ${TCGA_FEATURE_ROOT:?set TCGA_FEATURE_ROOT} --feature_key ${TCGA_FEATURE_KEY:-features/uni_v2} --in_dim 1536 --delta_scale 2 --gate_hidden_dim 32 --gate_output_init zero --gate_factorization full --gate_activation tanh --label_csv ${TCGA_SURVIVAL_LABEL_CSV:?set TCGA_SURVIVAL_LABEL_CSV} --srp_context_impl stacked --srp_correction_chunk_size 0
gate_range	survival	KIRP	tanh_signed	Tanh [-1,1]	43	2	32	public	gate_range_kirp_tanh_signed_s43	python -u slide_level_srp/train_survival.py --run_name gate_range_kirp_tanh_signed_s43 --cohort KIRP --endpoint OS --split_mode global_seed_holdout --global_seed 43 --seed 43 --neighbor_shuffle_seed 43 --n_folds 5 --variant srp_patch_signed_gated --out_dir ${GATEDSRP_COMPONENT_OUT:-runs/component_variants} --wandb_mode ${WANDB_MODE:-disabled} --epochs ${EPOCHS_TCGA_SURVIVAL:-20} --grad_accum ${GRAD_ACCUM_TCGA_SURVIVAL:-1} --base_lr ${LR_TCGA_SURVIVAL:-1e-4} --weight_decay ${WD_TCGA_SURVIVAL:-1e-5} --feature_root ${TCGA_FEATURE_ROOT:?set TCGA_FEATURE_ROOT} --feature_key ${TCGA_FEATURE_KEY:-features/uni_v2} --in_dim 1536 --delta_scale 2 --gate_hidden_dim 32 --gate_output_init zero --gate_factorization full --gate_activation tanh --label_csv ${TCGA_SURVIVAL_LABEL_CSV:?set TCGA_SURVIVAL_LABEL_CSV} --srp_context_impl stacked --srp_correction_chunk_size 0
gate_range	survival	KIRP	tanh_signed	Tanh [-1,1]	44	2	32	public	gate_range_kirp_tanh_signed_s44	python -u slide_level_srp/train_survival.py --run_name gate_range_kirp_tanh_signed_s44 --cohort KIRP --endpoint OS --split_mode global_seed_holdout --global_seed 44 --seed 44 --neighbor_shuffle_seed 44 --n_folds 5 --variant srp_patch_signed_gated --out_dir ${GATEDSRP_COMPONENT_OUT:-runs/component_variants} --wandb_mode ${WANDB_MODE:-disabled} --epochs ${EPOCHS_TCGA_SURVIVAL:-20} --grad_accum ${GRAD_ACCUM_TCGA_SURVIVAL:-1} --base_lr ${LR_TCGA_SURVIVAL:-1e-4} --weight_decay ${WD_TCGA_SURVIVAL:-1e-5} --feature_root ${TCGA_FEATURE_ROOT:?set TCGA_FEATURE_ROOT} --feature_key ${TCGA_FEATURE_KEY:-features/uni_v2} --in_dim 1536 --delta_scale 2 --gate_hidden_dim 32 --gate_output_init zero --gate_factorization full --gate_activation tanh --label_csv ${TCGA_SURVIVAL_LABEL_CSV:?set TCGA_SURVIVAL_LABEL_CSV} --srp_context_impl stacked --srp_correction_chunk_size 0
gate_range	survival	KIRP	tanh_signed	Tanh [-1,1]	45	2	32	public	gate_range_kirp_tanh_signed_s45	python -u slide_level_srp/train_survival.py --run_name gate_range_kirp_tanh_signed_s45 --cohort KIRP --endpoint OS --split_mode global_seed_holdout --global_seed 45 --seed 45 --neighbor_shuffle_seed 45 --n_folds 5 --variant srp_patch_signed_gated --out_dir ${GATEDSRP_COMPONENT_OUT:-runs/component_variants} --wandb_mode ${WANDB_MODE:-disabled} --epochs ${EPOCHS_TCGA_SURVIVAL:-20} --grad_accum ${GRAD_ACCUM_TCGA_SURVIVAL:-1} --base_lr ${LR_TCGA_SURVIVAL:-1e-4} --weight_decay ${WD_TCGA_SURVIVAL:-1e-5} --feature_root ${TCGA_FEATURE_ROOT:?set TCGA_FEATURE_ROOT} --feature_key ${TCGA_FEATURE_KEY:-features/uni_v2} --in_dim 1536 --delta_scale 2 --gate_hidden_dim 32 --gate_output_init zero --gate_factorization full --gate_activation tanh --label_csv ${TCGA_SURVIVAL_LABEL_CSV:?set TCGA_SURVIVAL_LABEL_CSV} --srp_context_impl stacked --srp_correction_chunk_size 0
gate_range	survival	KIRP	tanh_signed	Tanh [-1,1]	46	2	32	public	gate_range_kirp_tanh_signed_s46	python -u slide_level_srp/train_survival.py --run_name gate_range_kirp_tanh_signed_s46 --cohort KIRP --endpoint OS --split_mode global_seed_holdout --global_seed 46 --seed 46 --neighbor_shuffle_seed 46 --n_folds 5 --variant srp_patch_signed_gated --out_dir ${GATEDSRP_COMPONENT_OUT:-runs/component_variants} --wandb_mode ${WANDB_MODE:-disabled} --epochs ${EPOCHS_TCGA_SURVIVAL:-20} --grad_accum ${GRAD_ACCUM_TCGA_SURVIVAL:-1} --base_lr ${LR_TCGA_SURVIVAL:-1e-4} --weight_decay ${WD_TCGA_SURVIVAL:-1e-5} --feature_root ${TCGA_FEATURE_ROOT:?set TCGA_FEATURE_ROOT} --feature_key ${TCGA_FEATURE_KEY:-features/uni_v2} --in_dim 1536 --delta_scale 2 --gate_hidden_dim 32 --gate_output_init zero --gate_factorization full --gate_activation tanh --label_csv ${TCGA_SURVIVAL_LABEL_CSV:?set TCGA_SURVIVAL_LABEL_CSV} --srp_context_impl stacked --srp_correction_chunk_size 0
gate_range	survival	LUAD	sigmoid01	Sigmoid [0,1]	42	1	128	public	gate_range_luad_sigmoid01_s42	python -u slide_level_srp/train_survival.py --run_name gate_range_luad_sigmoid01_s42 --cohort LUAD --endpoint OS --split_mode global_seed_holdout --global_seed 42 --seed 42 --neighbor_shuffle_seed 42 --n_folds 5 --variant srp_patch_signed_gated --out_dir ${GATEDSRP_COMPONENT_OUT:-runs/component_variants} --wandb_mode ${WANDB_MODE:-disabled} --epochs ${EPOCHS_TCGA_SURVIVAL:-20} --grad_accum ${GRAD_ACCUM_TCGA_SURVIVAL:-1} --base_lr ${LR_TCGA_SURVIVAL:-1e-4} --weight_decay ${WD_TCGA_SURVIVAL:-1e-5} --feature_root ${TCGA_FEATURE_ROOT:?set TCGA_FEATURE_ROOT} --feature_key ${TCGA_FEATURE_KEY:-features/uni_v2} --in_dim 1536 --delta_scale 1 --gate_hidden_dim 128 --gate_output_init zero --gate_factorization full --gate_activation sigmoid01 --label_csv ${TCGA_SURVIVAL_LABEL_CSV:?set TCGA_SURVIVAL_LABEL_CSV} --srp_context_impl stacked --srp_correction_chunk_size 0
gate_range	survival	LUAD	sigmoid01	Sigmoid [0,1]	43	1	128	public	gate_range_luad_sigmoid01_s43	python -u slide_level_srp/train_survival.py --run_name gate_range_luad_sigmoid01_s43 --cohort LUAD --endpoint OS --split_mode global_seed_holdout --global_seed 43 --seed 43 --neighbor_shuffle_seed 43 --n_folds 5 --variant srp_patch_signed_gated --out_dir ${GATEDSRP_COMPONENT_OUT:-runs/component_variants} --wandb_mode ${WANDB_MODE:-disabled} --epochs ${EPOCHS_TCGA_SURVIVAL:-20} --grad_accum ${GRAD_ACCUM_TCGA_SURVIVAL:-1} --base_lr ${LR_TCGA_SURVIVAL:-1e-4} --weight_decay ${WD_TCGA_SURVIVAL:-1e-5} --feature_root ${TCGA_FEATURE_ROOT:?set TCGA_FEATURE_ROOT} --feature_key ${TCGA_FEATURE_KEY:-features/uni_v2} --in_dim 1536 --delta_scale 1 --gate_hidden_dim 128 --gate_output_init zero --gate_factorization full --gate_activation sigmoid01 --label_csv ${TCGA_SURVIVAL_LABEL_CSV:?set TCGA_SURVIVAL_LABEL_CSV} --srp_context_impl stacked --srp_correction_chunk_size 0
gate_range	survival	LUAD	sigmoid01	Sigmoid [0,1]	44	1	128	public	gate_range_luad_sigmoid01_s44	python -u slide_level_srp/train_survival.py --run_name gate_range_luad_sigmoid01_s44 --cohort LUAD --endpoint OS --split_mode global_seed_holdout --global_seed 44 --seed 44 --neighbor_shuffle_seed 44 --n_folds 5 --variant srp_patch_signed_gated --out_dir ${GATEDSRP_COMPONENT_OUT:-runs/component_variants} --wandb_mode ${WANDB_MODE:-disabled} --epochs ${EPOCHS_TCGA_SURVIVAL:-20} --grad_accum ${GRAD_ACCUM_TCGA_SURVIVAL:-1} --base_lr ${LR_TCGA_SURVIVAL:-1e-4} --weight_decay ${WD_TCGA_SURVIVAL:-1e-5} --feature_root ${TCGA_FEATURE_ROOT:?set TCGA_FEATURE_ROOT} --feature_key ${TCGA_FEATURE_KEY:-features/uni_v2} --in_dim 1536 --delta_scale 1 --gate_hidden_dim 128 --gate_output_init zero --gate_factorization full --gate_activation sigmoid01 --label_csv ${TCGA_SURVIVAL_LABEL_CSV:?set TCGA_SURVIVAL_LABEL_CSV} --srp_context_impl stacked --srp_correction_chunk_size 0
gate_range	survival	LUAD	sigmoid01	Sigmoid [0,1]	45	1	128	public	gate_range_luad_sigmoid01_s45	python -u slide_level_srp/train_survival.py --run_name gate_range_luad_sigmoid01_s45 --cohort LUAD --endpoint OS --split_mode global_seed_holdout --global_seed 45 --seed 45 --neighbor_shuffle_seed 45 --n_folds 5 --variant srp_patch_signed_gated --out_dir ${GATEDSRP_COMPONENT_OUT:-runs/component_variants} --wandb_mode ${WANDB_MODE:-disabled} --epochs ${EPOCHS_TCGA_SURVIVAL:-20} --grad_accum ${GRAD_ACCUM_TCGA_SURVIVAL:-1} --base_lr ${LR_TCGA_SURVIVAL:-1e-4} --weight_decay ${WD_TCGA_SURVIVAL:-1e-5} --feature_root ${TCGA_FEATURE_ROOT:?set TCGA_FEATURE_ROOT} --feature_key ${TCGA_FEATURE_KEY:-features/uni_v2} --in_dim 1536 --delta_scale 1 --gate_hidden_dim 128 --gate_output_init zero --gate_factorization full --gate_activation sigmoid01 --label_csv ${TCGA_SURVIVAL_LABEL_CSV:?set TCGA_SURVIVAL_LABEL_CSV} --srp_context_impl stacked --srp_correction_chunk_size 0
gate_range	survival	LUAD	sigmoid01	Sigmoid [0,1]	46	1	128	public	gate_range_luad_sigmoid01_s46	python -u slide_level_srp/train_survival.py --run_name gate_range_luad_sigmoid01_s46 --cohort LUAD --endpoint OS --split_mode global_seed_holdout --global_seed 46 --seed 46 --neighbor_shuffle_seed 46 --n_folds 5 --variant srp_patch_signed_gated --out_dir ${GATEDSRP_COMPONENT_OUT:-runs/component_variants} --wandb_mode ${WANDB_MODE:-disabled} --epochs ${EPOCHS_TCGA_SURVIVAL:-20} --grad_accum ${GRAD_ACCUM_TCGA_SURVIVAL:-1} --base_lr ${LR_TCGA_SURVIVAL:-1e-4} --weight_decay ${WD_TCGA_SURVIVAL:-1e-5} --feature_root ${TCGA_FEATURE_ROOT:?set TCGA_FEATURE_ROOT} --feature_key ${TCGA_FEATURE_KEY:-features/uni_v2} --in_dim 1536 --delta_scale 1 --gate_hidden_dim 128 --gate_output_init zero --gate_factorization full --gate_activation sigmoid01 --label_csv ${TCGA_SURVIVAL_LABEL_CSV:?set TCGA_SURVIVAL_LABEL_CSV} --srp_context_impl stacked --srp_correction_chunk_size 0
gate_range	survival	LUAD	tanh_signed	Tanh [-1,1]	42	1	128	public	gate_range_luad_tanh_signed_s42	python -u slide_level_srp/train_survival.py --run_name gate_range_luad_tanh_signed_s42 --cohort LUAD --endpoint OS --split_mode global_seed_holdout --global_seed 42 --seed 42 --neighbor_shuffle_seed 42 --n_folds 5 --variant srp_patch_signed_gated --out_dir ${GATEDSRP_COMPONENT_OUT:-runs/component_variants} --wandb_mode ${WANDB_MODE:-disabled} --epochs ${EPOCHS_TCGA_SURVIVAL:-20} --grad_accum ${GRAD_ACCUM_TCGA_SURVIVAL:-1} --base_lr ${LR_TCGA_SURVIVAL:-1e-4} --weight_decay ${WD_TCGA_SURVIVAL:-1e-5} --feature_root ${TCGA_FEATURE_ROOT:?set TCGA_FEATURE_ROOT} --feature_key ${TCGA_FEATURE_KEY:-features/uni_v2} --in_dim 1536 --delta_scale 1 --gate_hidden_dim 128 --gate_output_init zero --gate_factorization full --gate_activation tanh --label_csv ${TCGA_SURVIVAL_LABEL_CSV:?set TCGA_SURVIVAL_LABEL_CSV} --srp_context_impl stacked --srp_correction_chunk_size 0
gate_range	survival	LUAD	tanh_signed	Tanh [-1,1]	43	1	128	public	gate_range_luad_tanh_signed_s43	python -u slide_level_srp/train_survival.py --run_name gate_range_luad_tanh_signed_s43 --cohort LUAD --endpoint OS --split_mode global_seed_holdout --global_seed 43 --seed 43 --neighbor_shuffle_seed 43 --n_folds 5 --variant srp_patch_signed_gated --out_dir ${GATEDSRP_COMPONENT_OUT:-runs/component_variants} --wandb_mode ${WANDB_MODE:-disabled} --epochs ${EPOCHS_TCGA_SURVIVAL:-20} --grad_accum ${GRAD_ACCUM_TCGA_SURVIVAL:-1} --base_lr ${LR_TCGA_SURVIVAL:-1e-4} --weight_decay ${WD_TCGA_SURVIVAL:-1e-5} --feature_root ${TCGA_FEATURE_ROOT:?set TCGA_FEATURE_ROOT} --feature_key ${TCGA_FEATURE_KEY:-features/uni_v2} --in_dim 1536 --delta_scale 1 --gate_hidden_dim 128 --gate_output_init zero --gate_factorization full --gate_activation tanh --label_csv ${TCGA_SURVIVAL_LABEL_CSV:?set TCGA_SURVIVAL_LABEL_CSV} --srp_context_impl stacked --srp_correction_chunk_size 0
gate_range	survival	LUAD	tanh_signed	Tanh [-1,1]	44	1	128	public	gate_range_luad_tanh_signed_s44	python -u slide_level_srp/train_survival.py --run_name gate_range_luad_tanh_signed_s44 --cohort LUAD --endpoint OS --split_mode global_seed_holdout --global_seed 44 --seed 44 --neighbor_shuffle_seed 44 --n_folds 5 --variant srp_patch_signed_gated --out_dir ${GATEDSRP_COMPONENT_OUT:-runs/component_variants} --wandb_mode ${WANDB_MODE:-disabled} --epochs ${EPOCHS_TCGA_SURVIVAL:-20} --grad_accum ${GRAD_ACCUM_TCGA_SURVIVAL:-1} --base_lr ${LR_TCGA_SURVIVAL:-1e-4} --weight_decay ${WD_TCGA_SURVIVAL:-1e-5} --feature_root ${TCGA_FEATURE_ROOT:?set TCGA_FEATURE_ROOT} --feature_key ${TCGA_FEATURE_KEY:-features/uni_v2} --in_dim 1536 --delta_scale 1 --gate_hidden_dim 128 --gate_output_init zero --gate_factorization full --gate_activation tanh --label_csv ${TCGA_SURVIVAL_LABEL_CSV:?set TCGA_SURVIVAL_LABEL_CSV} --srp_context_impl stacked --srp_correction_chunk_size 0
gate_range	survival	LUAD	tanh_signed	Tanh [-1,1]	45	1	128	public	gate_range_luad_tanh_signed_s45	python -u slide_level_srp/train_survival.py --run_name gate_range_luad_tanh_signed_s45 --cohort LUAD --endpoint OS --split_mode global_seed_holdout --global_seed 45 --seed 45 --neighbor_shuffle_seed 45 --n_folds 5 --variant srp_patch_signed_gated --out_dir ${GATEDSRP_COMPONENT_OUT:-runs/component_variants} --wandb_mode ${WANDB_MODE:-disabled} --epochs ${EPOCHS_TCGA_SURVIVAL:-20} --grad_accum ${GRAD_ACCUM_TCGA_SURVIVAL:-1} --base_lr ${LR_TCGA_SURVIVAL:-1e-4} --weight_decay ${WD_TCGA_SURVIVAL:-1e-5} --feature_root ${TCGA_FEATURE_ROOT:?set TCGA_FEATURE_ROOT} --feature_key ${TCGA_FEATURE_KEY:-features/uni_v2} --in_dim 1536 --delta_scale 1 --gate_hidden_dim 128 --gate_output_init zero --gate_factorization full --gate_activation tanh --label_csv ${TCGA_SURVIVAL_LABEL_CSV:?set TCGA_SURVIVAL_LABEL_CSV} --srp_context_impl stacked --srp_correction_chunk_size 0
gate_range	survival	LUAD	tanh_signed	Tanh [-1,1]	46	1	128	public	gate_range_luad_tanh_signed_s46	python -u slide_level_srp/train_survival.py --run_name gate_range_luad_tanh_signed_s46 --cohort LUAD --endpoint OS --split_mode global_seed_holdout --global_seed 46 --seed 46 --neighbor_shuffle_seed 46 --n_folds 5 --variant srp_patch_signed_gated --out_dir ${GATEDSRP_COMPONENT_OUT:-runs/component_variants} --wandb_mode ${WANDB_MODE:-disabled} --epochs ${EPOCHS_TCGA_SURVIVAL:-20} --grad_accum ${GRAD_ACCUM_TCGA_SURVIVAL:-1} --base_lr ${LR_TCGA_SURVIVAL:-1e-4} --weight_decay ${WD_TCGA_SURVIVAL:-1e-5} --feature_root ${TCGA_FEATURE_ROOT:?set TCGA_FEATURE_ROOT} --feature_key ${TCGA_FEATURE_KEY:-features/uni_v2} --in_dim 1536 --delta_scale 1 --gate_hidden_dim 128 --gate_output_init zero --gate_factorization full --gate_activation tanh --label_csv ${TCGA_SURVIVAL_LABEL_CSV:?set TCGA_SURVIVAL_LABEL_CSV} --srp_context_impl stacked --srp_correction_chunk_size 0
gate_range	survival	STAD	sigmoid01	Sigmoid [0,1]	42	0.5	128	public	gate_range_stad_sigmoid01_s42	python -u slide_level_srp/train_survival.py --run_name gate_range_stad_sigmoid01_s42 --cohort STAD --endpoint OS --split_mode global_seed_holdout --global_seed 42 --seed 42 --neighbor_shuffle_seed 42 --n_folds 5 --variant srp_patch_signed_gated --out_dir ${GATEDSRP_COMPONENT_OUT:-runs/component_variants} --wandb_mode ${WANDB_MODE:-disabled} --epochs ${EPOCHS_TCGA_SURVIVAL:-20} --grad_accum ${GRAD_ACCUM_TCGA_SURVIVAL:-1} --base_lr ${LR_TCGA_SURVIVAL:-1e-4} --weight_decay ${WD_TCGA_SURVIVAL:-1e-5} --feature_root ${TCGA_FEATURE_ROOT:?set TCGA_FEATURE_ROOT} --feature_key ${TCGA_FEATURE_KEY:-features/uni_v2} --in_dim 1536 --delta_scale 0.5 --gate_hidden_dim 128 --gate_output_init zero --gate_factorization full --gate_activation sigmoid01 --label_csv ${TCGA_SURVIVAL_LABEL_CSV:?set TCGA_SURVIVAL_LABEL_CSV} --srp_context_impl stacked --srp_correction_chunk_size 0
gate_range	survival	STAD	sigmoid01	Sigmoid [0,1]	43	0.5	128	public	gate_range_stad_sigmoid01_s43	python -u slide_level_srp/train_survival.py --run_name gate_range_stad_sigmoid01_s43 --cohort STAD --endpoint OS --split_mode global_seed_holdout --global_seed 43 --seed 43 --neighbor_shuffle_seed 43 --n_folds 5 --variant srp_patch_signed_gated --out_dir ${GATEDSRP_COMPONENT_OUT:-runs/component_variants} --wandb_mode ${WANDB_MODE:-disabled} --epochs ${EPOCHS_TCGA_SURVIVAL:-20} --grad_accum ${GRAD_ACCUM_TCGA_SURVIVAL:-1} --base_lr ${LR_TCGA_SURVIVAL:-1e-4} --weight_decay ${WD_TCGA_SURVIVAL:-1e-5} --feature_root ${TCGA_FEATURE_ROOT:?set TCGA_FEATURE_ROOT} --feature_key ${TCGA_FEATURE_KEY:-features/uni_v2} --in_dim 1536 --delta_scale 0.5 --gate_hidden_dim 128 --gate_output_init zero --gate_factorization full --gate_activation sigmoid01 --label_csv ${TCGA_SURVIVAL_LABEL_CSV:?set TCGA_SURVIVAL_LABEL_CSV} --srp_context_impl stacked --srp_correction_chunk_size 0
gate_range	survival	STAD	sigmoid01	Sigmoid [0,1]	44	0.5	128	public	gate_range_stad_sigmoid01_s44	python -u slide_level_srp/train_survival.py --run_name gate_range_stad_sigmoid01_s44 --cohort STAD --endpoint OS --split_mode global_seed_holdout --global_seed 44 --seed 44 --neighbor_shuffle_seed 44 --n_folds 5 --variant srp_patch_signed_gated --out_dir ${GATEDSRP_COMPONENT_OUT:-runs/component_variants} --wandb_mode ${WANDB_MODE:-disabled} --epochs ${EPOCHS_TCGA_SURVIVAL:-20} --grad_accum ${GRAD_ACCUM_TCGA_SURVIVAL:-1} --base_lr ${LR_TCGA_SURVIVAL:-1e-4} --weight_decay ${WD_TCGA_SURVIVAL:-1e-5} --feature_root ${TCGA_FEATURE_ROOT:?set TCGA_FEATURE_ROOT} --feature_key ${TCGA_FEATURE_KEY:-features/uni_v2} --in_dim 1536 --delta_scale 0.5 --gate_hidden_dim 128 --gate_output_init zero --gate_factorization full --gate_activation sigmoid01 --label_csv ${TCGA_SURVIVAL_LABEL_CSV:?set TCGA_SURVIVAL_LABEL_CSV} --srp_context_impl stacked --srp_correction_chunk_size 0
gate_range	survival	STAD	sigmoid01	Sigmoid [0,1]	45	0.5	128	public	gate_range_stad_sigmoid01_s45	python -u slide_level_srp/train_survival.py --run_name gate_range_stad_sigmoid01_s45 --cohort STAD --endpoint OS --split_mode global_seed_holdout --global_seed 45 --seed 45 --neighbor_shuffle_seed 45 --n_folds 5 --variant srp_patch_signed_gated --out_dir ${GATEDSRP_COMPONENT_OUT:-runs/component_variants} --wandb_mode ${WANDB_MODE:-disabled} --epochs ${EPOCHS_TCGA_SURVIVAL:-20} --grad_accum ${GRAD_ACCUM_TCGA_SURVIVAL:-1} --base_lr ${LR_TCGA_SURVIVAL:-1e-4} --weight_decay ${WD_TCGA_SURVIVAL:-1e-5} --feature_root ${TCGA_FEATURE_ROOT:?set TCGA_FEATURE_ROOT} --feature_key ${TCGA_FEATURE_KEY:-features/uni_v2} --in_dim 1536 --delta_scale 0.5 --gate_hidden_dim 128 --gate_output_init zero --gate_factorization full --gate_activation sigmoid01 --label_csv ${TCGA_SURVIVAL_LABEL_CSV:?set TCGA_SURVIVAL_LABEL_CSV} --srp_context_impl stacked --srp_correction_chunk_size 0
gate_range	survival	STAD	sigmoid01	Sigmoid [0,1]	46	0.5	128	public	gate_range_stad_sigmoid01_s46	python -u slide_level_srp/train_survival.py --run_name gate_range_stad_sigmoid01_s46 --cohort STAD --endpoint OS --split_mode global_seed_holdout --global_seed 46 --seed 46 --neighbor_shuffle_seed 46 --n_folds 5 --variant srp_patch_signed_gated --out_dir ${GATEDSRP_COMPONENT_OUT:-runs/component_variants} --wandb_mode ${WANDB_MODE:-disabled} --epochs ${EPOCHS_TCGA_SURVIVAL:-20} --grad_accum ${GRAD_ACCUM_TCGA_SURVIVAL:-1} --base_lr ${LR_TCGA_SURVIVAL:-1e-4} --weight_decay ${WD_TCGA_SURVIVAL:-1e-5} --feature_root ${TCGA_FEATURE_ROOT:?set TCGA_FEATURE_ROOT} --feature_key ${TCGA_FEATURE_KEY:-features/uni_v2} --in_dim 1536 --delta_scale 0.5 --gate_hidden_dim 128 --gate_output_init zero --gate_factorization full --gate_activation sigmoid01 --label_csv ${TCGA_SURVIVAL_LABEL_CSV:?set TCGA_SURVIVAL_LABEL_CSV} --srp_context_impl stacked --srp_correction_chunk_size 0
gate_range	survival	STAD	tanh_signed	Tanh [-1,1]	42	0.5	128	public	gate_range_stad_tanh_signed_s42	python -u slide_level_srp/train_survival.py --run_name gate_range_stad_tanh_signed_s42 --cohort STAD --endpoint OS --split_mode global_seed_holdout --global_seed 42 --seed 42 --neighbor_shuffle_seed 42 --n_folds 5 --variant srp_patch_signed_gated --out_dir ${GATEDSRP_COMPONENT_OUT:-runs/component_variants} --wandb_mode ${WANDB_MODE:-disabled} --epochs ${EPOCHS_TCGA_SURVIVAL:-20} --grad_accum ${GRAD_ACCUM_TCGA_SURVIVAL:-1} --base_lr ${LR_TCGA_SURVIVAL:-1e-4} --weight_decay ${WD_TCGA_SURVIVAL:-1e-5} --feature_root ${TCGA_FEATURE_ROOT:?set TCGA_FEATURE_ROOT} --feature_key ${TCGA_FEATURE_KEY:-features/uni_v2} --in_dim 1536 --delta_scale 0.5 --gate_hidden_dim 128 --gate_output_init zero --gate_factorization full --gate_activation tanh --label_csv ${TCGA_SURVIVAL_LABEL_CSV:?set TCGA_SURVIVAL_LABEL_CSV} --srp_context_impl stacked --srp_correction_chunk_size 0
gate_range	survival	STAD	tanh_signed	Tanh [-1,1]	43	0.5	128	public	gate_range_stad_tanh_signed_s43	python -u slide_level_srp/train_survival.py --run_name gate_range_stad_tanh_signed_s43 --cohort STAD --endpoint OS --split_mode global_seed_holdout --global_seed 43 --seed 43 --neighbor_shuffle_seed 43 --n_folds 5 --variant srp_patch_signed_gated --out_dir ${GATEDSRP_COMPONENT_OUT:-runs/component_variants} --wandb_mode ${WANDB_MODE:-disabled} --epochs ${EPOCHS_TCGA_SURVIVAL:-20} --grad_accum ${GRAD_ACCUM_TCGA_SURVIVAL:-1} --base_lr ${LR_TCGA_SURVIVAL:-1e-4} --weight_decay ${WD_TCGA_SURVIVAL:-1e-5} --feature_root ${TCGA_FEATURE_ROOT:?set TCGA_FEATURE_ROOT} --feature_key ${TCGA_FEATURE_KEY:-features/uni_v2} --in_dim 1536 --delta_scale 0.5 --gate_hidden_dim 128 --gate_output_init zero --gate_factorization full --gate_activation tanh --label_csv ${TCGA_SURVIVAL_LABEL_CSV:?set TCGA_SURVIVAL_LABEL_CSV} --srp_context_impl stacked --srp_correction_chunk_size 0
gate_range	survival	STAD	tanh_signed	Tanh [-1,1]	44	0.5	128	public	gate_range_stad_tanh_signed_s44	python -u slide_level_srp/train_survival.py --run_name gate_range_stad_tanh_signed_s44 --cohort STAD --endpoint OS --split_mode global_seed_holdout --global_seed 44 --seed 44 --neighbor_shuffle_seed 44 --n_folds 5 --variant srp_patch_signed_gated --out_dir ${GATEDSRP_COMPONENT_OUT:-runs/component_variants} --wandb_mode ${WANDB_MODE:-disabled} --epochs ${EPOCHS_TCGA_SURVIVAL:-20} --grad_accum ${GRAD_ACCUM_TCGA_SURVIVAL:-1} --base_lr ${LR_TCGA_SURVIVAL:-1e-4} --weight_decay ${WD_TCGA_SURVIVAL:-1e-5} --feature_root ${TCGA_FEATURE_ROOT:?set TCGA_FEATURE_ROOT} --feature_key ${TCGA_FEATURE_KEY:-features/uni_v2} --in_dim 1536 --delta_scale 0.5 --gate_hidden_dim 128 --gate_output_init zero --gate_factorization full --gate_activation tanh --label_csv ${TCGA_SURVIVAL_LABEL_CSV:?set TCGA_SURVIVAL_LABEL_CSV} --srp_context_impl stacked --srp_correction_chunk_size 0
gate_range	survival	STAD	tanh_signed	Tanh [-1,1]	45	0.5	128	public	gate_range_stad_tanh_signed_s45	python -u slide_level_srp/train_survival.py --run_name gate_range_stad_tanh_signed_s45 --cohort STAD --endpoint OS --split_mode global_seed_holdout --global_seed 45 --seed 45 --neighbor_shuffle_seed 45 --n_folds 5 --variant srp_patch_signed_gated --out_dir ${GATEDSRP_COMPONENT_OUT:-runs/component_variants} --wandb_mode ${WANDB_MODE:-disabled} --epochs ${EPOCHS_TCGA_SURVIVAL:-20} --grad_accum ${GRAD_ACCUM_TCGA_SURVIVAL:-1} --base_lr ${LR_TCGA_SURVIVAL:-1e-4} --weight_decay ${WD_TCGA_SURVIVAL:-1e-5} --feature_root ${TCGA_FEATURE_ROOT:?set TCGA_FEATURE_ROOT} --feature_key ${TCGA_FEATURE_KEY:-features/uni_v2} --in_dim 1536 --delta_scale 0.5 --gate_hidden_dim 128 --gate_output_init zero --gate_factorization full --gate_activation tanh --label_csv ${TCGA_SURVIVAL_LABEL_CSV:?set TCGA_SURVIVAL_LABEL_CSV} --srp_context_impl stacked --srp_correction_chunk_size 0
gate_range	survival	STAD	tanh_signed	Tanh [-1,1]	46	0.5	128	public	gate_range_stad_tanh_signed_s46	python -u slide_level_srp/train_survival.py --run_name gate_range_stad_tanh_signed_s46 --cohort STAD --endpoint OS --split_mode global_seed_holdout --global_seed 46 --seed 46 --neighbor_shuffle_seed 46 --n_folds 5 --variant srp_patch_signed_gated --out_dir ${GATEDSRP_COMPONENT_OUT:-runs/component_variants} --wandb_mode ${WANDB_MODE:-disabled} --epochs ${EPOCHS_TCGA_SURVIVAL:-20} --grad_accum ${GRAD_ACCUM_TCGA_SURVIVAL:-1} --base_lr ${LR_TCGA_SURVIVAL:-1e-4} --weight_decay ${WD_TCGA_SURVIVAL:-1e-5} --feature_root ${TCGA_FEATURE_ROOT:?set TCGA_FEATURE_ROOT} --feature_key ${TCGA_FEATURE_KEY:-features/uni_v2} --in_dim 1536 --delta_scale 0.5 --gate_hidden_dim 128 --gate_output_init zero --gate_factorization full --gate_activation tanh --label_csv ${TCGA_SURVIVAL_LABEL_CSV:?set TCGA_SURVIVAL_LABEL_CSV} --srp_context_impl stacked --srp_correction_chunk_size 0
gate_range	classification	kgh	sigmoid01	Sigmoid [0,1]	42	1	64	restricted	gate_range_kgh_sigmoid01_s42	python -u slide_level_srp/train.py --run_name gate_range_kgh_sigmoid01_s42 --dataset kgh --variant srp_patch_signed_gated --in_dim 1536 --num_classes 4 --split_mode global_seed_holdout --global_seed 42 --seed 42 --neighbor_shuffle_seed 42 --out_dir ${GATEDSRP_COMPONENT_OUT:-runs/component_variants} --wandb_mode ${WANDB_MODE:-disabled} --epochs ${EPOCHS_SLIDE:-15} --grad_accum ${GRAD_ACCUM:-16} --kgh_true_4class --feature_root ${KGH_FEATURE_ROOT:?set KGH_FEATURE_ROOT} --feature_key ${KGH_FEATURE_KEY:-features/uni_v2} --delta_scale 1 --gate_hidden_dim 64 --gate_output_init zero --gate_factorization full --gate_activation sigmoid01 --srp_context_impl stacked --srp_correction_chunk_size 0
gate_range	classification	kgh	sigmoid01	Sigmoid [0,1]	43	1	64	restricted	gate_range_kgh_sigmoid01_s43	python -u slide_level_srp/train.py --run_name gate_range_kgh_sigmoid01_s43 --dataset kgh --variant srp_patch_signed_gated --in_dim 1536 --num_classes 4 --split_mode global_seed_holdout --global_seed 43 --seed 43 --neighbor_shuffle_seed 43 --out_dir ${GATEDSRP_COMPONENT_OUT:-runs/component_variants} --wandb_mode ${WANDB_MODE:-disabled} --epochs ${EPOCHS_SLIDE:-15} --grad_accum ${GRAD_ACCUM:-16} --kgh_true_4class --feature_root ${KGH_FEATURE_ROOT:?set KGH_FEATURE_ROOT} --feature_key ${KGH_FEATURE_KEY:-features/uni_v2} --delta_scale 1 --gate_hidden_dim 64 --gate_output_init zero --gate_factorization full --gate_activation sigmoid01 --srp_context_impl stacked --srp_correction_chunk_size 0
gate_range	classification	kgh	sigmoid01	Sigmoid [0,1]	44	1	64	restricted	gate_range_kgh_sigmoid01_s44	python -u slide_level_srp/train.py --run_name gate_range_kgh_sigmoid01_s44 --dataset kgh --variant srp_patch_signed_gated --in_dim 1536 --num_classes 4 --split_mode global_seed_holdout --global_seed 44 --seed 44 --neighbor_shuffle_seed 44 --out_dir ${GATEDSRP_COMPONENT_OUT:-runs/component_variants} --wandb_mode ${WANDB_MODE:-disabled} --epochs ${EPOCHS_SLIDE:-15} --grad_accum ${GRAD_ACCUM:-16} --kgh_true_4class --feature_root ${KGH_FEATURE_ROOT:?set KGH_FEATURE_ROOT} --feature_key ${KGH_FEATURE_KEY:-features/uni_v2} --delta_scale 1 --gate_hidden_dim 64 --gate_output_init zero --gate_factorization full --gate_activation sigmoid01 --srp_context_impl stacked --srp_correction_chunk_size 0
gate_range	classification	kgh	sigmoid01	Sigmoid [0,1]	45	1	64	restricted	gate_range_kgh_sigmoid01_s45	python -u slide_level_srp/train.py --run_name gate_range_kgh_sigmoid01_s45 --dataset kgh --variant srp_patch_signed_gated --in_dim 1536 --num_classes 4 --split_mode global_seed_holdout --global_seed 45 --seed 45 --neighbor_shuffle_seed 45 --out_dir ${GATEDSRP_COMPONENT_OUT:-runs/component_variants} --wandb_mode ${WANDB_MODE:-disabled} --epochs ${EPOCHS_SLIDE:-15} --grad_accum ${GRAD_ACCUM:-16} --kgh_true_4class --feature_root ${KGH_FEATURE_ROOT:?set KGH_FEATURE_ROOT} --feature_key ${KGH_FEATURE_KEY:-features/uni_v2} --delta_scale 1 --gate_hidden_dim 64 --gate_output_init zero --gate_factorization full --gate_activation sigmoid01 --srp_context_impl stacked --srp_correction_chunk_size 0
gate_range	classification	kgh	sigmoid01	Sigmoid [0,1]	46	1	64	restricted	gate_range_kgh_sigmoid01_s46	python -u slide_level_srp/train.py --run_name gate_range_kgh_sigmoid01_s46 --dataset kgh --variant srp_patch_signed_gated --in_dim 1536 --num_classes 4 --split_mode global_seed_holdout --global_seed 46 --seed 46 --neighbor_shuffle_seed 46 --out_dir ${GATEDSRP_COMPONENT_OUT:-runs/component_variants} --wandb_mode ${WANDB_MODE:-disabled} --epochs ${EPOCHS_SLIDE:-15} --grad_accum ${GRAD_ACCUM:-16} --kgh_true_4class --feature_root ${KGH_FEATURE_ROOT:?set KGH_FEATURE_ROOT} --feature_key ${KGH_FEATURE_KEY:-features/uni_v2} --delta_scale 1 --gate_hidden_dim 64 --gate_output_init zero --gate_factorization full --gate_activation sigmoid01 --srp_context_impl stacked --srp_correction_chunk_size 0
gate_range	classification	kgh	tanh_signed	Tanh [-1,1]	42	1	64	restricted	gate_range_kgh_tanh_signed_s42	python -u slide_level_srp/train.py --run_name gate_range_kgh_tanh_signed_s42 --dataset kgh --variant srp_patch_signed_gated --in_dim 1536 --num_classes 4 --split_mode global_seed_holdout --global_seed 42 --seed 42 --neighbor_shuffle_seed 42 --out_dir ${GATEDSRP_COMPONENT_OUT:-runs/component_variants} --wandb_mode ${WANDB_MODE:-disabled} --epochs ${EPOCHS_SLIDE:-15} --grad_accum ${GRAD_ACCUM:-16} --kgh_true_4class --feature_root ${KGH_FEATURE_ROOT:?set KGH_FEATURE_ROOT} --feature_key ${KGH_FEATURE_KEY:-features/uni_v2} --delta_scale 1 --gate_hidden_dim 64 --gate_output_init zero --gate_factorization full --gate_activation tanh --srp_context_impl stacked --srp_correction_chunk_size 0
gate_range	classification	kgh	tanh_signed	Tanh [-1,1]	43	1	64	restricted	gate_range_kgh_tanh_signed_s43	python -u slide_level_srp/train.py --run_name gate_range_kgh_tanh_signed_s43 --dataset kgh --variant srp_patch_signed_gated --in_dim 1536 --num_classes 4 --split_mode global_seed_holdout --global_seed 43 --seed 43 --neighbor_shuffle_seed 43 --out_dir ${GATEDSRP_COMPONENT_OUT:-runs/component_variants} --wandb_mode ${WANDB_MODE:-disabled} --epochs ${EPOCHS_SLIDE:-15} --grad_accum ${GRAD_ACCUM:-16} --kgh_true_4class --feature_root ${KGH_FEATURE_ROOT:?set KGH_FEATURE_ROOT} --feature_key ${KGH_FEATURE_KEY:-features/uni_v2} --delta_scale 1 --gate_hidden_dim 64 --gate_output_init zero --gate_factorization full --gate_activation tanh --srp_context_impl stacked --srp_correction_chunk_size 0
gate_range	classification	kgh	tanh_signed	Tanh [-1,1]	44	1	64	restricted	gate_range_kgh_tanh_signed_s44	python -u slide_level_srp/train.py --run_name gate_range_kgh_tanh_signed_s44 --dataset kgh --variant srp_patch_signed_gated --in_dim 1536 --num_classes 4 --split_mode global_seed_holdout --global_seed 44 --seed 44 --neighbor_shuffle_seed 44 --out_dir ${GATEDSRP_COMPONENT_OUT:-runs/component_variants} --wandb_mode ${WANDB_MODE:-disabled} --epochs ${EPOCHS_SLIDE:-15} --grad_accum ${GRAD_ACCUM:-16} --kgh_true_4class --feature_root ${KGH_FEATURE_ROOT:?set KGH_FEATURE_ROOT} --feature_key ${KGH_FEATURE_KEY:-features/uni_v2} --delta_scale 1 --gate_hidden_dim 64 --gate_output_init zero --gate_factorization full --gate_activation tanh --srp_context_impl stacked --srp_correction_chunk_size 0
gate_range	classification	kgh	tanh_signed	Tanh [-1,1]	45	1	64	restricted	gate_range_kgh_tanh_signed_s45	python -u slide_level_srp/train.py --run_name gate_range_kgh_tanh_signed_s45 --dataset kgh --variant srp_patch_signed_gated --in_dim 1536 --num_classes 4 --split_mode global_seed_holdout --global_seed 45 --seed 45 --neighbor_shuffle_seed 45 --out_dir ${GATEDSRP_COMPONENT_OUT:-runs/component_variants} --wandb_mode ${WANDB_MODE:-disabled} --epochs ${EPOCHS_SLIDE:-15} --grad_accum ${GRAD_ACCUM:-16} --kgh_true_4class --feature_root ${KGH_FEATURE_ROOT:?set KGH_FEATURE_ROOT} --feature_key ${KGH_FEATURE_KEY:-features/uni_v2} --delta_scale 1 --gate_hidden_dim 64 --gate_output_init zero --gate_factorization full --gate_activation tanh --srp_context_impl stacked --srp_correction_chunk_size 0
gate_range	classification	kgh	tanh_signed	Tanh [-1,1]	46	1	64	restricted	gate_range_kgh_tanh_signed_s46	python -u slide_level_srp/train.py --run_name gate_range_kgh_tanh_signed_s46 --dataset kgh --variant srp_patch_signed_gated --in_dim 1536 --num_classes 4 --split_mode global_seed_holdout --global_seed 46 --seed 46 --neighbor_shuffle_seed 46 --out_dir ${GATEDSRP_COMPONENT_OUT:-runs/component_variants} --wandb_mode ${WANDB_MODE:-disabled} --epochs ${EPOCHS_SLIDE:-15} --grad_accum ${GRAD_ACCUM:-16} --kgh_true_4class --feature_root ${KGH_FEATURE_ROOT:?set KGH_FEATURE_ROOT} --feature_key ${KGH_FEATURE_KEY:-features/uni_v2} --delta_scale 1 --gate_hidden_dim 64 --gate_output_init zero --gate_factorization full --gate_activation tanh --srp_context_impl stacked --srp_correction_chunk_size 0
gate_range	classification	panda	sigmoid01	Sigmoid [0,1]	42	0.5	16	public	gate_range_panda_sigmoid01_s42	python -u -m slide_level_srp.train_panda --run_name gate_range_panda_sigmoid01_s42 --arch transmil --mode srp_signed_gated --split_mode global_seed_holdout --global_seed 42 --seed 42 --neighbor_shuffle_seed 42 --out_dir ${GATEDSRP_COMPONENT_OUT:-runs/component_variants} --wandb_mode ${WANDB_MODE:-disabled} --epochs ${EPOCHS_PANDA_TRANSMIL:-20} --grad_accum ${GRAD_ACCUM_PANDA_TRANSMIL:-16} --feature_root ${PANDA_FEATURE_ROOT:?set PANDA_FEATURE_ROOT} --delta_scale 0.5 --gate_hidden_dim 16 --gate_output_init zero --gate_factorization full --srp_r_target knn8 --gate_activation sigmoid01 --srp_context_impl stacked --srp_correction_chunk_size 0
gate_range	classification	panda	sigmoid01	Sigmoid [0,1]	43	0.5	16	public	gate_range_panda_sigmoid01_s43	python -u -m slide_level_srp.train_panda --run_name gate_range_panda_sigmoid01_s43 --arch transmil --mode srp_signed_gated --split_mode global_seed_holdout --global_seed 43 --seed 43 --neighbor_shuffle_seed 43 --out_dir ${GATEDSRP_COMPONENT_OUT:-runs/component_variants} --wandb_mode ${WANDB_MODE:-disabled} --epochs ${EPOCHS_PANDA_TRANSMIL:-20} --grad_accum ${GRAD_ACCUM_PANDA_TRANSMIL:-16} --feature_root ${PANDA_FEATURE_ROOT:?set PANDA_FEATURE_ROOT} --delta_scale 0.5 --gate_hidden_dim 16 --gate_output_init zero --gate_factorization full --srp_r_target knn8 --gate_activation sigmoid01 --srp_context_impl stacked --srp_correction_chunk_size 0
gate_range	classification	panda	sigmoid01	Sigmoid [0,1]	44	0.5	16	public	gate_range_panda_sigmoid01_s44	python -u -m slide_level_srp.train_panda --run_name gate_range_panda_sigmoid01_s44 --arch transmil --mode srp_signed_gated --split_mode global_seed_holdout --global_seed 44 --seed 44 --neighbor_shuffle_seed 44 --out_dir ${GATEDSRP_COMPONENT_OUT:-runs/component_variants} --wandb_mode ${WANDB_MODE:-disabled} --epochs ${EPOCHS_PANDA_TRANSMIL:-20} --grad_accum ${GRAD_ACCUM_PANDA_TRANSMIL:-16} --feature_root ${PANDA_FEATURE_ROOT:?set PANDA_FEATURE_ROOT} --delta_scale 0.5 --gate_hidden_dim 16 --gate_output_init zero --gate_factorization full --srp_r_target knn8 --gate_activation sigmoid01 --srp_context_impl stacked --srp_correction_chunk_size 0
gate_range	classification	panda	sigmoid01	Sigmoid [0,1]	45	0.5	16	public	gate_range_panda_sigmoid01_s45	python -u -m slide_level_srp.train_panda --run_name gate_range_panda_sigmoid01_s45 --arch transmil --mode srp_signed_gated --split_mode global_seed_holdout --global_seed 45 --seed 45 --neighbor_shuffle_seed 45 --out_dir ${GATEDSRP_COMPONENT_OUT:-runs/component_variants} --wandb_mode ${WANDB_MODE:-disabled} --epochs ${EPOCHS_PANDA_TRANSMIL:-20} --grad_accum ${GRAD_ACCUM_PANDA_TRANSMIL:-16} --feature_root ${PANDA_FEATURE_ROOT:?set PANDA_FEATURE_ROOT} --delta_scale 0.5 --gate_hidden_dim 16 --gate_output_init zero --gate_factorization full --srp_r_target knn8 --gate_activation sigmoid01 --srp_context_impl stacked --srp_correction_chunk_size 0
gate_range	classification	panda	sigmoid01	Sigmoid [0,1]	46	0.5	16	public	gate_range_panda_sigmoid01_s46	python -u -m slide_level_srp.train_panda --run_name gate_range_panda_sigmoid01_s46 --arch transmil --mode srp_signed_gated --split_mode global_seed_holdout --global_seed 46 --seed 46 --neighbor_shuffle_seed 46 --out_dir ${GATEDSRP_COMPONENT_OUT:-runs/component_variants} --wandb_mode ${WANDB_MODE:-disabled} --epochs ${EPOCHS_PANDA_TRANSMIL:-20} --grad_accum ${GRAD_ACCUM_PANDA_TRANSMIL:-16} --feature_root ${PANDA_FEATURE_ROOT:?set PANDA_FEATURE_ROOT} --delta_scale 0.5 --gate_hidden_dim 16 --gate_output_init zero --gate_factorization full --srp_r_target knn8 --gate_activation sigmoid01 --srp_context_impl stacked --srp_correction_chunk_size 0
gate_range	classification	panda	tanh_signed	Tanh [-1,1]	42	0.5	16	public	gate_range_panda_tanh_signed_s42	python -u -m slide_level_srp.train_panda --run_name gate_range_panda_tanh_signed_s42 --arch transmil --mode srp_signed_gated --split_mode global_seed_holdout --global_seed 42 --seed 42 --neighbor_shuffle_seed 42 --out_dir ${GATEDSRP_COMPONENT_OUT:-runs/component_variants} --wandb_mode ${WANDB_MODE:-disabled} --epochs ${EPOCHS_PANDA_TRANSMIL:-20} --grad_accum ${GRAD_ACCUM_PANDA_TRANSMIL:-16} --feature_root ${PANDA_FEATURE_ROOT:?set PANDA_FEATURE_ROOT} --delta_scale 0.5 --gate_hidden_dim 16 --gate_output_init zero --gate_factorization full --srp_r_target knn8 --gate_activation tanh --srp_context_impl stacked --srp_correction_chunk_size 0
gate_range	classification	panda	tanh_signed	Tanh [-1,1]	43	0.5	16	public	gate_range_panda_tanh_signed_s43	python -u -m slide_level_srp.train_panda --run_name gate_range_panda_tanh_signed_s43 --arch transmil --mode srp_signed_gated --split_mode global_seed_holdout --global_seed 43 --seed 43 --neighbor_shuffle_seed 43 --out_dir ${GATEDSRP_COMPONENT_OUT:-runs/component_variants} --wandb_mode ${WANDB_MODE:-disabled} --epochs ${EPOCHS_PANDA_TRANSMIL:-20} --grad_accum ${GRAD_ACCUM_PANDA_TRANSMIL:-16} --feature_root ${PANDA_FEATURE_ROOT:?set PANDA_FEATURE_ROOT} --delta_scale 0.5 --gate_hidden_dim 16 --gate_output_init zero --gate_factorization full --srp_r_target knn8 --gate_activation tanh --srp_context_impl stacked --srp_correction_chunk_size 0
gate_range	classification	panda	tanh_signed	Tanh [-1,1]	44	0.5	16	public	gate_range_panda_tanh_signed_s44	python -u -m slide_level_srp.train_panda --run_name gate_range_panda_tanh_signed_s44 --arch transmil --mode srp_signed_gated --split_mode global_seed_holdout --global_seed 44 --seed 44 --neighbor_shuffle_seed 44 --out_dir ${GATEDSRP_COMPONENT_OUT:-runs/component_variants} --wandb_mode ${WANDB_MODE:-disabled} --epochs ${EPOCHS_PANDA_TRANSMIL:-20} --grad_accum ${GRAD_ACCUM_PANDA_TRANSMIL:-16} --feature_root ${PANDA_FEATURE_ROOT:?set PANDA_FEATURE_ROOT} --delta_scale 0.5 --gate_hidden_dim 16 --gate_output_init zero --gate_factorization full --srp_r_target knn8 --gate_activation tanh --srp_context_impl stacked --srp_correction_chunk_size 0
gate_range	classification	panda	tanh_signed	Tanh [-1,1]	45	0.5	16	public	gate_range_panda_tanh_signed_s45	python -u -m slide_level_srp.train_panda --run_name gate_range_panda_tanh_signed_s45 --arch transmil --mode srp_signed_gated --split_mode global_seed_holdout --global_seed 45 --seed 45 --neighbor_shuffle_seed 45 --out_dir ${GATEDSRP_COMPONENT_OUT:-runs/component_variants} --wandb_mode ${WANDB_MODE:-disabled} --epochs ${EPOCHS_PANDA_TRANSMIL:-20} --grad_accum ${GRAD_ACCUM_PANDA_TRANSMIL:-16} --feature_root ${PANDA_FEATURE_ROOT:?set PANDA_FEATURE_ROOT} --delta_scale 0.5 --gate_hidden_dim 16 --gate_output_init zero --gate_factorization full --srp_r_target knn8 --gate_activation tanh --srp_context_impl stacked --srp_correction_chunk_size 0
gate_range	classification	panda	tanh_signed	Tanh [-1,1]	46	0.5	16	public	gate_range_panda_tanh_signed_s46	python -u -m slide_level_srp.train_panda --run_name gate_range_panda_tanh_signed_s46 --arch transmil --mode srp_signed_gated --split_mode global_seed_holdout --global_seed 46 --seed 46 --neighbor_shuffle_seed 46 --out_dir ${GATEDSRP_COMPONENT_OUT:-runs/component_variants} --wandb_mode ${WANDB_MODE:-disabled} --epochs ${EPOCHS_PANDA_TRANSMIL:-20} --grad_accum ${GRAD_ACCUM_PANDA_TRANSMIL:-16} --feature_root ${PANDA_FEATURE_ROOT:?set PANDA_FEATURE_ROOT} --delta_scale 0.5 --gate_hidden_dim 16 --gate_output_init zero --gate_factorization full --srp_r_target knn8 --gate_activation tanh --srp_context_impl stacked --srp_correction_chunk_size 0
gate_range	classification	bracs	sigmoid01	Sigmoid [0,1]	42	0.5	128	public	gate_range_bracs_sigmoid01_s42	python -u slide_level_srp/train.py --run_name gate_range_bracs_sigmoid01_s42 --dataset bracs --variant srp_patch_signed_gated --in_dim 1536 --num_classes 7 --split_mode global_seed_holdout --global_seed 42 --seed 42 --neighbor_shuffle_seed 42 --out_dir ${GATEDSRP_COMPONENT_OUT:-runs/component_variants} --wandb_mode ${WANDB_MODE:-disabled} --epochs ${EPOCHS_SLIDE:-15} --grad_accum ${GRAD_ACCUM:-16} --feature_root ${BRACS_FEATURE_ROOT:?set BRACS_FEATURE_ROOT} --feature_key ${BRACS_FEATURE_KEY:-features/uni_v2} --delta_scale 0.5 --gate_hidden_dim 128 --gate_output_init zero --gate_factorization full --gate_activation sigmoid01 --srp_context_impl stacked --srp_correction_chunk_size 0
gate_range	classification	bracs	sigmoid01	Sigmoid [0,1]	43	0.5	128	public	gate_range_bracs_sigmoid01_s43	python -u slide_level_srp/train.py --run_name gate_range_bracs_sigmoid01_s43 --dataset bracs --variant srp_patch_signed_gated --in_dim 1536 --num_classes 7 --split_mode global_seed_holdout --global_seed 43 --seed 43 --neighbor_shuffle_seed 43 --out_dir ${GATEDSRP_COMPONENT_OUT:-runs/component_variants} --wandb_mode ${WANDB_MODE:-disabled} --epochs ${EPOCHS_SLIDE:-15} --grad_accum ${GRAD_ACCUM:-16} --feature_root ${BRACS_FEATURE_ROOT:?set BRACS_FEATURE_ROOT} --feature_key ${BRACS_FEATURE_KEY:-features/uni_v2} --delta_scale 0.5 --gate_hidden_dim 128 --gate_output_init zero --gate_factorization full --gate_activation sigmoid01 --srp_context_impl stacked --srp_correction_chunk_size 0
gate_range	classification	bracs	sigmoid01	Sigmoid [0,1]	44	0.5	128	public	gate_range_bracs_sigmoid01_s44	python -u slide_level_srp/train.py --run_name gate_range_bracs_sigmoid01_s44 --dataset bracs --variant srp_patch_signed_gated --in_dim 1536 --num_classes 7 --split_mode global_seed_holdout --global_seed 44 --seed 44 --neighbor_shuffle_seed 44 --out_dir ${GATEDSRP_COMPONENT_OUT:-runs/component_variants} --wandb_mode ${WANDB_MODE:-disabled} --epochs ${EPOCHS_SLIDE:-15} --grad_accum ${GRAD_ACCUM:-16} --feature_root ${BRACS_FEATURE_ROOT:?set BRACS_FEATURE_ROOT} --feature_key ${BRACS_FEATURE_KEY:-features/uni_v2} --delta_scale 0.5 --gate_hidden_dim 128 --gate_output_init zero --gate_factorization full --gate_activation sigmoid01 --srp_context_impl stacked --srp_correction_chunk_size 0
gate_range	classification	bracs	sigmoid01	Sigmoid [0,1]	45	0.5	128	public	gate_range_bracs_sigmoid01_s45	python -u slide_level_srp/train.py --run_name gate_range_bracs_sigmoid01_s45 --dataset bracs --variant srp_patch_signed_gated --in_dim 1536 --num_classes 7 --split_mode global_seed_holdout --global_seed 45 --seed 45 --neighbor_shuffle_seed 45 --out_dir ${GATEDSRP_COMPONENT_OUT:-runs/component_variants} --wandb_mode ${WANDB_MODE:-disabled} --epochs ${EPOCHS_SLIDE:-15} --grad_accum ${GRAD_ACCUM:-16} --feature_root ${BRACS_FEATURE_ROOT:?set BRACS_FEATURE_ROOT} --feature_key ${BRACS_FEATURE_KEY:-features/uni_v2} --delta_scale 0.5 --gate_hidden_dim 128 --gate_output_init zero --gate_factorization full --gate_activation sigmoid01 --srp_context_impl stacked --srp_correction_chunk_size 0
gate_range	classification	bracs	sigmoid01	Sigmoid [0,1]	46	0.5	128	public	gate_range_bracs_sigmoid01_s46	python -u slide_level_srp/train.py --run_name gate_range_bracs_sigmoid01_s46 --dataset bracs --variant srp_patch_signed_gated --in_dim 1536 --num_classes 7 --split_mode global_seed_holdout --global_seed 46 --seed 46 --neighbor_shuffle_seed 46 --out_dir ${GATEDSRP_COMPONENT_OUT:-runs/component_variants} --wandb_mode ${WANDB_MODE:-disabled} --epochs ${EPOCHS_SLIDE:-15} --grad_accum ${GRAD_ACCUM:-16} --feature_root ${BRACS_FEATURE_ROOT:?set BRACS_FEATURE_ROOT} --feature_key ${BRACS_FEATURE_KEY:-features/uni_v2} --delta_scale 0.5 --gate_hidden_dim 128 --gate_output_init zero --gate_factorization full --gate_activation sigmoid01 --srp_context_impl stacked --srp_correction_chunk_size 0
gate_range	classification	bracs	tanh_signed	Tanh [-1,1]	42	0.5	128	public	gate_range_bracs_tanh_signed_s42	python -u slide_level_srp/train.py --run_name gate_range_bracs_tanh_signed_s42 --dataset bracs --variant srp_patch_signed_gated --in_dim 1536 --num_classes 7 --split_mode global_seed_holdout --global_seed 42 --seed 42 --neighbor_shuffle_seed 42 --out_dir ${GATEDSRP_COMPONENT_OUT:-runs/component_variants} --wandb_mode ${WANDB_MODE:-disabled} --epochs ${EPOCHS_SLIDE:-15} --grad_accum ${GRAD_ACCUM:-16} --feature_root ${BRACS_FEATURE_ROOT:?set BRACS_FEATURE_ROOT} --feature_key ${BRACS_FEATURE_KEY:-features/uni_v2} --delta_scale 0.5 --gate_hidden_dim 128 --gate_output_init zero --gate_factorization full --gate_activation tanh --srp_context_impl stacked --srp_correction_chunk_size 0
gate_range	classification	bracs	tanh_signed	Tanh [-1,1]	43	0.5	128	public	gate_range_bracs_tanh_signed_s43	python -u slide_level_srp/train.py --run_name gate_range_bracs_tanh_signed_s43 --dataset bracs --variant srp_patch_signed_gated --in_dim 1536 --num_classes 7 --split_mode global_seed_holdout --global_seed 43 --seed 43 --neighbor_shuffle_seed 43 --out_dir ${GATEDSRP_COMPONENT_OUT:-runs/component_variants} --wandb_mode ${WANDB_MODE:-disabled} --epochs ${EPOCHS_SLIDE:-15} --grad_accum ${GRAD_ACCUM:-16} --feature_root ${BRACS_FEATURE_ROOT:?set BRACS_FEATURE_ROOT} --feature_key ${BRACS_FEATURE_KEY:-features/uni_v2} --delta_scale 0.5 --gate_hidden_dim 128 --gate_output_init zero --gate_factorization full --gate_activation tanh --srp_context_impl stacked --srp_correction_chunk_size 0
gate_range	classification	bracs	tanh_signed	Tanh [-1,1]	44	0.5	128	public	gate_range_bracs_tanh_signed_s44	python -u slide_level_srp/train.py --run_name gate_range_bracs_tanh_signed_s44 --dataset bracs --variant srp_patch_signed_gated --in_dim 1536 --num_classes 7 --split_mode global_seed_holdout --global_seed 44 --seed 44 --neighbor_shuffle_seed 44 --out_dir ${GATEDSRP_COMPONENT_OUT:-runs/component_variants} --wandb_mode ${WANDB_MODE:-disabled} --epochs ${EPOCHS_SLIDE:-15} --grad_accum ${GRAD_ACCUM:-16} --feature_root ${BRACS_FEATURE_ROOT:?set BRACS_FEATURE_ROOT} --feature_key ${BRACS_FEATURE_KEY:-features/uni_v2} --delta_scale 0.5 --gate_hidden_dim 128 --gate_output_init zero --gate_factorization full --gate_activation tanh --srp_context_impl stacked --srp_correction_chunk_size 0
gate_range	classification	bracs	tanh_signed	Tanh [-1,1]	45	0.5	128	public	gate_range_bracs_tanh_signed_s45	python -u slide_level_srp/train.py --run_name gate_range_bracs_tanh_signed_s45 --dataset bracs --variant srp_patch_signed_gated --in_dim 1536 --num_classes 7 --split_mode global_seed_holdout --global_seed 45 --seed 45 --neighbor_shuffle_seed 45 --out_dir ${GATEDSRP_COMPONENT_OUT:-runs/component_variants} --wandb_mode ${WANDB_MODE:-disabled} --epochs ${EPOCHS_SLIDE:-15} --grad_accum ${GRAD_ACCUM:-16} --feature_root ${BRACS_FEATURE_ROOT:?set BRACS_FEATURE_ROOT} --feature_key ${BRACS_FEATURE_KEY:-features/uni_v2} --delta_scale 0.5 --gate_hidden_dim 128 --gate_output_init zero --gate_factorization full --gate_activation tanh --srp_context_impl stacked --srp_correction_chunk_size 0
gate_range	classification	bracs	tanh_signed	Tanh [-1,1]	46	0.5	128	public	gate_range_bracs_tanh_signed_s46	python -u slide_level_srp/train.py --run_name gate_range_bracs_tanh_signed_s46 --dataset bracs --variant srp_patch_signed_gated --in_dim 1536 --num_classes 7 --split_mode global_seed_holdout --global_seed 46 --seed 46 --neighbor_shuffle_seed 46 --out_dir ${GATEDSRP_COMPONENT_OUT:-runs/component_variants} --wandb_mode ${WANDB_MODE:-disabled} --epochs ${EPOCHS_SLIDE:-15} --grad_accum ${GRAD_ACCUM:-16} --feature_root ${BRACS_FEATURE_ROOT:?set BRACS_FEATURE_ROOT} --feature_key ${BRACS_FEATURE_KEY:-features/uni_v2} --delta_scale 0.5 --gate_hidden_dim 128 --gate_output_init zero --gate_factorization full --gate_activation tanh --srp_context_impl stacked --srp_correction_chunk_size 0
gate_gradients	survival	KIRP	live_inputs	Live inputs	42	2	32	public	gate_gradients_kirp_live_inputs_s42	python -u slide_level_srp/train_survival.py --run_name gate_gradients_kirp_live_inputs_s42 --cohort KIRP --endpoint OS --split_mode global_seed_holdout --global_seed 42 --seed 42 --neighbor_shuffle_seed 42 --n_folds 5 --variant srp_patch_signed_gated --out_dir ${GATEDSRP_COMPONENT_OUT:-runs/component_variants} --wandb_mode ${WANDB_MODE:-disabled} --epochs ${EPOCHS_TCGA_SURVIVAL:-20} --grad_accum ${GRAD_ACCUM_TCGA_SURVIVAL:-1} --base_lr ${LR_TCGA_SURVIVAL:-1e-4} --weight_decay ${WD_TCGA_SURVIVAL:-1e-5} --feature_root ${TCGA_FEATURE_ROOT:?set TCGA_FEATURE_ROOT} --feature_key ${TCGA_FEATURE_KEY:-features/uni_v2} --in_dim 1536 --delta_scale 2 --gate_hidden_dim 32 --gate_output_init zero --gate_activation tanh --gate_factorization full --no_detach_gate_inputs --label_csv ${TCGA_SURVIVAL_LABEL_CSV:?set TCGA_SURVIVAL_LABEL_CSV} --srp_context_impl stacked --srp_correction_chunk_size 0
gate_gradients	survival	KIRP	live_inputs	Live inputs	43	2	32	public	gate_gradients_kirp_live_inputs_s43	python -u slide_level_srp/train_survival.py --run_name gate_gradients_kirp_live_inputs_s43 --cohort KIRP --endpoint OS --split_mode global_seed_holdout --global_seed 43 --seed 43 --neighbor_shuffle_seed 43 --n_folds 5 --variant srp_patch_signed_gated --out_dir ${GATEDSRP_COMPONENT_OUT:-runs/component_variants} --wandb_mode ${WANDB_MODE:-disabled} --epochs ${EPOCHS_TCGA_SURVIVAL:-20} --grad_accum ${GRAD_ACCUM_TCGA_SURVIVAL:-1} --base_lr ${LR_TCGA_SURVIVAL:-1e-4} --weight_decay ${WD_TCGA_SURVIVAL:-1e-5} --feature_root ${TCGA_FEATURE_ROOT:?set TCGA_FEATURE_ROOT} --feature_key ${TCGA_FEATURE_KEY:-features/uni_v2} --in_dim 1536 --delta_scale 2 --gate_hidden_dim 32 --gate_output_init zero --gate_activation tanh --gate_factorization full --no_detach_gate_inputs --label_csv ${TCGA_SURVIVAL_LABEL_CSV:?set TCGA_SURVIVAL_LABEL_CSV} --srp_context_impl stacked --srp_correction_chunk_size 0
gate_gradients	survival	KIRP	live_inputs	Live inputs	44	2	32	public	gate_gradients_kirp_live_inputs_s44	python -u slide_level_srp/train_survival.py --run_name gate_gradients_kirp_live_inputs_s44 --cohort KIRP --endpoint OS --split_mode global_seed_holdout --global_seed 44 --seed 44 --neighbor_shuffle_seed 44 --n_folds 5 --variant srp_patch_signed_gated --out_dir ${GATEDSRP_COMPONENT_OUT:-runs/component_variants} --wandb_mode ${WANDB_MODE:-disabled} --epochs ${EPOCHS_TCGA_SURVIVAL:-20} --grad_accum ${GRAD_ACCUM_TCGA_SURVIVAL:-1} --base_lr ${LR_TCGA_SURVIVAL:-1e-4} --weight_decay ${WD_TCGA_SURVIVAL:-1e-5} --feature_root ${TCGA_FEATURE_ROOT:?set TCGA_FEATURE_ROOT} --feature_key ${TCGA_FEATURE_KEY:-features/uni_v2} --in_dim 1536 --delta_scale 2 --gate_hidden_dim 32 --gate_output_init zero --gate_activation tanh --gate_factorization full --no_detach_gate_inputs --label_csv ${TCGA_SURVIVAL_LABEL_CSV:?set TCGA_SURVIVAL_LABEL_CSV} --srp_context_impl stacked --srp_correction_chunk_size 0
gate_gradients	survival	KIRP	live_inputs	Live inputs	45	2	32	public	gate_gradients_kirp_live_inputs_s45	python -u slide_level_srp/train_survival.py --run_name gate_gradients_kirp_live_inputs_s45 --cohort KIRP --endpoint OS --split_mode global_seed_holdout --global_seed 45 --seed 45 --neighbor_shuffle_seed 45 --n_folds 5 --variant srp_patch_signed_gated --out_dir ${GATEDSRP_COMPONENT_OUT:-runs/component_variants} --wandb_mode ${WANDB_MODE:-disabled} --epochs ${EPOCHS_TCGA_SURVIVAL:-20} --grad_accum ${GRAD_ACCUM_TCGA_SURVIVAL:-1} --base_lr ${LR_TCGA_SURVIVAL:-1e-4} --weight_decay ${WD_TCGA_SURVIVAL:-1e-5} --feature_root ${TCGA_FEATURE_ROOT:?set TCGA_FEATURE_ROOT} --feature_key ${TCGA_FEATURE_KEY:-features/uni_v2} --in_dim 1536 --delta_scale 2 --gate_hidden_dim 32 --gate_output_init zero --gate_activation tanh --gate_factorization full --no_detach_gate_inputs --label_csv ${TCGA_SURVIVAL_LABEL_CSV:?set TCGA_SURVIVAL_LABEL_CSV} --srp_context_impl stacked --srp_correction_chunk_size 0
gate_gradients	survival	KIRP	live_inputs	Live inputs	46	2	32	public	gate_gradients_kirp_live_inputs_s46	python -u slide_level_srp/train_survival.py --run_name gate_gradients_kirp_live_inputs_s46 --cohort KIRP --endpoint OS --split_mode global_seed_holdout --global_seed 46 --seed 46 --neighbor_shuffle_seed 46 --n_folds 5 --variant srp_patch_signed_gated --out_dir ${GATEDSRP_COMPONENT_OUT:-runs/component_variants} --wandb_mode ${WANDB_MODE:-disabled} --epochs ${EPOCHS_TCGA_SURVIVAL:-20} --grad_accum ${GRAD_ACCUM_TCGA_SURVIVAL:-1} --base_lr ${LR_TCGA_SURVIVAL:-1e-4} --weight_decay ${WD_TCGA_SURVIVAL:-1e-5} --feature_root ${TCGA_FEATURE_ROOT:?set TCGA_FEATURE_ROOT} --feature_key ${TCGA_FEATURE_KEY:-features/uni_v2} --in_dim 1536 --delta_scale 2 --gate_hidden_dim 32 --gate_output_init zero --gate_activation tanh --gate_factorization full --no_detach_gate_inputs --label_csv ${TCGA_SURVIVAL_LABEL_CSV:?set TCGA_SURVIVAL_LABEL_CSV} --srp_context_impl stacked --srp_correction_chunk_size 0
gate_gradients	survival	KIRP	detached_inputs	Detached inputs	42	2	32	public	gate_gradients_kirp_detached_inputs_s42	python -u slide_level_srp/train_survival.py --run_name gate_gradients_kirp_detached_inputs_s42 --cohort KIRP --endpoint OS --split_mode global_seed_holdout --global_seed 42 --seed 42 --neighbor_shuffle_seed 42 --n_folds 5 --variant srp_patch_signed_gated --out_dir ${GATEDSRP_COMPONENT_OUT:-runs/component_variants} --wandb_mode ${WANDB_MODE:-disabled} --epochs ${EPOCHS_TCGA_SURVIVAL:-20} --grad_accum ${GRAD_ACCUM_TCGA_SURVIVAL:-1} --base_lr ${LR_TCGA_SURVIVAL:-1e-4} --weight_decay ${WD_TCGA_SURVIVAL:-1e-5} --feature_root ${TCGA_FEATURE_ROOT:?set TCGA_FEATURE_ROOT} --feature_key ${TCGA_FEATURE_KEY:-features/uni_v2} --in_dim 1536 --delta_scale 2 --gate_hidden_dim 32 --gate_output_init zero --gate_activation tanh --gate_factorization full --label_csv ${TCGA_SURVIVAL_LABEL_CSV:?set TCGA_SURVIVAL_LABEL_CSV} --srp_context_impl stacked --srp_correction_chunk_size 0
gate_gradients	survival	KIRP	detached_inputs	Detached inputs	43	2	32	public	gate_gradients_kirp_detached_inputs_s43	python -u slide_level_srp/train_survival.py --run_name gate_gradients_kirp_detached_inputs_s43 --cohort KIRP --endpoint OS --split_mode global_seed_holdout --global_seed 43 --seed 43 --neighbor_shuffle_seed 43 --n_folds 5 --variant srp_patch_signed_gated --out_dir ${GATEDSRP_COMPONENT_OUT:-runs/component_variants} --wandb_mode ${WANDB_MODE:-disabled} --epochs ${EPOCHS_TCGA_SURVIVAL:-20} --grad_accum ${GRAD_ACCUM_TCGA_SURVIVAL:-1} --base_lr ${LR_TCGA_SURVIVAL:-1e-4} --weight_decay ${WD_TCGA_SURVIVAL:-1e-5} --feature_root ${TCGA_FEATURE_ROOT:?set TCGA_FEATURE_ROOT} --feature_key ${TCGA_FEATURE_KEY:-features/uni_v2} --in_dim 1536 --delta_scale 2 --gate_hidden_dim 32 --gate_output_init zero --gate_activation tanh --gate_factorization full --label_csv ${TCGA_SURVIVAL_LABEL_CSV:?set TCGA_SURVIVAL_LABEL_CSV} --srp_context_impl stacked --srp_correction_chunk_size 0
gate_gradients	survival	KIRP	detached_inputs	Detached inputs	44	2	32	public	gate_gradients_kirp_detached_inputs_s44	python -u slide_level_srp/train_survival.py --run_name gate_gradients_kirp_detached_inputs_s44 --cohort KIRP --endpoint OS --split_mode global_seed_holdout --global_seed 44 --seed 44 --neighbor_shuffle_seed 44 --n_folds 5 --variant srp_patch_signed_gated --out_dir ${GATEDSRP_COMPONENT_OUT:-runs/component_variants} --wandb_mode ${WANDB_MODE:-disabled} --epochs ${EPOCHS_TCGA_SURVIVAL:-20} --grad_accum ${GRAD_ACCUM_TCGA_SURVIVAL:-1} --base_lr ${LR_TCGA_SURVIVAL:-1e-4} --weight_decay ${WD_TCGA_SURVIVAL:-1e-5} --feature_root ${TCGA_FEATURE_ROOT:?set TCGA_FEATURE_ROOT} --feature_key ${TCGA_FEATURE_KEY:-features/uni_v2} --in_dim 1536 --delta_scale 2 --gate_hidden_dim 32 --gate_output_init zero --gate_activation tanh --gate_factorization full --label_csv ${TCGA_SURVIVAL_LABEL_CSV:?set TCGA_SURVIVAL_LABEL_CSV} --srp_context_impl stacked --srp_correction_chunk_size 0
gate_gradients	survival	KIRP	detached_inputs	Detached inputs	45	2	32	public	gate_gradients_kirp_detached_inputs_s45	python -u slide_level_srp/train_survival.py --run_name gate_gradients_kirp_detached_inputs_s45 --cohort KIRP --endpoint OS --split_mode global_seed_holdout --global_seed 45 --seed 45 --neighbor_shuffle_seed 45 --n_folds 5 --variant srp_patch_signed_gated --out_dir ${GATEDSRP_COMPONENT_OUT:-runs/component_variants} --wandb_mode ${WANDB_MODE:-disabled} --epochs ${EPOCHS_TCGA_SURVIVAL:-20} --grad_accum ${GRAD_ACCUM_TCGA_SURVIVAL:-1} --base_lr ${LR_TCGA_SURVIVAL:-1e-4} --weight_decay ${WD_TCGA_SURVIVAL:-1e-5} --feature_root ${TCGA_FEATURE_ROOT:?set TCGA_FEATURE_ROOT} --feature_key ${TCGA_FEATURE_KEY:-features/uni_v2} --in_dim 1536 --delta_scale 2 --gate_hidden_dim 32 --gate_output_init zero --gate_activation tanh --gate_factorization full --label_csv ${TCGA_SURVIVAL_LABEL_CSV:?set TCGA_SURVIVAL_LABEL_CSV} --srp_context_impl stacked --srp_correction_chunk_size 0
gate_gradients	survival	KIRP	detached_inputs	Detached inputs	46	2	32	public	gate_gradients_kirp_detached_inputs_s46	python -u slide_level_srp/train_survival.py --run_name gate_gradients_kirp_detached_inputs_s46 --cohort KIRP --endpoint OS --split_mode global_seed_holdout --global_seed 46 --seed 46 --neighbor_shuffle_seed 46 --n_folds 5 --variant srp_patch_signed_gated --out_dir ${GATEDSRP_COMPONENT_OUT:-runs/component_variants} --wandb_mode ${WANDB_MODE:-disabled} --epochs ${EPOCHS_TCGA_SURVIVAL:-20} --grad_accum ${GRAD_ACCUM_TCGA_SURVIVAL:-1} --base_lr ${LR_TCGA_SURVIVAL:-1e-4} --weight_decay ${WD_TCGA_SURVIVAL:-1e-5} --feature_root ${TCGA_FEATURE_ROOT:?set TCGA_FEATURE_ROOT} --feature_key ${TCGA_FEATURE_KEY:-features/uni_v2} --in_dim 1536 --delta_scale 2 --gate_hidden_dim 32 --gate_output_init zero --gate_activation tanh --gate_factorization full --label_csv ${TCGA_SURVIVAL_LABEL_CSV:?set TCGA_SURVIVAL_LABEL_CSV} --srp_context_impl stacked --srp_correction_chunk_size 0
gate_gradients	survival	LUAD	live_inputs	Live inputs	42	1	128	public	gate_gradients_luad_live_inputs_s42	python -u slide_level_srp/train_survival.py --run_name gate_gradients_luad_live_inputs_s42 --cohort LUAD --endpoint OS --split_mode global_seed_holdout --global_seed 42 --seed 42 --neighbor_shuffle_seed 42 --n_folds 5 --variant srp_patch_signed_gated --out_dir ${GATEDSRP_COMPONENT_OUT:-runs/component_variants} --wandb_mode ${WANDB_MODE:-disabled} --epochs ${EPOCHS_TCGA_SURVIVAL:-20} --grad_accum ${GRAD_ACCUM_TCGA_SURVIVAL:-1} --base_lr ${LR_TCGA_SURVIVAL:-1e-4} --weight_decay ${WD_TCGA_SURVIVAL:-1e-5} --feature_root ${TCGA_FEATURE_ROOT:?set TCGA_FEATURE_ROOT} --feature_key ${TCGA_FEATURE_KEY:-features/uni_v2} --in_dim 1536 --delta_scale 1 --gate_hidden_dim 128 --gate_output_init zero --gate_activation tanh --gate_factorization full --no_detach_gate_inputs --label_csv ${TCGA_SURVIVAL_LABEL_CSV:?set TCGA_SURVIVAL_LABEL_CSV} --srp_context_impl stacked --srp_correction_chunk_size 0
gate_gradients	survival	LUAD	live_inputs	Live inputs	43	1	128	public	gate_gradients_luad_live_inputs_s43	python -u slide_level_srp/train_survival.py --run_name gate_gradients_luad_live_inputs_s43 --cohort LUAD --endpoint OS --split_mode global_seed_holdout --global_seed 43 --seed 43 --neighbor_shuffle_seed 43 --n_folds 5 --variant srp_patch_signed_gated --out_dir ${GATEDSRP_COMPONENT_OUT:-runs/component_variants} --wandb_mode ${WANDB_MODE:-disabled} --epochs ${EPOCHS_TCGA_SURVIVAL:-20} --grad_accum ${GRAD_ACCUM_TCGA_SURVIVAL:-1} --base_lr ${LR_TCGA_SURVIVAL:-1e-4} --weight_decay ${WD_TCGA_SURVIVAL:-1e-5} --feature_root ${TCGA_FEATURE_ROOT:?set TCGA_FEATURE_ROOT} --feature_key ${TCGA_FEATURE_KEY:-features/uni_v2} --in_dim 1536 --delta_scale 1 --gate_hidden_dim 128 --gate_output_init zero --gate_activation tanh --gate_factorization full --no_detach_gate_inputs --label_csv ${TCGA_SURVIVAL_LABEL_CSV:?set TCGA_SURVIVAL_LABEL_CSV} --srp_context_impl stacked --srp_correction_chunk_size 0
gate_gradients	survival	LUAD	live_inputs	Live inputs	44	1	128	public	gate_gradients_luad_live_inputs_s44	python -u slide_level_srp/train_survival.py --run_name gate_gradients_luad_live_inputs_s44 --cohort LUAD --endpoint OS --split_mode global_seed_holdout --global_seed 44 --seed 44 --neighbor_shuffle_seed 44 --n_folds 5 --variant srp_patch_signed_gated --out_dir ${GATEDSRP_COMPONENT_OUT:-runs/component_variants} --wandb_mode ${WANDB_MODE:-disabled} --epochs ${EPOCHS_TCGA_SURVIVAL:-20} --grad_accum ${GRAD_ACCUM_TCGA_SURVIVAL:-1} --base_lr ${LR_TCGA_SURVIVAL:-1e-4} --weight_decay ${WD_TCGA_SURVIVAL:-1e-5} --feature_root ${TCGA_FEATURE_ROOT:?set TCGA_FEATURE_ROOT} --feature_key ${TCGA_FEATURE_KEY:-features/uni_v2} --in_dim 1536 --delta_scale 1 --gate_hidden_dim 128 --gate_output_init zero --gate_activation tanh --gate_factorization full --no_detach_gate_inputs --label_csv ${TCGA_SURVIVAL_LABEL_CSV:?set TCGA_SURVIVAL_LABEL_CSV} --srp_context_impl stacked --srp_correction_chunk_size 0
gate_gradients	survival	LUAD	live_inputs	Live inputs	45	1	128	public	gate_gradients_luad_live_inputs_s45	python -u slide_level_srp/train_survival.py --run_name gate_gradients_luad_live_inputs_s45 --cohort LUAD --endpoint OS --split_mode global_seed_holdout --global_seed 45 --seed 45 --neighbor_shuffle_seed 45 --n_folds 5 --variant srp_patch_signed_gated --out_dir ${GATEDSRP_COMPONENT_OUT:-runs/component_variants} --wandb_mode ${WANDB_MODE:-disabled} --epochs ${EPOCHS_TCGA_SURVIVAL:-20} --grad_accum ${GRAD_ACCUM_TCGA_SURVIVAL:-1} --base_lr ${LR_TCGA_SURVIVAL:-1e-4} --weight_decay ${WD_TCGA_SURVIVAL:-1e-5} --feature_root ${TCGA_FEATURE_ROOT:?set TCGA_FEATURE_ROOT} --feature_key ${TCGA_FEATURE_KEY:-features/uni_v2} --in_dim 1536 --delta_scale 1 --gate_hidden_dim 128 --gate_output_init zero --gate_activation tanh --gate_factorization full --no_detach_gate_inputs --label_csv ${TCGA_SURVIVAL_LABEL_CSV:?set TCGA_SURVIVAL_LABEL_CSV} --srp_context_impl stacked --srp_correction_chunk_size 0
gate_gradients	survival	LUAD	live_inputs	Live inputs	46	1	128	public	gate_gradients_luad_live_inputs_s46	python -u slide_level_srp/train_survival.py --run_name gate_gradients_luad_live_inputs_s46 --cohort LUAD --endpoint OS --split_mode global_seed_holdout --global_seed 46 --seed 46 --neighbor_shuffle_seed 46 --n_folds 5 --variant srp_patch_signed_gated --out_dir ${GATEDSRP_COMPONENT_OUT:-runs/component_variants} --wandb_mode ${WANDB_MODE:-disabled} --epochs ${EPOCHS_TCGA_SURVIVAL:-20} --grad_accum ${GRAD_ACCUM_TCGA_SURVIVAL:-1} --base_lr ${LR_TCGA_SURVIVAL:-1e-4} --weight_decay ${WD_TCGA_SURVIVAL:-1e-5} --feature_root ${TCGA_FEATURE_ROOT:?set TCGA_FEATURE_ROOT} --feature_key ${TCGA_FEATURE_KEY:-features/uni_v2} --in_dim 1536 --delta_scale 1 --gate_hidden_dim 128 --gate_output_init zero --gate_activation tanh --gate_factorization full --no_detach_gate_inputs --label_csv ${TCGA_SURVIVAL_LABEL_CSV:?set TCGA_SURVIVAL_LABEL_CSV} --srp_context_impl stacked --srp_correction_chunk_size 0
gate_gradients	survival	LUAD	detached_inputs	Detached inputs	42	1	128	public	gate_gradients_luad_detached_inputs_s42	python -u slide_level_srp/train_survival.py --run_name gate_gradients_luad_detached_inputs_s42 --cohort LUAD --endpoint OS --split_mode global_seed_holdout --global_seed 42 --seed 42 --neighbor_shuffle_seed 42 --n_folds 5 --variant srp_patch_signed_gated --out_dir ${GATEDSRP_COMPONENT_OUT:-runs/component_variants} --wandb_mode ${WANDB_MODE:-disabled} --epochs ${EPOCHS_TCGA_SURVIVAL:-20} --grad_accum ${GRAD_ACCUM_TCGA_SURVIVAL:-1} --base_lr ${LR_TCGA_SURVIVAL:-1e-4} --weight_decay ${WD_TCGA_SURVIVAL:-1e-5} --feature_root ${TCGA_FEATURE_ROOT:?set TCGA_FEATURE_ROOT} --feature_key ${TCGA_FEATURE_KEY:-features/uni_v2} --in_dim 1536 --delta_scale 1 --gate_hidden_dim 128 --gate_output_init zero --gate_activation tanh --gate_factorization full --label_csv ${TCGA_SURVIVAL_LABEL_CSV:?set TCGA_SURVIVAL_LABEL_CSV} --srp_context_impl stacked --srp_correction_chunk_size 0
gate_gradients	survival	LUAD	detached_inputs	Detached inputs	43	1	128	public	gate_gradients_luad_detached_inputs_s43	python -u slide_level_srp/train_survival.py --run_name gate_gradients_luad_detached_inputs_s43 --cohort LUAD --endpoint OS --split_mode global_seed_holdout --global_seed 43 --seed 43 --neighbor_shuffle_seed 43 --n_folds 5 --variant srp_patch_signed_gated --out_dir ${GATEDSRP_COMPONENT_OUT:-runs/component_variants} --wandb_mode ${WANDB_MODE:-disabled} --epochs ${EPOCHS_TCGA_SURVIVAL:-20} --grad_accum ${GRAD_ACCUM_TCGA_SURVIVAL:-1} --base_lr ${LR_TCGA_SURVIVAL:-1e-4} --weight_decay ${WD_TCGA_SURVIVAL:-1e-5} --feature_root ${TCGA_FEATURE_ROOT:?set TCGA_FEATURE_ROOT} --feature_key ${TCGA_FEATURE_KEY:-features/uni_v2} --in_dim 1536 --delta_scale 1 --gate_hidden_dim 128 --gate_output_init zero --gate_activation tanh --gate_factorization full --label_csv ${TCGA_SURVIVAL_LABEL_CSV:?set TCGA_SURVIVAL_LABEL_CSV} --srp_context_impl stacked --srp_correction_chunk_size 0
gate_gradients	survival	LUAD	detached_inputs	Detached inputs	44	1	128	public	gate_gradients_luad_detached_inputs_s44	python -u slide_level_srp/train_survival.py --run_name gate_gradients_luad_detached_inputs_s44 --cohort LUAD --endpoint OS --split_mode global_seed_holdout --global_seed 44 --seed 44 --neighbor_shuffle_seed 44 --n_folds 5 --variant srp_patch_signed_gated --out_dir ${GATEDSRP_COMPONENT_OUT:-runs/component_variants} --wandb_mode ${WANDB_MODE:-disabled} --epochs ${EPOCHS_TCGA_SURVIVAL:-20} --grad_accum ${GRAD_ACCUM_TCGA_SURVIVAL:-1} --base_lr ${LR_TCGA_SURVIVAL:-1e-4} --weight_decay ${WD_TCGA_SURVIVAL:-1e-5} --feature_root ${TCGA_FEATURE_ROOT:?set TCGA_FEATURE_ROOT} --feature_key ${TCGA_FEATURE_KEY:-features/uni_v2} --in_dim 1536 --delta_scale 1 --gate_hidden_dim 128 --gate_output_init zero --gate_activation tanh --gate_factorization full --label_csv ${TCGA_SURVIVAL_LABEL_CSV:?set TCGA_SURVIVAL_LABEL_CSV} --srp_context_impl stacked --srp_correction_chunk_size 0
gate_gradients	survival	LUAD	detached_inputs	Detached inputs	45	1	128	public	gate_gradients_luad_detached_inputs_s45	python -u slide_level_srp/train_survival.py --run_name gate_gradients_luad_detached_inputs_s45 --cohort LUAD --endpoint OS --split_mode global_seed_holdout --global_seed 45 --seed 45 --neighbor_shuffle_seed 45 --n_folds 5 --variant srp_patch_signed_gated --out_dir ${GATEDSRP_COMPONENT_OUT:-runs/component_variants} --wandb_mode ${WANDB_MODE:-disabled} --epochs ${EPOCHS_TCGA_SURVIVAL:-20} --grad_accum ${GRAD_ACCUM_TCGA_SURVIVAL:-1} --base_lr ${LR_TCGA_SURVIVAL:-1e-4} --weight_decay ${WD_TCGA_SURVIVAL:-1e-5} --feature_root ${TCGA_FEATURE_ROOT:?set TCGA_FEATURE_ROOT} --feature_key ${TCGA_FEATURE_KEY:-features/uni_v2} --in_dim 1536 --delta_scale 1 --gate_hidden_dim 128 --gate_output_init zero --gate_activation tanh --gate_factorization full --label_csv ${TCGA_SURVIVAL_LABEL_CSV:?set TCGA_SURVIVAL_LABEL_CSV} --srp_context_impl stacked --srp_correction_chunk_size 0
gate_gradients	survival	LUAD	detached_inputs	Detached inputs	46	1	128	public	gate_gradients_luad_detached_inputs_s46	python -u slide_level_srp/train_survival.py --run_name gate_gradients_luad_detached_inputs_s46 --cohort LUAD --endpoint OS --split_mode global_seed_holdout --global_seed 46 --seed 46 --neighbor_shuffle_seed 46 --n_folds 5 --variant srp_patch_signed_gated --out_dir ${GATEDSRP_COMPONENT_OUT:-runs/component_variants} --wandb_mode ${WANDB_MODE:-disabled} --epochs ${EPOCHS_TCGA_SURVIVAL:-20} --grad_accum ${GRAD_ACCUM_TCGA_SURVIVAL:-1} --base_lr ${LR_TCGA_SURVIVAL:-1e-4} --weight_decay ${WD_TCGA_SURVIVAL:-1e-5} --feature_root ${TCGA_FEATURE_ROOT:?set TCGA_FEATURE_ROOT} --feature_key ${TCGA_FEATURE_KEY:-features/uni_v2} --in_dim 1536 --delta_scale 1 --gate_hidden_dim 128 --gate_output_init zero --gate_activation tanh --gate_factorization full --label_csv ${TCGA_SURVIVAL_LABEL_CSV:?set TCGA_SURVIVAL_LABEL_CSV} --srp_context_impl stacked --srp_correction_chunk_size 0
gate_gradients	survival	STAD	live_inputs	Live inputs	42	0.5	128	public	gate_gradients_stad_live_inputs_s42	python -u slide_level_srp/train_survival.py --run_name gate_gradients_stad_live_inputs_s42 --cohort STAD --endpoint OS --split_mode global_seed_holdout --global_seed 42 --seed 42 --neighbor_shuffle_seed 42 --n_folds 5 --variant srp_patch_signed_gated --out_dir ${GATEDSRP_COMPONENT_OUT:-runs/component_variants} --wandb_mode ${WANDB_MODE:-disabled} --epochs ${EPOCHS_TCGA_SURVIVAL:-20} --grad_accum ${GRAD_ACCUM_TCGA_SURVIVAL:-1} --base_lr ${LR_TCGA_SURVIVAL:-1e-4} --weight_decay ${WD_TCGA_SURVIVAL:-1e-5} --feature_root ${TCGA_FEATURE_ROOT:?set TCGA_FEATURE_ROOT} --feature_key ${TCGA_FEATURE_KEY:-features/uni_v2} --in_dim 1536 --delta_scale 0.5 --gate_hidden_dim 128 --gate_output_init zero --gate_activation tanh --gate_factorization full --no_detach_gate_inputs --label_csv ${TCGA_SURVIVAL_LABEL_CSV:?set TCGA_SURVIVAL_LABEL_CSV} --srp_context_impl stacked --srp_correction_chunk_size 0
gate_gradients	survival	STAD	live_inputs	Live inputs	43	0.5	128	public	gate_gradients_stad_live_inputs_s43	python -u slide_level_srp/train_survival.py --run_name gate_gradients_stad_live_inputs_s43 --cohort STAD --endpoint OS --split_mode global_seed_holdout --global_seed 43 --seed 43 --neighbor_shuffle_seed 43 --n_folds 5 --variant srp_patch_signed_gated --out_dir ${GATEDSRP_COMPONENT_OUT:-runs/component_variants} --wandb_mode ${WANDB_MODE:-disabled} --epochs ${EPOCHS_TCGA_SURVIVAL:-20} --grad_accum ${GRAD_ACCUM_TCGA_SURVIVAL:-1} --base_lr ${LR_TCGA_SURVIVAL:-1e-4} --weight_decay ${WD_TCGA_SURVIVAL:-1e-5} --feature_root ${TCGA_FEATURE_ROOT:?set TCGA_FEATURE_ROOT} --feature_key ${TCGA_FEATURE_KEY:-features/uni_v2} --in_dim 1536 --delta_scale 0.5 --gate_hidden_dim 128 --gate_output_init zero --gate_activation tanh --gate_factorization full --no_detach_gate_inputs --label_csv ${TCGA_SURVIVAL_LABEL_CSV:?set TCGA_SURVIVAL_LABEL_CSV} --srp_context_impl stacked --srp_correction_chunk_size 0
gate_gradients	survival	STAD	live_inputs	Live inputs	44	0.5	128	public	gate_gradients_stad_live_inputs_s44	python -u slide_level_srp/train_survival.py --run_name gate_gradients_stad_live_inputs_s44 --cohort STAD --endpoint OS --split_mode global_seed_holdout --global_seed 44 --seed 44 --neighbor_shuffle_seed 44 --n_folds 5 --variant srp_patch_signed_gated --out_dir ${GATEDSRP_COMPONENT_OUT:-runs/component_variants} --wandb_mode ${WANDB_MODE:-disabled} --epochs ${EPOCHS_TCGA_SURVIVAL:-20} --grad_accum ${GRAD_ACCUM_TCGA_SURVIVAL:-1} --base_lr ${LR_TCGA_SURVIVAL:-1e-4} --weight_decay ${WD_TCGA_SURVIVAL:-1e-5} --feature_root ${TCGA_FEATURE_ROOT:?set TCGA_FEATURE_ROOT} --feature_key ${TCGA_FEATURE_KEY:-features/uni_v2} --in_dim 1536 --delta_scale 0.5 --gate_hidden_dim 128 --gate_output_init zero --gate_activation tanh --gate_factorization full --no_detach_gate_inputs --label_csv ${TCGA_SURVIVAL_LABEL_CSV:?set TCGA_SURVIVAL_LABEL_CSV} --srp_context_impl stacked --srp_correction_chunk_size 0
gate_gradients	survival	STAD	live_inputs	Live inputs	45	0.5	128	public	gate_gradients_stad_live_inputs_s45	python -u slide_level_srp/train_survival.py --run_name gate_gradients_stad_live_inputs_s45 --cohort STAD --endpoint OS --split_mode global_seed_holdout --global_seed 45 --seed 45 --neighbor_shuffle_seed 45 --n_folds 5 --variant srp_patch_signed_gated --out_dir ${GATEDSRP_COMPONENT_OUT:-runs/component_variants} --wandb_mode ${WANDB_MODE:-disabled} --epochs ${EPOCHS_TCGA_SURVIVAL:-20} --grad_accum ${GRAD_ACCUM_TCGA_SURVIVAL:-1} --base_lr ${LR_TCGA_SURVIVAL:-1e-4} --weight_decay ${WD_TCGA_SURVIVAL:-1e-5} --feature_root ${TCGA_FEATURE_ROOT:?set TCGA_FEATURE_ROOT} --feature_key ${TCGA_FEATURE_KEY:-features/uni_v2} --in_dim 1536 --delta_scale 0.5 --gate_hidden_dim 128 --gate_output_init zero --gate_activation tanh --gate_factorization full --no_detach_gate_inputs --label_csv ${TCGA_SURVIVAL_LABEL_CSV:?set TCGA_SURVIVAL_LABEL_CSV} --srp_context_impl stacked --srp_correction_chunk_size 0
gate_gradients	survival	STAD	live_inputs	Live inputs	46	0.5	128	public	gate_gradients_stad_live_inputs_s46	python -u slide_level_srp/train_survival.py --run_name gate_gradients_stad_live_inputs_s46 --cohort STAD --endpoint OS --split_mode global_seed_holdout --global_seed 46 --seed 46 --neighbor_shuffle_seed 46 --n_folds 5 --variant srp_patch_signed_gated --out_dir ${GATEDSRP_COMPONENT_OUT:-runs/component_variants} --wandb_mode ${WANDB_MODE:-disabled} --epochs ${EPOCHS_TCGA_SURVIVAL:-20} --grad_accum ${GRAD_ACCUM_TCGA_SURVIVAL:-1} --base_lr ${LR_TCGA_SURVIVAL:-1e-4} --weight_decay ${WD_TCGA_SURVIVAL:-1e-5} --feature_root ${TCGA_FEATURE_ROOT:?set TCGA_FEATURE_ROOT} --feature_key ${TCGA_FEATURE_KEY:-features/uni_v2} --in_dim 1536 --delta_scale 0.5 --gate_hidden_dim 128 --gate_output_init zero --gate_activation tanh --gate_factorization full --no_detach_gate_inputs --label_csv ${TCGA_SURVIVAL_LABEL_CSV:?set TCGA_SURVIVAL_LABEL_CSV} --srp_context_impl stacked --srp_correction_chunk_size 0
gate_gradients	survival	STAD	detached_inputs	Detached inputs	42	0.5	128	public	gate_gradients_stad_detached_inputs_s42	python -u slide_level_srp/train_survival.py --run_name gate_gradients_stad_detached_inputs_s42 --cohort STAD --endpoint OS --split_mode global_seed_holdout --global_seed 42 --seed 42 --neighbor_shuffle_seed 42 --n_folds 5 --variant srp_patch_signed_gated --out_dir ${GATEDSRP_COMPONENT_OUT:-runs/component_variants} --wandb_mode ${WANDB_MODE:-disabled} --epochs ${EPOCHS_TCGA_SURVIVAL:-20} --grad_accum ${GRAD_ACCUM_TCGA_SURVIVAL:-1} --base_lr ${LR_TCGA_SURVIVAL:-1e-4} --weight_decay ${WD_TCGA_SURVIVAL:-1e-5} --feature_root ${TCGA_FEATURE_ROOT:?set TCGA_FEATURE_ROOT} --feature_key ${TCGA_FEATURE_KEY:-features/uni_v2} --in_dim 1536 --delta_scale 0.5 --gate_hidden_dim 128 --gate_output_init zero --gate_activation tanh --gate_factorization full --label_csv ${TCGA_SURVIVAL_LABEL_CSV:?set TCGA_SURVIVAL_LABEL_CSV} --srp_context_impl stacked --srp_correction_chunk_size 0
gate_gradients	survival	STAD	detached_inputs	Detached inputs	43	0.5	128	public	gate_gradients_stad_detached_inputs_s43	python -u slide_level_srp/train_survival.py --run_name gate_gradients_stad_detached_inputs_s43 --cohort STAD --endpoint OS --split_mode global_seed_holdout --global_seed 43 --seed 43 --neighbor_shuffle_seed 43 --n_folds 5 --variant srp_patch_signed_gated --out_dir ${GATEDSRP_COMPONENT_OUT:-runs/component_variants} --wandb_mode ${WANDB_MODE:-disabled} --epochs ${EPOCHS_TCGA_SURVIVAL:-20} --grad_accum ${GRAD_ACCUM_TCGA_SURVIVAL:-1} --base_lr ${LR_TCGA_SURVIVAL:-1e-4} --weight_decay ${WD_TCGA_SURVIVAL:-1e-5} --feature_root ${TCGA_FEATURE_ROOT:?set TCGA_FEATURE_ROOT} --feature_key ${TCGA_FEATURE_KEY:-features/uni_v2} --in_dim 1536 --delta_scale 0.5 --gate_hidden_dim 128 --gate_output_init zero --gate_activation tanh --gate_factorization full --label_csv ${TCGA_SURVIVAL_LABEL_CSV:?set TCGA_SURVIVAL_LABEL_CSV} --srp_context_impl stacked --srp_correction_chunk_size 0
gate_gradients	survival	STAD	detached_inputs	Detached inputs	44	0.5	128	public	gate_gradients_stad_detached_inputs_s44	python -u slide_level_srp/train_survival.py --run_name gate_gradients_stad_detached_inputs_s44 --cohort STAD --endpoint OS --split_mode global_seed_holdout --global_seed 44 --seed 44 --neighbor_shuffle_seed 44 --n_folds 5 --variant srp_patch_signed_gated --out_dir ${GATEDSRP_COMPONENT_OUT:-runs/component_variants} --wandb_mode ${WANDB_MODE:-disabled} --epochs ${EPOCHS_TCGA_SURVIVAL:-20} --grad_accum ${GRAD_ACCUM_TCGA_SURVIVAL:-1} --base_lr ${LR_TCGA_SURVIVAL:-1e-4} --weight_decay ${WD_TCGA_SURVIVAL:-1e-5} --feature_root ${TCGA_FEATURE_ROOT:?set TCGA_FEATURE_ROOT} --feature_key ${TCGA_FEATURE_KEY:-features/uni_v2} --in_dim 1536 --delta_scale 0.5 --gate_hidden_dim 128 --gate_output_init zero --gate_activation tanh --gate_factorization full --label_csv ${TCGA_SURVIVAL_LABEL_CSV:?set TCGA_SURVIVAL_LABEL_CSV} --srp_context_impl stacked --srp_correction_chunk_size 0
gate_gradients	survival	STAD	detached_inputs	Detached inputs	45	0.5	128	public	gate_gradients_stad_detached_inputs_s45	python -u slide_level_srp/train_survival.py --run_name gate_gradients_stad_detached_inputs_s45 --cohort STAD --endpoint OS --split_mode global_seed_holdout --global_seed 45 --seed 45 --neighbor_shuffle_seed 45 --n_folds 5 --variant srp_patch_signed_gated --out_dir ${GATEDSRP_COMPONENT_OUT:-runs/component_variants} --wandb_mode ${WANDB_MODE:-disabled} --epochs ${EPOCHS_TCGA_SURVIVAL:-20} --grad_accum ${GRAD_ACCUM_TCGA_SURVIVAL:-1} --base_lr ${LR_TCGA_SURVIVAL:-1e-4} --weight_decay ${WD_TCGA_SURVIVAL:-1e-5} --feature_root ${TCGA_FEATURE_ROOT:?set TCGA_FEATURE_ROOT} --feature_key ${TCGA_FEATURE_KEY:-features/uni_v2} --in_dim 1536 --delta_scale 0.5 --gate_hidden_dim 128 --gate_output_init zero --gate_activation tanh --gate_factorization full --label_csv ${TCGA_SURVIVAL_LABEL_CSV:?set TCGA_SURVIVAL_LABEL_CSV} --srp_context_impl stacked --srp_correction_chunk_size 0
gate_gradients	survival	STAD	detached_inputs	Detached inputs	46	0.5	128	public	gate_gradients_stad_detached_inputs_s46	python -u slide_level_srp/train_survival.py --run_name gate_gradients_stad_detached_inputs_s46 --cohort STAD --endpoint OS --split_mode global_seed_holdout --global_seed 46 --seed 46 --neighbor_shuffle_seed 46 --n_folds 5 --variant srp_patch_signed_gated --out_dir ${GATEDSRP_COMPONENT_OUT:-runs/component_variants} --wandb_mode ${WANDB_MODE:-disabled} --epochs ${EPOCHS_TCGA_SURVIVAL:-20} --grad_accum ${GRAD_ACCUM_TCGA_SURVIVAL:-1} --base_lr ${LR_TCGA_SURVIVAL:-1e-4} --weight_decay ${WD_TCGA_SURVIVAL:-1e-5} --feature_root ${TCGA_FEATURE_ROOT:?set TCGA_FEATURE_ROOT} --feature_key ${TCGA_FEATURE_KEY:-features/uni_v2} --in_dim 1536 --delta_scale 0.5 --gate_hidden_dim 128 --gate_output_init zero --gate_activation tanh --gate_factorization full --label_csv ${TCGA_SURVIVAL_LABEL_CSV:?set TCGA_SURVIVAL_LABEL_CSV} --srp_context_impl stacked --srp_correction_chunk_size 0
gate_gradients	classification	kgh	live_inputs	Live inputs	42	1	64	restricted	gate_gradients_kgh_live_inputs_s42	python -u slide_level_srp/train.py --run_name gate_gradients_kgh_live_inputs_s42 --dataset kgh --variant srp_patch_signed_gated --in_dim 1536 --num_classes 4 --split_mode global_seed_holdout --global_seed 42 --seed 42 --neighbor_shuffle_seed 42 --out_dir ${GATEDSRP_COMPONENT_OUT:-runs/component_variants} --wandb_mode ${WANDB_MODE:-disabled} --epochs ${EPOCHS_SLIDE:-15} --grad_accum ${GRAD_ACCUM:-16} --kgh_true_4class --feature_root ${KGH_FEATURE_ROOT:?set KGH_FEATURE_ROOT} --feature_key ${KGH_FEATURE_KEY:-features/uni_v2} --delta_scale 1 --gate_hidden_dim 64 --gate_output_init zero --gate_activation tanh --gate_factorization full --no_detach_gate_inputs --srp_context_impl stacked --srp_correction_chunk_size 0
gate_gradients	classification	kgh	live_inputs	Live inputs	43	1	64	restricted	gate_gradients_kgh_live_inputs_s43	python -u slide_level_srp/train.py --run_name gate_gradients_kgh_live_inputs_s43 --dataset kgh --variant srp_patch_signed_gated --in_dim 1536 --num_classes 4 --split_mode global_seed_holdout --global_seed 43 --seed 43 --neighbor_shuffle_seed 43 --out_dir ${GATEDSRP_COMPONENT_OUT:-runs/component_variants} --wandb_mode ${WANDB_MODE:-disabled} --epochs ${EPOCHS_SLIDE:-15} --grad_accum ${GRAD_ACCUM:-16} --kgh_true_4class --feature_root ${KGH_FEATURE_ROOT:?set KGH_FEATURE_ROOT} --feature_key ${KGH_FEATURE_KEY:-features/uni_v2} --delta_scale 1 --gate_hidden_dim 64 --gate_output_init zero --gate_activation tanh --gate_factorization full --no_detach_gate_inputs --srp_context_impl stacked --srp_correction_chunk_size 0
gate_gradients	classification	kgh	live_inputs	Live inputs	44	1	64	restricted	gate_gradients_kgh_live_inputs_s44	python -u slide_level_srp/train.py --run_name gate_gradients_kgh_live_inputs_s44 --dataset kgh --variant srp_patch_signed_gated --in_dim 1536 --num_classes 4 --split_mode global_seed_holdout --global_seed 44 --seed 44 --neighbor_shuffle_seed 44 --out_dir ${GATEDSRP_COMPONENT_OUT:-runs/component_variants} --wandb_mode ${WANDB_MODE:-disabled} --epochs ${EPOCHS_SLIDE:-15} --grad_accum ${GRAD_ACCUM:-16} --kgh_true_4class --feature_root ${KGH_FEATURE_ROOT:?set KGH_FEATURE_ROOT} --feature_key ${KGH_FEATURE_KEY:-features/uni_v2} --delta_scale 1 --gate_hidden_dim 64 --gate_output_init zero --gate_activation tanh --gate_factorization full --no_detach_gate_inputs --srp_context_impl stacked --srp_correction_chunk_size 0
gate_gradients	classification	kgh	live_inputs	Live inputs	45	1	64	restricted	gate_gradients_kgh_live_inputs_s45	python -u slide_level_srp/train.py --run_name gate_gradients_kgh_live_inputs_s45 --dataset kgh --variant srp_patch_signed_gated --in_dim 1536 --num_classes 4 --split_mode global_seed_holdout --global_seed 45 --seed 45 --neighbor_shuffle_seed 45 --out_dir ${GATEDSRP_COMPONENT_OUT:-runs/component_variants} --wandb_mode ${WANDB_MODE:-disabled} --epochs ${EPOCHS_SLIDE:-15} --grad_accum ${GRAD_ACCUM:-16} --kgh_true_4class --feature_root ${KGH_FEATURE_ROOT:?set KGH_FEATURE_ROOT} --feature_key ${KGH_FEATURE_KEY:-features/uni_v2} --delta_scale 1 --gate_hidden_dim 64 --gate_output_init zero --gate_activation tanh --gate_factorization full --no_detach_gate_inputs --srp_context_impl stacked --srp_correction_chunk_size 0
gate_gradients	classification	kgh	live_inputs	Live inputs	46	1	64	restricted	gate_gradients_kgh_live_inputs_s46	python -u slide_level_srp/train.py --run_name gate_gradients_kgh_live_inputs_s46 --dataset kgh --variant srp_patch_signed_gated --in_dim 1536 --num_classes 4 --split_mode global_seed_holdout --global_seed 46 --seed 46 --neighbor_shuffle_seed 46 --out_dir ${GATEDSRP_COMPONENT_OUT:-runs/component_variants} --wandb_mode ${WANDB_MODE:-disabled} --epochs ${EPOCHS_SLIDE:-15} --grad_accum ${GRAD_ACCUM:-16} --kgh_true_4class --feature_root ${KGH_FEATURE_ROOT:?set KGH_FEATURE_ROOT} --feature_key ${KGH_FEATURE_KEY:-features/uni_v2} --delta_scale 1 --gate_hidden_dim 64 --gate_output_init zero --gate_activation tanh --gate_factorization full --no_detach_gate_inputs --srp_context_impl stacked --srp_correction_chunk_size 0
gate_gradients	classification	kgh	detached_inputs	Detached inputs	42	1	64	restricted	gate_gradients_kgh_detached_inputs_s42	python -u slide_level_srp/train.py --run_name gate_gradients_kgh_detached_inputs_s42 --dataset kgh --variant srp_patch_signed_gated --in_dim 1536 --num_classes 4 --split_mode global_seed_holdout --global_seed 42 --seed 42 --neighbor_shuffle_seed 42 --out_dir ${GATEDSRP_COMPONENT_OUT:-runs/component_variants} --wandb_mode ${WANDB_MODE:-disabled} --epochs ${EPOCHS_SLIDE:-15} --grad_accum ${GRAD_ACCUM:-16} --kgh_true_4class --feature_root ${KGH_FEATURE_ROOT:?set KGH_FEATURE_ROOT} --feature_key ${KGH_FEATURE_KEY:-features/uni_v2} --delta_scale 1 --gate_hidden_dim 64 --gate_output_init zero --gate_activation tanh --gate_factorization full --srp_context_impl stacked --srp_correction_chunk_size 0
gate_gradients	classification	kgh	detached_inputs	Detached inputs	43	1	64	restricted	gate_gradients_kgh_detached_inputs_s43	python -u slide_level_srp/train.py --run_name gate_gradients_kgh_detached_inputs_s43 --dataset kgh --variant srp_patch_signed_gated --in_dim 1536 --num_classes 4 --split_mode global_seed_holdout --global_seed 43 --seed 43 --neighbor_shuffle_seed 43 --out_dir ${GATEDSRP_COMPONENT_OUT:-runs/component_variants} --wandb_mode ${WANDB_MODE:-disabled} --epochs ${EPOCHS_SLIDE:-15} --grad_accum ${GRAD_ACCUM:-16} --kgh_true_4class --feature_root ${KGH_FEATURE_ROOT:?set KGH_FEATURE_ROOT} --feature_key ${KGH_FEATURE_KEY:-features/uni_v2} --delta_scale 1 --gate_hidden_dim 64 --gate_output_init zero --gate_activation tanh --gate_factorization full --srp_context_impl stacked --srp_correction_chunk_size 0
gate_gradients	classification	kgh	detached_inputs	Detached inputs	44	1	64	restricted	gate_gradients_kgh_detached_inputs_s44	python -u slide_level_srp/train.py --run_name gate_gradients_kgh_detached_inputs_s44 --dataset kgh --variant srp_patch_signed_gated --in_dim 1536 --num_classes 4 --split_mode global_seed_holdout --global_seed 44 --seed 44 --neighbor_shuffle_seed 44 --out_dir ${GATEDSRP_COMPONENT_OUT:-runs/component_variants} --wandb_mode ${WANDB_MODE:-disabled} --epochs ${EPOCHS_SLIDE:-15} --grad_accum ${GRAD_ACCUM:-16} --kgh_true_4class --feature_root ${KGH_FEATURE_ROOT:?set KGH_FEATURE_ROOT} --feature_key ${KGH_FEATURE_KEY:-features/uni_v2} --delta_scale 1 --gate_hidden_dim 64 --gate_output_init zero --gate_activation tanh --gate_factorization full --srp_context_impl stacked --srp_correction_chunk_size 0
gate_gradients	classification	kgh	detached_inputs	Detached inputs	45	1	64	restricted	gate_gradients_kgh_detached_inputs_s45	python -u slide_level_srp/train.py --run_name gate_gradients_kgh_detached_inputs_s45 --dataset kgh --variant srp_patch_signed_gated --in_dim 1536 --num_classes 4 --split_mode global_seed_holdout --global_seed 45 --seed 45 --neighbor_shuffle_seed 45 --out_dir ${GATEDSRP_COMPONENT_OUT:-runs/component_variants} --wandb_mode ${WANDB_MODE:-disabled} --epochs ${EPOCHS_SLIDE:-15} --grad_accum ${GRAD_ACCUM:-16} --kgh_true_4class --feature_root ${KGH_FEATURE_ROOT:?set KGH_FEATURE_ROOT} --feature_key ${KGH_FEATURE_KEY:-features/uni_v2} --delta_scale 1 --gate_hidden_dim 64 --gate_output_init zero --gate_activation tanh --gate_factorization full --srp_context_impl stacked --srp_correction_chunk_size 0
gate_gradients	classification	kgh	detached_inputs	Detached inputs	46	1	64	restricted	gate_gradients_kgh_detached_inputs_s46	python -u slide_level_srp/train.py --run_name gate_gradients_kgh_detached_inputs_s46 --dataset kgh --variant srp_patch_signed_gated --in_dim 1536 --num_classes 4 --split_mode global_seed_holdout --global_seed 46 --seed 46 --neighbor_shuffle_seed 46 --out_dir ${GATEDSRP_COMPONENT_OUT:-runs/component_variants} --wandb_mode ${WANDB_MODE:-disabled} --epochs ${EPOCHS_SLIDE:-15} --grad_accum ${GRAD_ACCUM:-16} --kgh_true_4class --feature_root ${KGH_FEATURE_ROOT:?set KGH_FEATURE_ROOT} --feature_key ${KGH_FEATURE_KEY:-features/uni_v2} --delta_scale 1 --gate_hidden_dim 64 --gate_output_init zero --gate_activation tanh --gate_factorization full --srp_context_impl stacked --srp_correction_chunk_size 0
gate_gradients	classification	panda	live_inputs	Live inputs	42	0.5	16	public	gate_gradients_panda_live_inputs_s42	python -u -m slide_level_srp.train_panda --run_name gate_gradients_panda_live_inputs_s42 --arch transmil --mode srp_signed_gated --split_mode global_seed_holdout --global_seed 42 --seed 42 --neighbor_shuffle_seed 42 --out_dir ${GATEDSRP_COMPONENT_OUT:-runs/component_variants} --wandb_mode ${WANDB_MODE:-disabled} --epochs ${EPOCHS_PANDA_TRANSMIL:-20} --grad_accum ${GRAD_ACCUM_PANDA_TRANSMIL:-16} --feature_root ${PANDA_FEATURE_ROOT:?set PANDA_FEATURE_ROOT} --delta_scale 0.5 --gate_hidden_dim 16 --gate_output_init zero --gate_activation tanh --gate_factorization full --srp_r_target knn8 --no_detach_gate_inputs --srp_context_impl stacked --srp_correction_chunk_size 0
gate_gradients	classification	panda	live_inputs	Live inputs	43	0.5	16	public	gate_gradients_panda_live_inputs_s43	python -u -m slide_level_srp.train_panda --run_name gate_gradients_panda_live_inputs_s43 --arch transmil --mode srp_signed_gated --split_mode global_seed_holdout --global_seed 43 --seed 43 --neighbor_shuffle_seed 43 --out_dir ${GATEDSRP_COMPONENT_OUT:-runs/component_variants} --wandb_mode ${WANDB_MODE:-disabled} --epochs ${EPOCHS_PANDA_TRANSMIL:-20} --grad_accum ${GRAD_ACCUM_PANDA_TRANSMIL:-16} --feature_root ${PANDA_FEATURE_ROOT:?set PANDA_FEATURE_ROOT} --delta_scale 0.5 --gate_hidden_dim 16 --gate_output_init zero --gate_activation tanh --gate_factorization full --srp_r_target knn8 --no_detach_gate_inputs --srp_context_impl stacked --srp_correction_chunk_size 0
gate_gradients	classification	panda	live_inputs	Live inputs	44	0.5	16	public	gate_gradients_panda_live_inputs_s44	python -u -m slide_level_srp.train_panda --run_name gate_gradients_panda_live_inputs_s44 --arch transmil --mode srp_signed_gated --split_mode global_seed_holdout --global_seed 44 --seed 44 --neighbor_shuffle_seed 44 --out_dir ${GATEDSRP_COMPONENT_OUT:-runs/component_variants} --wandb_mode ${WANDB_MODE:-disabled} --epochs ${EPOCHS_PANDA_TRANSMIL:-20} --grad_accum ${GRAD_ACCUM_PANDA_TRANSMIL:-16} --feature_root ${PANDA_FEATURE_ROOT:?set PANDA_FEATURE_ROOT} --delta_scale 0.5 --gate_hidden_dim 16 --gate_output_init zero --gate_activation tanh --gate_factorization full --srp_r_target knn8 --no_detach_gate_inputs --srp_context_impl stacked --srp_correction_chunk_size 0
gate_gradients	classification	panda	live_inputs	Live inputs	45	0.5	16	public	gate_gradients_panda_live_inputs_s45	python -u -m slide_level_srp.train_panda --run_name gate_gradients_panda_live_inputs_s45 --arch transmil --mode srp_signed_gated --split_mode global_seed_holdout --global_seed 45 --seed 45 --neighbor_shuffle_seed 45 --out_dir ${GATEDSRP_COMPONENT_OUT:-runs/component_variants} --wandb_mode ${WANDB_MODE:-disabled} --epochs ${EPOCHS_PANDA_TRANSMIL:-20} --grad_accum ${GRAD_ACCUM_PANDA_TRANSMIL:-16} --feature_root ${PANDA_FEATURE_ROOT:?set PANDA_FEATURE_ROOT} --delta_scale 0.5 --gate_hidden_dim 16 --gate_output_init zero --gate_activation tanh --gate_factorization full --srp_r_target knn8 --no_detach_gate_inputs --srp_context_impl stacked --srp_correction_chunk_size 0
gate_gradients	classification	panda	live_inputs	Live inputs	46	0.5	16	public	gate_gradients_panda_live_inputs_s46	python -u -m slide_level_srp.train_panda --run_name gate_gradients_panda_live_inputs_s46 --arch transmil --mode srp_signed_gated --split_mode global_seed_holdout --global_seed 46 --seed 46 --neighbor_shuffle_seed 46 --out_dir ${GATEDSRP_COMPONENT_OUT:-runs/component_variants} --wandb_mode ${WANDB_MODE:-disabled} --epochs ${EPOCHS_PANDA_TRANSMIL:-20} --grad_accum ${GRAD_ACCUM_PANDA_TRANSMIL:-16} --feature_root ${PANDA_FEATURE_ROOT:?set PANDA_FEATURE_ROOT} --delta_scale 0.5 --gate_hidden_dim 16 --gate_output_init zero --gate_activation tanh --gate_factorization full --srp_r_target knn8 --no_detach_gate_inputs --srp_context_impl stacked --srp_correction_chunk_size 0
gate_gradients	classification	panda	detached_inputs	Detached inputs	42	0.5	16	public	gate_gradients_panda_detached_inputs_s42	python -u -m slide_level_srp.train_panda --run_name gate_gradients_panda_detached_inputs_s42 --arch transmil --mode srp_signed_gated --split_mode global_seed_holdout --global_seed 42 --seed 42 --neighbor_shuffle_seed 42 --out_dir ${GATEDSRP_COMPONENT_OUT:-runs/component_variants} --wandb_mode ${WANDB_MODE:-disabled} --epochs ${EPOCHS_PANDA_TRANSMIL:-20} --grad_accum ${GRAD_ACCUM_PANDA_TRANSMIL:-16} --feature_root ${PANDA_FEATURE_ROOT:?set PANDA_FEATURE_ROOT} --delta_scale 0.5 --gate_hidden_dim 16 --gate_output_init zero --gate_activation tanh --gate_factorization full --srp_r_target knn8 --srp_context_impl stacked --srp_correction_chunk_size 0
gate_gradients	classification	panda	detached_inputs	Detached inputs	43	0.5	16	public	gate_gradients_panda_detached_inputs_s43	python -u -m slide_level_srp.train_panda --run_name gate_gradients_panda_detached_inputs_s43 --arch transmil --mode srp_signed_gated --split_mode global_seed_holdout --global_seed 43 --seed 43 --neighbor_shuffle_seed 43 --out_dir ${GATEDSRP_COMPONENT_OUT:-runs/component_variants} --wandb_mode ${WANDB_MODE:-disabled} --epochs ${EPOCHS_PANDA_TRANSMIL:-20} --grad_accum ${GRAD_ACCUM_PANDA_TRANSMIL:-16} --feature_root ${PANDA_FEATURE_ROOT:?set PANDA_FEATURE_ROOT} --delta_scale 0.5 --gate_hidden_dim 16 --gate_output_init zero --gate_activation tanh --gate_factorization full --srp_r_target knn8 --srp_context_impl stacked --srp_correction_chunk_size 0
gate_gradients	classification	panda	detached_inputs	Detached inputs	44	0.5	16	public	gate_gradients_panda_detached_inputs_s44	python -u -m slide_level_srp.train_panda --run_name gate_gradients_panda_detached_inputs_s44 --arch transmil --mode srp_signed_gated --split_mode global_seed_holdout --global_seed 44 --seed 44 --neighbor_shuffle_seed 44 --out_dir ${GATEDSRP_COMPONENT_OUT:-runs/component_variants} --wandb_mode ${WANDB_MODE:-disabled} --epochs ${EPOCHS_PANDA_TRANSMIL:-20} --grad_accum ${GRAD_ACCUM_PANDA_TRANSMIL:-16} --feature_root ${PANDA_FEATURE_ROOT:?set PANDA_FEATURE_ROOT} --delta_scale 0.5 --gate_hidden_dim 16 --gate_output_init zero --gate_activation tanh --gate_factorization full --srp_r_target knn8 --srp_context_impl stacked --srp_correction_chunk_size 0
gate_gradients	classification	panda	detached_inputs	Detached inputs	45	0.5	16	public	gate_gradients_panda_detached_inputs_s45	python -u -m slide_level_srp.train_panda --run_name gate_gradients_panda_detached_inputs_s45 --arch transmil --mode srp_signed_gated --split_mode global_seed_holdout --global_seed 45 --seed 45 --neighbor_shuffle_seed 45 --out_dir ${GATEDSRP_COMPONENT_OUT:-runs/component_variants} --wandb_mode ${WANDB_MODE:-disabled} --epochs ${EPOCHS_PANDA_TRANSMIL:-20} --grad_accum ${GRAD_ACCUM_PANDA_TRANSMIL:-16} --feature_root ${PANDA_FEATURE_ROOT:?set PANDA_FEATURE_ROOT} --delta_scale 0.5 --gate_hidden_dim 16 --gate_output_init zero --gate_activation tanh --gate_factorization full --srp_r_target knn8 --srp_context_impl stacked --srp_correction_chunk_size 0
gate_gradients	classification	panda	detached_inputs	Detached inputs	46	0.5	16	public	gate_gradients_panda_detached_inputs_s46	python -u -m slide_level_srp.train_panda --run_name gate_gradients_panda_detached_inputs_s46 --arch transmil --mode srp_signed_gated --split_mode global_seed_holdout --global_seed 46 --seed 46 --neighbor_shuffle_seed 46 --out_dir ${GATEDSRP_COMPONENT_OUT:-runs/component_variants} --wandb_mode ${WANDB_MODE:-disabled} --epochs ${EPOCHS_PANDA_TRANSMIL:-20} --grad_accum ${GRAD_ACCUM_PANDA_TRANSMIL:-16} --feature_root ${PANDA_FEATURE_ROOT:?set PANDA_FEATURE_ROOT} --delta_scale 0.5 --gate_hidden_dim 16 --gate_output_init zero --gate_activation tanh --gate_factorization full --srp_r_target knn8 --srp_context_impl stacked --srp_correction_chunk_size 0
gate_gradients	classification	bracs	live_inputs	Live inputs	42	0.5	128	public	gate_gradients_bracs_live_inputs_s42	python -u slide_level_srp/train.py --run_name gate_gradients_bracs_live_inputs_s42 --dataset bracs --variant srp_patch_signed_gated --in_dim 1536 --num_classes 7 --split_mode global_seed_holdout --global_seed 42 --seed 42 --neighbor_shuffle_seed 42 --out_dir ${GATEDSRP_COMPONENT_OUT:-runs/component_variants} --wandb_mode ${WANDB_MODE:-disabled} --epochs ${EPOCHS_SLIDE:-15} --grad_accum ${GRAD_ACCUM:-16} --feature_root ${BRACS_FEATURE_ROOT:?set BRACS_FEATURE_ROOT} --feature_key ${BRACS_FEATURE_KEY:-features/uni_v2} --delta_scale 0.5 --gate_hidden_dim 128 --gate_output_init zero --gate_activation tanh --gate_factorization full --no_detach_gate_inputs --srp_context_impl stacked --srp_correction_chunk_size 0
gate_gradients	classification	bracs	live_inputs	Live inputs	43	0.5	128	public	gate_gradients_bracs_live_inputs_s43	python -u slide_level_srp/train.py --run_name gate_gradients_bracs_live_inputs_s43 --dataset bracs --variant srp_patch_signed_gated --in_dim 1536 --num_classes 7 --split_mode global_seed_holdout --global_seed 43 --seed 43 --neighbor_shuffle_seed 43 --out_dir ${GATEDSRP_COMPONENT_OUT:-runs/component_variants} --wandb_mode ${WANDB_MODE:-disabled} --epochs ${EPOCHS_SLIDE:-15} --grad_accum ${GRAD_ACCUM:-16} --feature_root ${BRACS_FEATURE_ROOT:?set BRACS_FEATURE_ROOT} --feature_key ${BRACS_FEATURE_KEY:-features/uni_v2} --delta_scale 0.5 --gate_hidden_dim 128 --gate_output_init zero --gate_activation tanh --gate_factorization full --no_detach_gate_inputs --srp_context_impl stacked --srp_correction_chunk_size 0
gate_gradients	classification	bracs	live_inputs	Live inputs	44	0.5	128	public	gate_gradients_bracs_live_inputs_s44	python -u slide_level_srp/train.py --run_name gate_gradients_bracs_live_inputs_s44 --dataset bracs --variant srp_patch_signed_gated --in_dim 1536 --num_classes 7 --split_mode global_seed_holdout --global_seed 44 --seed 44 --neighbor_shuffle_seed 44 --out_dir ${GATEDSRP_COMPONENT_OUT:-runs/component_variants} --wandb_mode ${WANDB_MODE:-disabled} --epochs ${EPOCHS_SLIDE:-15} --grad_accum ${GRAD_ACCUM:-16} --feature_root ${BRACS_FEATURE_ROOT:?set BRACS_FEATURE_ROOT} --feature_key ${BRACS_FEATURE_KEY:-features/uni_v2} --delta_scale 0.5 --gate_hidden_dim 128 --gate_output_init zero --gate_activation tanh --gate_factorization full --no_detach_gate_inputs --srp_context_impl stacked --srp_correction_chunk_size 0
gate_gradients	classification	bracs	live_inputs	Live inputs	45	0.5	128	public	gate_gradients_bracs_live_inputs_s45	python -u slide_level_srp/train.py --run_name gate_gradients_bracs_live_inputs_s45 --dataset bracs --variant srp_patch_signed_gated --in_dim 1536 --num_classes 7 --split_mode global_seed_holdout --global_seed 45 --seed 45 --neighbor_shuffle_seed 45 --out_dir ${GATEDSRP_COMPONENT_OUT:-runs/component_variants} --wandb_mode ${WANDB_MODE:-disabled} --epochs ${EPOCHS_SLIDE:-15} --grad_accum ${GRAD_ACCUM:-16} --feature_root ${BRACS_FEATURE_ROOT:?set BRACS_FEATURE_ROOT} --feature_key ${BRACS_FEATURE_KEY:-features/uni_v2} --delta_scale 0.5 --gate_hidden_dim 128 --gate_output_init zero --gate_activation tanh --gate_factorization full --no_detach_gate_inputs --srp_context_impl stacked --srp_correction_chunk_size 0
gate_gradients	classification	bracs	live_inputs	Live inputs	46	0.5	128	public	gate_gradients_bracs_live_inputs_s46	python -u slide_level_srp/train.py --run_name gate_gradients_bracs_live_inputs_s46 --dataset bracs --variant srp_patch_signed_gated --in_dim 1536 --num_classes 7 --split_mode global_seed_holdout --global_seed 46 --seed 46 --neighbor_shuffle_seed 46 --out_dir ${GATEDSRP_COMPONENT_OUT:-runs/component_variants} --wandb_mode ${WANDB_MODE:-disabled} --epochs ${EPOCHS_SLIDE:-15} --grad_accum ${GRAD_ACCUM:-16} --feature_root ${BRACS_FEATURE_ROOT:?set BRACS_FEATURE_ROOT} --feature_key ${BRACS_FEATURE_KEY:-features/uni_v2} --delta_scale 0.5 --gate_hidden_dim 128 --gate_output_init zero --gate_activation tanh --gate_factorization full --no_detach_gate_inputs --srp_context_impl stacked --srp_correction_chunk_size 0
gate_gradients	classification	bracs	detached_inputs	Detached inputs	42	0.5	128	public	gate_gradients_bracs_detached_inputs_s42	python -u slide_level_srp/train.py --run_name gate_gradients_bracs_detached_inputs_s42 --dataset bracs --variant srp_patch_signed_gated --in_dim 1536 --num_classes 7 --split_mode global_seed_holdout --global_seed 42 --seed 42 --neighbor_shuffle_seed 42 --out_dir ${GATEDSRP_COMPONENT_OUT:-runs/component_variants} --wandb_mode ${WANDB_MODE:-disabled} --epochs ${EPOCHS_SLIDE:-15} --grad_accum ${GRAD_ACCUM:-16} --feature_root ${BRACS_FEATURE_ROOT:?set BRACS_FEATURE_ROOT} --feature_key ${BRACS_FEATURE_KEY:-features/uni_v2} --delta_scale 0.5 --gate_hidden_dim 128 --gate_output_init zero --gate_activation tanh --gate_factorization full --srp_context_impl stacked --srp_correction_chunk_size 0
gate_gradients	classification	bracs	detached_inputs	Detached inputs	43	0.5	128	public	gate_gradients_bracs_detached_inputs_s43	python -u slide_level_srp/train.py --run_name gate_gradients_bracs_detached_inputs_s43 --dataset bracs --variant srp_patch_signed_gated --in_dim 1536 --num_classes 7 --split_mode global_seed_holdout --global_seed 43 --seed 43 --neighbor_shuffle_seed 43 --out_dir ${GATEDSRP_COMPONENT_OUT:-runs/component_variants} --wandb_mode ${WANDB_MODE:-disabled} --epochs ${EPOCHS_SLIDE:-15} --grad_accum ${GRAD_ACCUM:-16} --feature_root ${BRACS_FEATURE_ROOT:?set BRACS_FEATURE_ROOT} --feature_key ${BRACS_FEATURE_KEY:-features/uni_v2} --delta_scale 0.5 --gate_hidden_dim 128 --gate_output_init zero --gate_activation tanh --gate_factorization full --srp_context_impl stacked --srp_correction_chunk_size 0
gate_gradients	classification	bracs	detached_inputs	Detached inputs	44	0.5	128	public	gate_gradients_bracs_detached_inputs_s44	python -u slide_level_srp/train.py --run_name gate_gradients_bracs_detached_inputs_s44 --dataset bracs --variant srp_patch_signed_gated --in_dim 1536 --num_classes 7 --split_mode global_seed_holdout --global_seed 44 --seed 44 --neighbor_shuffle_seed 44 --out_dir ${GATEDSRP_COMPONENT_OUT:-runs/component_variants} --wandb_mode ${WANDB_MODE:-disabled} --epochs ${EPOCHS_SLIDE:-15} --grad_accum ${GRAD_ACCUM:-16} --feature_root ${BRACS_FEATURE_ROOT:?set BRACS_FEATURE_ROOT} --feature_key ${BRACS_FEATURE_KEY:-features/uni_v2} --delta_scale 0.5 --gate_hidden_dim 128 --gate_output_init zero --gate_activation tanh --gate_factorization full --srp_context_impl stacked --srp_correction_chunk_size 0
gate_gradients	classification	bracs	detached_inputs	Detached inputs	45	0.5	128	public	gate_gradients_bracs_detached_inputs_s45	python -u slide_level_srp/train.py --run_name gate_gradients_bracs_detached_inputs_s45 --dataset bracs --variant srp_patch_signed_gated --in_dim 1536 --num_classes 7 --split_mode global_seed_holdout --global_seed 45 --seed 45 --neighbor_shuffle_seed 45 --out_dir ${GATEDSRP_COMPONENT_OUT:-runs/component_variants} --wandb_mode ${WANDB_MODE:-disabled} --epochs ${EPOCHS_SLIDE:-15} --grad_accum ${GRAD_ACCUM:-16} --feature_root ${BRACS_FEATURE_ROOT:?set BRACS_FEATURE_ROOT} --feature_key ${BRACS_FEATURE_KEY:-features/uni_v2} --delta_scale 0.5 --gate_hidden_dim 128 --gate_output_init zero --gate_activation tanh --gate_factorization full --srp_context_impl stacked --srp_correction_chunk_size 0
gate_gradients	classification	bracs	detached_inputs	Detached inputs	46	0.5	128	public	gate_gradients_bracs_detached_inputs_s46	python -u slide_level_srp/train.py --run_name gate_gradients_bracs_detached_inputs_s46 --dataset bracs --variant srp_patch_signed_gated --in_dim 1536 --num_classes 7 --split_mode global_seed_holdout --global_seed 46 --seed 46 --neighbor_shuffle_seed 46 --out_dir ${GATEDSRP_COMPONENT_OUT:-runs/component_variants} --wandb_mode ${WANDB_MODE:-disabled} --epochs ${EPOCHS_SLIDE:-15} --grad_accum ${GRAD_ACCUM:-16} --feature_root ${BRACS_FEATURE_ROOT:?set BRACS_FEATURE_ROOT} --feature_key ${BRACS_FEATURE_KEY:-features/uni_v2} --delta_scale 0.5 --gate_hidden_dim 128 --gate_output_init zero --gate_activation tanh --gate_factorization full --srp_context_impl stacked --srp_correction_chunk_size 0
gate_factorization	survival	KIRP	token_only	Token only	42	2	32	public	gate_factorization_kirp_token_only_s42	python -u slide_level_srp/train_survival.py --run_name gate_factorization_kirp_token_only_s42 --cohort KIRP --endpoint OS --split_mode global_seed_holdout --global_seed 42 --seed 42 --neighbor_shuffle_seed 42 --n_folds 5 --variant srp_patch_signed_gated --out_dir ${GATEDSRP_COMPONENT_OUT:-runs/component_variants} --wandb_mode ${WANDB_MODE:-disabled} --epochs ${EPOCHS_TCGA_SURVIVAL:-20} --grad_accum ${GRAD_ACCUM_TCGA_SURVIVAL:-1} --base_lr ${LR_TCGA_SURVIVAL:-1e-4} --weight_decay ${WD_TCGA_SURVIVAL:-1e-5} --feature_root ${TCGA_FEATURE_ROOT:?set TCGA_FEATURE_ROOT} --feature_key ${TCGA_FEATURE_KEY:-features/uni_v2} --in_dim 1536 --delta_scale 2 --gate_hidden_dim 32 --gate_output_init zero --gate_activation tanh --gate_factorization token_only --label_csv ${TCGA_SURVIVAL_LABEL_CSV:?set TCGA_SURVIVAL_LABEL_CSV} --srp_context_impl stacked --srp_correction_chunk_size 0
gate_factorization	survival	KIRP	token_only	Token only	43	2	32	public	gate_factorization_kirp_token_only_s43	python -u slide_level_srp/train_survival.py --run_name gate_factorization_kirp_token_only_s43 --cohort KIRP --endpoint OS --split_mode global_seed_holdout --global_seed 43 --seed 43 --neighbor_shuffle_seed 43 --n_folds 5 --variant srp_patch_signed_gated --out_dir ${GATEDSRP_COMPONENT_OUT:-runs/component_variants} --wandb_mode ${WANDB_MODE:-disabled} --epochs ${EPOCHS_TCGA_SURVIVAL:-20} --grad_accum ${GRAD_ACCUM_TCGA_SURVIVAL:-1} --base_lr ${LR_TCGA_SURVIVAL:-1e-4} --weight_decay ${WD_TCGA_SURVIVAL:-1e-5} --feature_root ${TCGA_FEATURE_ROOT:?set TCGA_FEATURE_ROOT} --feature_key ${TCGA_FEATURE_KEY:-features/uni_v2} --in_dim 1536 --delta_scale 2 --gate_hidden_dim 32 --gate_output_init zero --gate_activation tanh --gate_factorization token_only --label_csv ${TCGA_SURVIVAL_LABEL_CSV:?set TCGA_SURVIVAL_LABEL_CSV} --srp_context_impl stacked --srp_correction_chunk_size 0
gate_factorization	survival	KIRP	token_only	Token only	44	2	32	public	gate_factorization_kirp_token_only_s44	python -u slide_level_srp/train_survival.py --run_name gate_factorization_kirp_token_only_s44 --cohort KIRP --endpoint OS --split_mode global_seed_holdout --global_seed 44 --seed 44 --neighbor_shuffle_seed 44 --n_folds 5 --variant srp_patch_signed_gated --out_dir ${GATEDSRP_COMPONENT_OUT:-runs/component_variants} --wandb_mode ${WANDB_MODE:-disabled} --epochs ${EPOCHS_TCGA_SURVIVAL:-20} --grad_accum ${GRAD_ACCUM_TCGA_SURVIVAL:-1} --base_lr ${LR_TCGA_SURVIVAL:-1e-4} --weight_decay ${WD_TCGA_SURVIVAL:-1e-5} --feature_root ${TCGA_FEATURE_ROOT:?set TCGA_FEATURE_ROOT} --feature_key ${TCGA_FEATURE_KEY:-features/uni_v2} --in_dim 1536 --delta_scale 2 --gate_hidden_dim 32 --gate_output_init zero --gate_activation tanh --gate_factorization token_only --label_csv ${TCGA_SURVIVAL_LABEL_CSV:?set TCGA_SURVIVAL_LABEL_CSV} --srp_context_impl stacked --srp_correction_chunk_size 0
gate_factorization	survival	KIRP	token_only	Token only	45	2	32	public	gate_factorization_kirp_token_only_s45	python -u slide_level_srp/train_survival.py --run_name gate_factorization_kirp_token_only_s45 --cohort KIRP --endpoint OS --split_mode global_seed_holdout --global_seed 45 --seed 45 --neighbor_shuffle_seed 45 --n_folds 5 --variant srp_patch_signed_gated --out_dir ${GATEDSRP_COMPONENT_OUT:-runs/component_variants} --wandb_mode ${WANDB_MODE:-disabled} --epochs ${EPOCHS_TCGA_SURVIVAL:-20} --grad_accum ${GRAD_ACCUM_TCGA_SURVIVAL:-1} --base_lr ${LR_TCGA_SURVIVAL:-1e-4} --weight_decay ${WD_TCGA_SURVIVAL:-1e-5} --feature_root ${TCGA_FEATURE_ROOT:?set TCGA_FEATURE_ROOT} --feature_key ${TCGA_FEATURE_KEY:-features/uni_v2} --in_dim 1536 --delta_scale 2 --gate_hidden_dim 32 --gate_output_init zero --gate_activation tanh --gate_factorization token_only --label_csv ${TCGA_SURVIVAL_LABEL_CSV:?set TCGA_SURVIVAL_LABEL_CSV} --srp_context_impl stacked --srp_correction_chunk_size 0
gate_factorization	survival	KIRP	token_only	Token only	46	2	32	public	gate_factorization_kirp_token_only_s46	python -u slide_level_srp/train_survival.py --run_name gate_factorization_kirp_token_only_s46 --cohort KIRP --endpoint OS --split_mode global_seed_holdout --global_seed 46 --seed 46 --neighbor_shuffle_seed 46 --n_folds 5 --variant srp_patch_signed_gated --out_dir ${GATEDSRP_COMPONENT_OUT:-runs/component_variants} --wandb_mode ${WANDB_MODE:-disabled} --epochs ${EPOCHS_TCGA_SURVIVAL:-20} --grad_accum ${GRAD_ACCUM_TCGA_SURVIVAL:-1} --base_lr ${LR_TCGA_SURVIVAL:-1e-4} --weight_decay ${WD_TCGA_SURVIVAL:-1e-5} --feature_root ${TCGA_FEATURE_ROOT:?set TCGA_FEATURE_ROOT} --feature_key ${TCGA_FEATURE_KEY:-features/uni_v2} --in_dim 1536 --delta_scale 2 --gate_hidden_dim 32 --gate_output_init zero --gate_activation tanh --gate_factorization token_only --label_csv ${TCGA_SURVIVAL_LABEL_CSV:?set TCGA_SURVIVAL_LABEL_CSV} --srp_context_impl stacked --srp_correction_chunk_size 0
gate_factorization	survival	KIRP	head_only	Head only	42	2	32	public	gate_factorization_kirp_head_only_s42	python -u slide_level_srp/train_survival.py --run_name gate_factorization_kirp_head_only_s42 --cohort KIRP --endpoint OS --split_mode global_seed_holdout --global_seed 42 --seed 42 --neighbor_shuffle_seed 42 --n_folds 5 --variant srp_patch_signed_gated --out_dir ${GATEDSRP_COMPONENT_OUT:-runs/component_variants} --wandb_mode ${WANDB_MODE:-disabled} --epochs ${EPOCHS_TCGA_SURVIVAL:-20} --grad_accum ${GRAD_ACCUM_TCGA_SURVIVAL:-1} --base_lr ${LR_TCGA_SURVIVAL:-1e-4} --weight_decay ${WD_TCGA_SURVIVAL:-1e-5} --feature_root ${TCGA_FEATURE_ROOT:?set TCGA_FEATURE_ROOT} --feature_key ${TCGA_FEATURE_KEY:-features/uni_v2} --in_dim 1536 --delta_scale 2 --gate_hidden_dim 32 --gate_output_init zero --gate_activation tanh --gate_factorization head_only --label_csv ${TCGA_SURVIVAL_LABEL_CSV:?set TCGA_SURVIVAL_LABEL_CSV} --srp_context_impl stacked --srp_correction_chunk_size 0
gate_factorization	survival	KIRP	head_only	Head only	43	2	32	public	gate_factorization_kirp_head_only_s43	python -u slide_level_srp/train_survival.py --run_name gate_factorization_kirp_head_only_s43 --cohort KIRP --endpoint OS --split_mode global_seed_holdout --global_seed 43 --seed 43 --neighbor_shuffle_seed 43 --n_folds 5 --variant srp_patch_signed_gated --out_dir ${GATEDSRP_COMPONENT_OUT:-runs/component_variants} --wandb_mode ${WANDB_MODE:-disabled} --epochs ${EPOCHS_TCGA_SURVIVAL:-20} --grad_accum ${GRAD_ACCUM_TCGA_SURVIVAL:-1} --base_lr ${LR_TCGA_SURVIVAL:-1e-4} --weight_decay ${WD_TCGA_SURVIVAL:-1e-5} --feature_root ${TCGA_FEATURE_ROOT:?set TCGA_FEATURE_ROOT} --feature_key ${TCGA_FEATURE_KEY:-features/uni_v2} --in_dim 1536 --delta_scale 2 --gate_hidden_dim 32 --gate_output_init zero --gate_activation tanh --gate_factorization head_only --label_csv ${TCGA_SURVIVAL_LABEL_CSV:?set TCGA_SURVIVAL_LABEL_CSV} --srp_context_impl stacked --srp_correction_chunk_size 0
gate_factorization	survival	KIRP	head_only	Head only	44	2	32	public	gate_factorization_kirp_head_only_s44	python -u slide_level_srp/train_survival.py --run_name gate_factorization_kirp_head_only_s44 --cohort KIRP --endpoint OS --split_mode global_seed_holdout --global_seed 44 --seed 44 --neighbor_shuffle_seed 44 --n_folds 5 --variant srp_patch_signed_gated --out_dir ${GATEDSRP_COMPONENT_OUT:-runs/component_variants} --wandb_mode ${WANDB_MODE:-disabled} --epochs ${EPOCHS_TCGA_SURVIVAL:-20} --grad_accum ${GRAD_ACCUM_TCGA_SURVIVAL:-1} --base_lr ${LR_TCGA_SURVIVAL:-1e-4} --weight_decay ${WD_TCGA_SURVIVAL:-1e-5} --feature_root ${TCGA_FEATURE_ROOT:?set TCGA_FEATURE_ROOT} --feature_key ${TCGA_FEATURE_KEY:-features/uni_v2} --in_dim 1536 --delta_scale 2 --gate_hidden_dim 32 --gate_output_init zero --gate_activation tanh --gate_factorization head_only --label_csv ${TCGA_SURVIVAL_LABEL_CSV:?set TCGA_SURVIVAL_LABEL_CSV} --srp_context_impl stacked --srp_correction_chunk_size 0
gate_factorization	survival	KIRP	head_only	Head only	45	2	32	public	gate_factorization_kirp_head_only_s45	python -u slide_level_srp/train_survival.py --run_name gate_factorization_kirp_head_only_s45 --cohort KIRP --endpoint OS --split_mode global_seed_holdout --global_seed 45 --seed 45 --neighbor_shuffle_seed 45 --n_folds 5 --variant srp_patch_signed_gated --out_dir ${GATEDSRP_COMPONENT_OUT:-runs/component_variants} --wandb_mode ${WANDB_MODE:-disabled} --epochs ${EPOCHS_TCGA_SURVIVAL:-20} --grad_accum ${GRAD_ACCUM_TCGA_SURVIVAL:-1} --base_lr ${LR_TCGA_SURVIVAL:-1e-4} --weight_decay ${WD_TCGA_SURVIVAL:-1e-5} --feature_root ${TCGA_FEATURE_ROOT:?set TCGA_FEATURE_ROOT} --feature_key ${TCGA_FEATURE_KEY:-features/uni_v2} --in_dim 1536 --delta_scale 2 --gate_hidden_dim 32 --gate_output_init zero --gate_activation tanh --gate_factorization head_only --label_csv ${TCGA_SURVIVAL_LABEL_CSV:?set TCGA_SURVIVAL_LABEL_CSV} --srp_context_impl stacked --srp_correction_chunk_size 0
gate_factorization	survival	KIRP	head_only	Head only	46	2	32	public	gate_factorization_kirp_head_only_s46	python -u slide_level_srp/train_survival.py --run_name gate_factorization_kirp_head_only_s46 --cohort KIRP --endpoint OS --split_mode global_seed_holdout --global_seed 46 --seed 46 --neighbor_shuffle_seed 46 --n_folds 5 --variant srp_patch_signed_gated --out_dir ${GATEDSRP_COMPONENT_OUT:-runs/component_variants} --wandb_mode ${WANDB_MODE:-disabled} --epochs ${EPOCHS_TCGA_SURVIVAL:-20} --grad_accum ${GRAD_ACCUM_TCGA_SURVIVAL:-1} --base_lr ${LR_TCGA_SURVIVAL:-1e-4} --weight_decay ${WD_TCGA_SURVIVAL:-1e-5} --feature_root ${TCGA_FEATURE_ROOT:?set TCGA_FEATURE_ROOT} --feature_key ${TCGA_FEATURE_KEY:-features/uni_v2} --in_dim 1536 --delta_scale 2 --gate_hidden_dim 32 --gate_output_init zero --gate_activation tanh --gate_factorization head_only --label_csv ${TCGA_SURVIVAL_LABEL_CSV:?set TCGA_SURVIVAL_LABEL_CSV} --srp_context_impl stacked --srp_correction_chunk_size 0
gate_factorization	survival	KIRP	no_bias	No bias	42	2	32	public	gate_factorization_kirp_no_bias_s42	python -u slide_level_srp/train_survival.py --run_name gate_factorization_kirp_no_bias_s42 --cohort KIRP --endpoint OS --split_mode global_seed_holdout --global_seed 42 --seed 42 --neighbor_shuffle_seed 42 --n_folds 5 --variant srp_patch_signed_gated --out_dir ${GATEDSRP_COMPONENT_OUT:-runs/component_variants} --wandb_mode ${WANDB_MODE:-disabled} --epochs ${EPOCHS_TCGA_SURVIVAL:-20} --grad_accum ${GRAD_ACCUM_TCGA_SURVIVAL:-1} --base_lr ${LR_TCGA_SURVIVAL:-1e-4} --weight_decay ${WD_TCGA_SURVIVAL:-1e-5} --feature_root ${TCGA_FEATURE_ROOT:?set TCGA_FEATURE_ROOT} --feature_key ${TCGA_FEATURE_KEY:-features/uni_v2} --in_dim 1536 --delta_scale 2 --gate_hidden_dim 32 --gate_output_init zero --gate_activation tanh --gate_factorization no_bias --label_csv ${TCGA_SURVIVAL_LABEL_CSV:?set TCGA_SURVIVAL_LABEL_CSV} --srp_context_impl stacked --srp_correction_chunk_size 0
gate_factorization	survival	KIRP	no_bias	No bias	43	2	32	public	gate_factorization_kirp_no_bias_s43	python -u slide_level_srp/train_survival.py --run_name gate_factorization_kirp_no_bias_s43 --cohort KIRP --endpoint OS --split_mode global_seed_holdout --global_seed 43 --seed 43 --neighbor_shuffle_seed 43 --n_folds 5 --variant srp_patch_signed_gated --out_dir ${GATEDSRP_COMPONENT_OUT:-runs/component_variants} --wandb_mode ${WANDB_MODE:-disabled} --epochs ${EPOCHS_TCGA_SURVIVAL:-20} --grad_accum ${GRAD_ACCUM_TCGA_SURVIVAL:-1} --base_lr ${LR_TCGA_SURVIVAL:-1e-4} --weight_decay ${WD_TCGA_SURVIVAL:-1e-5} --feature_root ${TCGA_FEATURE_ROOT:?set TCGA_FEATURE_ROOT} --feature_key ${TCGA_FEATURE_KEY:-features/uni_v2} --in_dim 1536 --delta_scale 2 --gate_hidden_dim 32 --gate_output_init zero --gate_activation tanh --gate_factorization no_bias --label_csv ${TCGA_SURVIVAL_LABEL_CSV:?set TCGA_SURVIVAL_LABEL_CSV} --srp_context_impl stacked --srp_correction_chunk_size 0
gate_factorization	survival	KIRP	no_bias	No bias	44	2	32	public	gate_factorization_kirp_no_bias_s44	python -u slide_level_srp/train_survival.py --run_name gate_factorization_kirp_no_bias_s44 --cohort KIRP --endpoint OS --split_mode global_seed_holdout --global_seed 44 --seed 44 --neighbor_shuffle_seed 44 --n_folds 5 --variant srp_patch_signed_gated --out_dir ${GATEDSRP_COMPONENT_OUT:-runs/component_variants} --wandb_mode ${WANDB_MODE:-disabled} --epochs ${EPOCHS_TCGA_SURVIVAL:-20} --grad_accum ${GRAD_ACCUM_TCGA_SURVIVAL:-1} --base_lr ${LR_TCGA_SURVIVAL:-1e-4} --weight_decay ${WD_TCGA_SURVIVAL:-1e-5} --feature_root ${TCGA_FEATURE_ROOT:?set TCGA_FEATURE_ROOT} --feature_key ${TCGA_FEATURE_KEY:-features/uni_v2} --in_dim 1536 --delta_scale 2 --gate_hidden_dim 32 --gate_output_init zero --gate_activation tanh --gate_factorization no_bias --label_csv ${TCGA_SURVIVAL_LABEL_CSV:?set TCGA_SURVIVAL_LABEL_CSV} --srp_context_impl stacked --srp_correction_chunk_size 0
gate_factorization	survival	KIRP	no_bias	No bias	45	2	32	public	gate_factorization_kirp_no_bias_s45	python -u slide_level_srp/train_survival.py --run_name gate_factorization_kirp_no_bias_s45 --cohort KIRP --endpoint OS --split_mode global_seed_holdout --global_seed 45 --seed 45 --neighbor_shuffle_seed 45 --n_folds 5 --variant srp_patch_signed_gated --out_dir ${GATEDSRP_COMPONENT_OUT:-runs/component_variants} --wandb_mode ${WANDB_MODE:-disabled} --epochs ${EPOCHS_TCGA_SURVIVAL:-20} --grad_accum ${GRAD_ACCUM_TCGA_SURVIVAL:-1} --base_lr ${LR_TCGA_SURVIVAL:-1e-4} --weight_decay ${WD_TCGA_SURVIVAL:-1e-5} --feature_root ${TCGA_FEATURE_ROOT:?set TCGA_FEATURE_ROOT} --feature_key ${TCGA_FEATURE_KEY:-features/uni_v2} --in_dim 1536 --delta_scale 2 --gate_hidden_dim 32 --gate_output_init zero --gate_activation tanh --gate_factorization no_bias --label_csv ${TCGA_SURVIVAL_LABEL_CSV:?set TCGA_SURVIVAL_LABEL_CSV} --srp_context_impl stacked --srp_correction_chunk_size 0
gate_factorization	survival	KIRP	no_bias	No bias	46	2	32	public	gate_factorization_kirp_no_bias_s46	python -u slide_level_srp/train_survival.py --run_name gate_factorization_kirp_no_bias_s46 --cohort KIRP --endpoint OS --split_mode global_seed_holdout --global_seed 46 --seed 46 --neighbor_shuffle_seed 46 --n_folds 5 --variant srp_patch_signed_gated --out_dir ${GATEDSRP_COMPONENT_OUT:-runs/component_variants} --wandb_mode ${WANDB_MODE:-disabled} --epochs ${EPOCHS_TCGA_SURVIVAL:-20} --grad_accum ${GRAD_ACCUM_TCGA_SURVIVAL:-1} --base_lr ${LR_TCGA_SURVIVAL:-1e-4} --weight_decay ${WD_TCGA_SURVIVAL:-1e-5} --feature_root ${TCGA_FEATURE_ROOT:?set TCGA_FEATURE_ROOT} --feature_key ${TCGA_FEATURE_KEY:-features/uni_v2} --in_dim 1536 --delta_scale 2 --gate_hidden_dim 32 --gate_output_init zero --gate_activation tanh --gate_factorization no_bias --label_csv ${TCGA_SURVIVAL_LABEL_CSV:?set TCGA_SURVIVAL_LABEL_CSV} --srp_context_impl stacked --srp_correction_chunk_size 0
gate_factorization	survival	KIRP	full_gate	Full gate	42	2	32	public	gate_factorization_kirp_full_gate_s42	python -u slide_level_srp/train_survival.py --run_name gate_factorization_kirp_full_gate_s42 --cohort KIRP --endpoint OS --split_mode global_seed_holdout --global_seed 42 --seed 42 --neighbor_shuffle_seed 42 --n_folds 5 --variant srp_patch_signed_gated --out_dir ${GATEDSRP_COMPONENT_OUT:-runs/component_variants} --wandb_mode ${WANDB_MODE:-disabled} --epochs ${EPOCHS_TCGA_SURVIVAL:-20} --grad_accum ${GRAD_ACCUM_TCGA_SURVIVAL:-1} --base_lr ${LR_TCGA_SURVIVAL:-1e-4} --weight_decay ${WD_TCGA_SURVIVAL:-1e-5} --feature_root ${TCGA_FEATURE_ROOT:?set TCGA_FEATURE_ROOT} --feature_key ${TCGA_FEATURE_KEY:-features/uni_v2} --in_dim 1536 --delta_scale 2 --gate_hidden_dim 32 --gate_output_init zero --gate_activation tanh --gate_factorization full --label_csv ${TCGA_SURVIVAL_LABEL_CSV:?set TCGA_SURVIVAL_LABEL_CSV} --srp_context_impl stacked --srp_correction_chunk_size 0
gate_factorization	survival	KIRP	full_gate	Full gate	43	2	32	public	gate_factorization_kirp_full_gate_s43	python -u slide_level_srp/train_survival.py --run_name gate_factorization_kirp_full_gate_s43 --cohort KIRP --endpoint OS --split_mode global_seed_holdout --global_seed 43 --seed 43 --neighbor_shuffle_seed 43 --n_folds 5 --variant srp_patch_signed_gated --out_dir ${GATEDSRP_COMPONENT_OUT:-runs/component_variants} --wandb_mode ${WANDB_MODE:-disabled} --epochs ${EPOCHS_TCGA_SURVIVAL:-20} --grad_accum ${GRAD_ACCUM_TCGA_SURVIVAL:-1} --base_lr ${LR_TCGA_SURVIVAL:-1e-4} --weight_decay ${WD_TCGA_SURVIVAL:-1e-5} --feature_root ${TCGA_FEATURE_ROOT:?set TCGA_FEATURE_ROOT} --feature_key ${TCGA_FEATURE_KEY:-features/uni_v2} --in_dim 1536 --delta_scale 2 --gate_hidden_dim 32 --gate_output_init zero --gate_activation tanh --gate_factorization full --label_csv ${TCGA_SURVIVAL_LABEL_CSV:?set TCGA_SURVIVAL_LABEL_CSV} --srp_context_impl stacked --srp_correction_chunk_size 0
gate_factorization	survival	KIRP	full_gate	Full gate	44	2	32	public	gate_factorization_kirp_full_gate_s44	python -u slide_level_srp/train_survival.py --run_name gate_factorization_kirp_full_gate_s44 --cohort KIRP --endpoint OS --split_mode global_seed_holdout --global_seed 44 --seed 44 --neighbor_shuffle_seed 44 --n_folds 5 --variant srp_patch_signed_gated --out_dir ${GATEDSRP_COMPONENT_OUT:-runs/component_variants} --wandb_mode ${WANDB_MODE:-disabled} --epochs ${EPOCHS_TCGA_SURVIVAL:-20} --grad_accum ${GRAD_ACCUM_TCGA_SURVIVAL:-1} --base_lr ${LR_TCGA_SURVIVAL:-1e-4} --weight_decay ${WD_TCGA_SURVIVAL:-1e-5} --feature_root ${TCGA_FEATURE_ROOT:?set TCGA_FEATURE_ROOT} --feature_key ${TCGA_FEATURE_KEY:-features/uni_v2} --in_dim 1536 --delta_scale 2 --gate_hidden_dim 32 --gate_output_init zero --gate_activation tanh --gate_factorization full --label_csv ${TCGA_SURVIVAL_LABEL_CSV:?set TCGA_SURVIVAL_LABEL_CSV} --srp_context_impl stacked --srp_correction_chunk_size 0
gate_factorization	survival	KIRP	full_gate	Full gate	45	2	32	public	gate_factorization_kirp_full_gate_s45	python -u slide_level_srp/train_survival.py --run_name gate_factorization_kirp_full_gate_s45 --cohort KIRP --endpoint OS --split_mode global_seed_holdout --global_seed 45 --seed 45 --neighbor_shuffle_seed 45 --n_folds 5 --variant srp_patch_signed_gated --out_dir ${GATEDSRP_COMPONENT_OUT:-runs/component_variants} --wandb_mode ${WANDB_MODE:-disabled} --epochs ${EPOCHS_TCGA_SURVIVAL:-20} --grad_accum ${GRAD_ACCUM_TCGA_SURVIVAL:-1} --base_lr ${LR_TCGA_SURVIVAL:-1e-4} --weight_decay ${WD_TCGA_SURVIVAL:-1e-5} --feature_root ${TCGA_FEATURE_ROOT:?set TCGA_FEATURE_ROOT} --feature_key ${TCGA_FEATURE_KEY:-features/uni_v2} --in_dim 1536 --delta_scale 2 --gate_hidden_dim 32 --gate_output_init zero --gate_activation tanh --gate_factorization full --label_csv ${TCGA_SURVIVAL_LABEL_CSV:?set TCGA_SURVIVAL_LABEL_CSV} --srp_context_impl stacked --srp_correction_chunk_size 0
gate_factorization	survival	KIRP	full_gate	Full gate	46	2	32	public	gate_factorization_kirp_full_gate_s46	python -u slide_level_srp/train_survival.py --run_name gate_factorization_kirp_full_gate_s46 --cohort KIRP --endpoint OS --split_mode global_seed_holdout --global_seed 46 --seed 46 --neighbor_shuffle_seed 46 --n_folds 5 --variant srp_patch_signed_gated --out_dir ${GATEDSRP_COMPONENT_OUT:-runs/component_variants} --wandb_mode ${WANDB_MODE:-disabled} --epochs ${EPOCHS_TCGA_SURVIVAL:-20} --grad_accum ${GRAD_ACCUM_TCGA_SURVIVAL:-1} --base_lr ${LR_TCGA_SURVIVAL:-1e-4} --weight_decay ${WD_TCGA_SURVIVAL:-1e-5} --feature_root ${TCGA_FEATURE_ROOT:?set TCGA_FEATURE_ROOT} --feature_key ${TCGA_FEATURE_KEY:-features/uni_v2} --in_dim 1536 --delta_scale 2 --gate_hidden_dim 32 --gate_output_init zero --gate_activation tanh --gate_factorization full --label_csv ${TCGA_SURVIVAL_LABEL_CSV:?set TCGA_SURVIVAL_LABEL_CSV} --srp_context_impl stacked --srp_correction_chunk_size 0
gate_factorization	survival	LUAD	token_only	Token only	42	1	128	public	gate_factorization_luad_token_only_s42	python -u slide_level_srp/train_survival.py --run_name gate_factorization_luad_token_only_s42 --cohort LUAD --endpoint OS --split_mode global_seed_holdout --global_seed 42 --seed 42 --neighbor_shuffle_seed 42 --n_folds 5 --variant srp_patch_signed_gated --out_dir ${GATEDSRP_COMPONENT_OUT:-runs/component_variants} --wandb_mode ${WANDB_MODE:-disabled} --epochs ${EPOCHS_TCGA_SURVIVAL:-20} --grad_accum ${GRAD_ACCUM_TCGA_SURVIVAL:-1} --base_lr ${LR_TCGA_SURVIVAL:-1e-4} --weight_decay ${WD_TCGA_SURVIVAL:-1e-5} --feature_root ${TCGA_FEATURE_ROOT:?set TCGA_FEATURE_ROOT} --feature_key ${TCGA_FEATURE_KEY:-features/uni_v2} --in_dim 1536 --delta_scale 1 --gate_hidden_dim 128 --gate_output_init zero --gate_activation tanh --gate_factorization token_only --label_csv ${TCGA_SURVIVAL_LABEL_CSV:?set TCGA_SURVIVAL_LABEL_CSV} --srp_context_impl stacked --srp_correction_chunk_size 0
gate_factorization	survival	LUAD	token_only	Token only	43	1	128	public	gate_factorization_luad_token_only_s43	python -u slide_level_srp/train_survival.py --run_name gate_factorization_luad_token_only_s43 --cohort LUAD --endpoint OS --split_mode global_seed_holdout --global_seed 43 --seed 43 --neighbor_shuffle_seed 43 --n_folds 5 --variant srp_patch_signed_gated --out_dir ${GATEDSRP_COMPONENT_OUT:-runs/component_variants} --wandb_mode ${WANDB_MODE:-disabled} --epochs ${EPOCHS_TCGA_SURVIVAL:-20} --grad_accum ${GRAD_ACCUM_TCGA_SURVIVAL:-1} --base_lr ${LR_TCGA_SURVIVAL:-1e-4} --weight_decay ${WD_TCGA_SURVIVAL:-1e-5} --feature_root ${TCGA_FEATURE_ROOT:?set TCGA_FEATURE_ROOT} --feature_key ${TCGA_FEATURE_KEY:-features/uni_v2} --in_dim 1536 --delta_scale 1 --gate_hidden_dim 128 --gate_output_init zero --gate_activation tanh --gate_factorization token_only --label_csv ${TCGA_SURVIVAL_LABEL_CSV:?set TCGA_SURVIVAL_LABEL_CSV} --srp_context_impl stacked --srp_correction_chunk_size 0
gate_factorization	survival	LUAD	token_only	Token only	44	1	128	public	gate_factorization_luad_token_only_s44	python -u slide_level_srp/train_survival.py --run_name gate_factorization_luad_token_only_s44 --cohort LUAD --endpoint OS --split_mode global_seed_holdout --global_seed 44 --seed 44 --neighbor_shuffle_seed 44 --n_folds 5 --variant srp_patch_signed_gated --out_dir ${GATEDSRP_COMPONENT_OUT:-runs/component_variants} --wandb_mode ${WANDB_MODE:-disabled} --epochs ${EPOCHS_TCGA_SURVIVAL:-20} --grad_accum ${GRAD_ACCUM_TCGA_SURVIVAL:-1} --base_lr ${LR_TCGA_SURVIVAL:-1e-4} --weight_decay ${WD_TCGA_SURVIVAL:-1e-5} --feature_root ${TCGA_FEATURE_ROOT:?set TCGA_FEATURE_ROOT} --feature_key ${TCGA_FEATURE_KEY:-features/uni_v2} --in_dim 1536 --delta_scale 1 --gate_hidden_dim 128 --gate_output_init zero --gate_activation tanh --gate_factorization token_only --label_csv ${TCGA_SURVIVAL_LABEL_CSV:?set TCGA_SURVIVAL_LABEL_CSV} --srp_context_impl stacked --srp_correction_chunk_size 0
gate_factorization	survival	LUAD	token_only	Token only	45	1	128	public	gate_factorization_luad_token_only_s45	python -u slide_level_srp/train_survival.py --run_name gate_factorization_luad_token_only_s45 --cohort LUAD --endpoint OS --split_mode global_seed_holdout --global_seed 45 --seed 45 --neighbor_shuffle_seed 45 --n_folds 5 --variant srp_patch_signed_gated --out_dir ${GATEDSRP_COMPONENT_OUT:-runs/component_variants} --wandb_mode ${WANDB_MODE:-disabled} --epochs ${EPOCHS_TCGA_SURVIVAL:-20} --grad_accum ${GRAD_ACCUM_TCGA_SURVIVAL:-1} --base_lr ${LR_TCGA_SURVIVAL:-1e-4} --weight_decay ${WD_TCGA_SURVIVAL:-1e-5} --feature_root ${TCGA_FEATURE_ROOT:?set TCGA_FEATURE_ROOT} --feature_key ${TCGA_FEATURE_KEY:-features/uni_v2} --in_dim 1536 --delta_scale 1 --gate_hidden_dim 128 --gate_output_init zero --gate_activation tanh --gate_factorization token_only --label_csv ${TCGA_SURVIVAL_LABEL_CSV:?set TCGA_SURVIVAL_LABEL_CSV} --srp_context_impl stacked --srp_correction_chunk_size 0
gate_factorization	survival	LUAD	token_only	Token only	46	1	128	public	gate_factorization_luad_token_only_s46	python -u slide_level_srp/train_survival.py --run_name gate_factorization_luad_token_only_s46 --cohort LUAD --endpoint OS --split_mode global_seed_holdout --global_seed 46 --seed 46 --neighbor_shuffle_seed 46 --n_folds 5 --variant srp_patch_signed_gated --out_dir ${GATEDSRP_COMPONENT_OUT:-runs/component_variants} --wandb_mode ${WANDB_MODE:-disabled} --epochs ${EPOCHS_TCGA_SURVIVAL:-20} --grad_accum ${GRAD_ACCUM_TCGA_SURVIVAL:-1} --base_lr ${LR_TCGA_SURVIVAL:-1e-4} --weight_decay ${WD_TCGA_SURVIVAL:-1e-5} --feature_root ${TCGA_FEATURE_ROOT:?set TCGA_FEATURE_ROOT} --feature_key ${TCGA_FEATURE_KEY:-features/uni_v2} --in_dim 1536 --delta_scale 1 --gate_hidden_dim 128 --gate_output_init zero --gate_activation tanh --gate_factorization token_only --label_csv ${TCGA_SURVIVAL_LABEL_CSV:?set TCGA_SURVIVAL_LABEL_CSV} --srp_context_impl stacked --srp_correction_chunk_size 0
gate_factorization	survival	LUAD	head_only	Head only	42	1	128	public	gate_factorization_luad_head_only_s42	python -u slide_level_srp/train_survival.py --run_name gate_factorization_luad_head_only_s42 --cohort LUAD --endpoint OS --split_mode global_seed_holdout --global_seed 42 --seed 42 --neighbor_shuffle_seed 42 --n_folds 5 --variant srp_patch_signed_gated --out_dir ${GATEDSRP_COMPONENT_OUT:-runs/component_variants} --wandb_mode ${WANDB_MODE:-disabled} --epochs ${EPOCHS_TCGA_SURVIVAL:-20} --grad_accum ${GRAD_ACCUM_TCGA_SURVIVAL:-1} --base_lr ${LR_TCGA_SURVIVAL:-1e-4} --weight_decay ${WD_TCGA_SURVIVAL:-1e-5} --feature_root ${TCGA_FEATURE_ROOT:?set TCGA_FEATURE_ROOT} --feature_key ${TCGA_FEATURE_KEY:-features/uni_v2} --in_dim 1536 --delta_scale 1 --gate_hidden_dim 128 --gate_output_init zero --gate_activation tanh --gate_factorization head_only --label_csv ${TCGA_SURVIVAL_LABEL_CSV:?set TCGA_SURVIVAL_LABEL_CSV} --srp_context_impl stacked --srp_correction_chunk_size 0
gate_factorization	survival	LUAD	head_only	Head only	43	1	128	public	gate_factorization_luad_head_only_s43	python -u slide_level_srp/train_survival.py --run_name gate_factorization_luad_head_only_s43 --cohort LUAD --endpoint OS --split_mode global_seed_holdout --global_seed 43 --seed 43 --neighbor_shuffle_seed 43 --n_folds 5 --variant srp_patch_signed_gated --out_dir ${GATEDSRP_COMPONENT_OUT:-runs/component_variants} --wandb_mode ${WANDB_MODE:-disabled} --epochs ${EPOCHS_TCGA_SURVIVAL:-20} --grad_accum ${GRAD_ACCUM_TCGA_SURVIVAL:-1} --base_lr ${LR_TCGA_SURVIVAL:-1e-4} --weight_decay ${WD_TCGA_SURVIVAL:-1e-5} --feature_root ${TCGA_FEATURE_ROOT:?set TCGA_FEATURE_ROOT} --feature_key ${TCGA_FEATURE_KEY:-features/uni_v2} --in_dim 1536 --delta_scale 1 --gate_hidden_dim 128 --gate_output_init zero --gate_activation tanh --gate_factorization head_only --label_csv ${TCGA_SURVIVAL_LABEL_CSV:?set TCGA_SURVIVAL_LABEL_CSV} --srp_context_impl stacked --srp_correction_chunk_size 0
gate_factorization	survival	LUAD	head_only	Head only	44	1	128	public	gate_factorization_luad_head_only_s44	python -u slide_level_srp/train_survival.py --run_name gate_factorization_luad_head_only_s44 --cohort LUAD --endpoint OS --split_mode global_seed_holdout --global_seed 44 --seed 44 --neighbor_shuffle_seed 44 --n_folds 5 --variant srp_patch_signed_gated --out_dir ${GATEDSRP_COMPONENT_OUT:-runs/component_variants} --wandb_mode ${WANDB_MODE:-disabled} --epochs ${EPOCHS_TCGA_SURVIVAL:-20} --grad_accum ${GRAD_ACCUM_TCGA_SURVIVAL:-1} --base_lr ${LR_TCGA_SURVIVAL:-1e-4} --weight_decay ${WD_TCGA_SURVIVAL:-1e-5} --feature_root ${TCGA_FEATURE_ROOT:?set TCGA_FEATURE_ROOT} --feature_key ${TCGA_FEATURE_KEY:-features/uni_v2} --in_dim 1536 --delta_scale 1 --gate_hidden_dim 128 --gate_output_init zero --gate_activation tanh --gate_factorization head_only --label_csv ${TCGA_SURVIVAL_LABEL_CSV:?set TCGA_SURVIVAL_LABEL_CSV} --srp_context_impl stacked --srp_correction_chunk_size 0
gate_factorization	survival	LUAD	head_only	Head only	45	1	128	public	gate_factorization_luad_head_only_s45	python -u slide_level_srp/train_survival.py --run_name gate_factorization_luad_head_only_s45 --cohort LUAD --endpoint OS --split_mode global_seed_holdout --global_seed 45 --seed 45 --neighbor_shuffle_seed 45 --n_folds 5 --variant srp_patch_signed_gated --out_dir ${GATEDSRP_COMPONENT_OUT:-runs/component_variants} --wandb_mode ${WANDB_MODE:-disabled} --epochs ${EPOCHS_TCGA_SURVIVAL:-20} --grad_accum ${GRAD_ACCUM_TCGA_SURVIVAL:-1} --base_lr ${LR_TCGA_SURVIVAL:-1e-4} --weight_decay ${WD_TCGA_SURVIVAL:-1e-5} --feature_root ${TCGA_FEATURE_ROOT:?set TCGA_FEATURE_ROOT} --feature_key ${TCGA_FEATURE_KEY:-features/uni_v2} --in_dim 1536 --delta_scale 1 --gate_hidden_dim 128 --gate_output_init zero --gate_activation tanh --gate_factorization head_only --label_csv ${TCGA_SURVIVAL_LABEL_CSV:?set TCGA_SURVIVAL_LABEL_CSV} --srp_context_impl stacked --srp_correction_chunk_size 0
gate_factorization	survival	LUAD	head_only	Head only	46	1	128	public	gate_factorization_luad_head_only_s46	python -u slide_level_srp/train_survival.py --run_name gate_factorization_luad_head_only_s46 --cohort LUAD --endpoint OS --split_mode global_seed_holdout --global_seed 46 --seed 46 --neighbor_shuffle_seed 46 --n_folds 5 --variant srp_patch_signed_gated --out_dir ${GATEDSRP_COMPONENT_OUT:-runs/component_variants} --wandb_mode ${WANDB_MODE:-disabled} --epochs ${EPOCHS_TCGA_SURVIVAL:-20} --grad_accum ${GRAD_ACCUM_TCGA_SURVIVAL:-1} --base_lr ${LR_TCGA_SURVIVAL:-1e-4} --weight_decay ${WD_TCGA_SURVIVAL:-1e-5} --feature_root ${TCGA_FEATURE_ROOT:?set TCGA_FEATURE_ROOT} --feature_key ${TCGA_FEATURE_KEY:-features/uni_v2} --in_dim 1536 --delta_scale 1 --gate_hidden_dim 128 --gate_output_init zero --gate_activation tanh --gate_factorization head_only --label_csv ${TCGA_SURVIVAL_LABEL_CSV:?set TCGA_SURVIVAL_LABEL_CSV} --srp_context_impl stacked --srp_correction_chunk_size 0
gate_factorization	survival	LUAD	no_bias	No bias	42	1	128	public	gate_factorization_luad_no_bias_s42	python -u slide_level_srp/train_survival.py --run_name gate_factorization_luad_no_bias_s42 --cohort LUAD --endpoint OS --split_mode global_seed_holdout --global_seed 42 --seed 42 --neighbor_shuffle_seed 42 --n_folds 5 --variant srp_patch_signed_gated --out_dir ${GATEDSRP_COMPONENT_OUT:-runs/component_variants} --wandb_mode ${WANDB_MODE:-disabled} --epochs ${EPOCHS_TCGA_SURVIVAL:-20} --grad_accum ${GRAD_ACCUM_TCGA_SURVIVAL:-1} --base_lr ${LR_TCGA_SURVIVAL:-1e-4} --weight_decay ${WD_TCGA_SURVIVAL:-1e-5} --feature_root ${TCGA_FEATURE_ROOT:?set TCGA_FEATURE_ROOT} --feature_key ${TCGA_FEATURE_KEY:-features/uni_v2} --in_dim 1536 --delta_scale 1 --gate_hidden_dim 128 --gate_output_init zero --gate_activation tanh --gate_factorization no_bias --label_csv ${TCGA_SURVIVAL_LABEL_CSV:?set TCGA_SURVIVAL_LABEL_CSV} --srp_context_impl stacked --srp_correction_chunk_size 0
gate_factorization	survival	LUAD	no_bias	No bias	43	1	128	public	gate_factorization_luad_no_bias_s43	python -u slide_level_srp/train_survival.py --run_name gate_factorization_luad_no_bias_s43 --cohort LUAD --endpoint OS --split_mode global_seed_holdout --global_seed 43 --seed 43 --neighbor_shuffle_seed 43 --n_folds 5 --variant srp_patch_signed_gated --out_dir ${GATEDSRP_COMPONENT_OUT:-runs/component_variants} --wandb_mode ${WANDB_MODE:-disabled} --epochs ${EPOCHS_TCGA_SURVIVAL:-20} --grad_accum ${GRAD_ACCUM_TCGA_SURVIVAL:-1} --base_lr ${LR_TCGA_SURVIVAL:-1e-4} --weight_decay ${WD_TCGA_SURVIVAL:-1e-5} --feature_root ${TCGA_FEATURE_ROOT:?set TCGA_FEATURE_ROOT} --feature_key ${TCGA_FEATURE_KEY:-features/uni_v2} --in_dim 1536 --delta_scale 1 --gate_hidden_dim 128 --gate_output_init zero --gate_activation tanh --gate_factorization no_bias --label_csv ${TCGA_SURVIVAL_LABEL_CSV:?set TCGA_SURVIVAL_LABEL_CSV} --srp_context_impl stacked --srp_correction_chunk_size 0
gate_factorization	survival	LUAD	no_bias	No bias	44	1	128	public	gate_factorization_luad_no_bias_s44	python -u slide_level_srp/train_survival.py --run_name gate_factorization_luad_no_bias_s44 --cohort LUAD --endpoint OS --split_mode global_seed_holdout --global_seed 44 --seed 44 --neighbor_shuffle_seed 44 --n_folds 5 --variant srp_patch_signed_gated --out_dir ${GATEDSRP_COMPONENT_OUT:-runs/component_variants} --wandb_mode ${WANDB_MODE:-disabled} --epochs ${EPOCHS_TCGA_SURVIVAL:-20} --grad_accum ${GRAD_ACCUM_TCGA_SURVIVAL:-1} --base_lr ${LR_TCGA_SURVIVAL:-1e-4} --weight_decay ${WD_TCGA_SURVIVAL:-1e-5} --feature_root ${TCGA_FEATURE_ROOT:?set TCGA_FEATURE_ROOT} --feature_key ${TCGA_FEATURE_KEY:-features/uni_v2} --in_dim 1536 --delta_scale 1 --gate_hidden_dim 128 --gate_output_init zero --gate_activation tanh --gate_factorization no_bias --label_csv ${TCGA_SURVIVAL_LABEL_CSV:?set TCGA_SURVIVAL_LABEL_CSV} --srp_context_impl stacked --srp_correction_chunk_size 0
gate_factorization	survival	LUAD	no_bias	No bias	45	1	128	public	gate_factorization_luad_no_bias_s45	python -u slide_level_srp/train_survival.py --run_name gate_factorization_luad_no_bias_s45 --cohort LUAD --endpoint OS --split_mode global_seed_holdout --global_seed 45 --seed 45 --neighbor_shuffle_seed 45 --n_folds 5 --variant srp_patch_signed_gated --out_dir ${GATEDSRP_COMPONENT_OUT:-runs/component_variants} --wandb_mode ${WANDB_MODE:-disabled} --epochs ${EPOCHS_TCGA_SURVIVAL:-20} --grad_accum ${GRAD_ACCUM_TCGA_SURVIVAL:-1} --base_lr ${LR_TCGA_SURVIVAL:-1e-4} --weight_decay ${WD_TCGA_SURVIVAL:-1e-5} --feature_root ${TCGA_FEATURE_ROOT:?set TCGA_FEATURE_ROOT} --feature_key ${TCGA_FEATURE_KEY:-features/uni_v2} --in_dim 1536 --delta_scale 1 --gate_hidden_dim 128 --gate_output_init zero --gate_activation tanh --gate_factorization no_bias --label_csv ${TCGA_SURVIVAL_LABEL_CSV:?set TCGA_SURVIVAL_LABEL_CSV} --srp_context_impl stacked --srp_correction_chunk_size 0
gate_factorization	survival	LUAD	no_bias	No bias	46	1	128	public	gate_factorization_luad_no_bias_s46	python -u slide_level_srp/train_survival.py --run_name gate_factorization_luad_no_bias_s46 --cohort LUAD --endpoint OS --split_mode global_seed_holdout --global_seed 46 --seed 46 --neighbor_shuffle_seed 46 --n_folds 5 --variant srp_patch_signed_gated --out_dir ${GATEDSRP_COMPONENT_OUT:-runs/component_variants} --wandb_mode ${WANDB_MODE:-disabled} --epochs ${EPOCHS_TCGA_SURVIVAL:-20} --grad_accum ${GRAD_ACCUM_TCGA_SURVIVAL:-1} --base_lr ${LR_TCGA_SURVIVAL:-1e-4} --weight_decay ${WD_TCGA_SURVIVAL:-1e-5} --feature_root ${TCGA_FEATURE_ROOT:?set TCGA_FEATURE_ROOT} --feature_key ${TCGA_FEATURE_KEY:-features/uni_v2} --in_dim 1536 --delta_scale 1 --gate_hidden_dim 128 --gate_output_init zero --gate_activation tanh --gate_factorization no_bias --label_csv ${TCGA_SURVIVAL_LABEL_CSV:?set TCGA_SURVIVAL_LABEL_CSV} --srp_context_impl stacked --srp_correction_chunk_size 0
gate_factorization	survival	LUAD	full_gate	Full gate	42	1	128	public	gate_factorization_luad_full_gate_s42	python -u slide_level_srp/train_survival.py --run_name gate_factorization_luad_full_gate_s42 --cohort LUAD --endpoint OS --split_mode global_seed_holdout --global_seed 42 --seed 42 --neighbor_shuffle_seed 42 --n_folds 5 --variant srp_patch_signed_gated --out_dir ${GATEDSRP_COMPONENT_OUT:-runs/component_variants} --wandb_mode ${WANDB_MODE:-disabled} --epochs ${EPOCHS_TCGA_SURVIVAL:-20} --grad_accum ${GRAD_ACCUM_TCGA_SURVIVAL:-1} --base_lr ${LR_TCGA_SURVIVAL:-1e-4} --weight_decay ${WD_TCGA_SURVIVAL:-1e-5} --feature_root ${TCGA_FEATURE_ROOT:?set TCGA_FEATURE_ROOT} --feature_key ${TCGA_FEATURE_KEY:-features/uni_v2} --in_dim 1536 --delta_scale 1 --gate_hidden_dim 128 --gate_output_init zero --gate_activation tanh --gate_factorization full --label_csv ${TCGA_SURVIVAL_LABEL_CSV:?set TCGA_SURVIVAL_LABEL_CSV} --srp_context_impl stacked --srp_correction_chunk_size 0
gate_factorization	survival	LUAD	full_gate	Full gate	43	1	128	public	gate_factorization_luad_full_gate_s43	python -u slide_level_srp/train_survival.py --run_name gate_factorization_luad_full_gate_s43 --cohort LUAD --endpoint OS --split_mode global_seed_holdout --global_seed 43 --seed 43 --neighbor_shuffle_seed 43 --n_folds 5 --variant srp_patch_signed_gated --out_dir ${GATEDSRP_COMPONENT_OUT:-runs/component_variants} --wandb_mode ${WANDB_MODE:-disabled} --epochs ${EPOCHS_TCGA_SURVIVAL:-20} --grad_accum ${GRAD_ACCUM_TCGA_SURVIVAL:-1} --base_lr ${LR_TCGA_SURVIVAL:-1e-4} --weight_decay ${WD_TCGA_SURVIVAL:-1e-5} --feature_root ${TCGA_FEATURE_ROOT:?set TCGA_FEATURE_ROOT} --feature_key ${TCGA_FEATURE_KEY:-features/uni_v2} --in_dim 1536 --delta_scale 1 --gate_hidden_dim 128 --gate_output_init zero --gate_activation tanh --gate_factorization full --label_csv ${TCGA_SURVIVAL_LABEL_CSV:?set TCGA_SURVIVAL_LABEL_CSV} --srp_context_impl stacked --srp_correction_chunk_size 0
gate_factorization	survival	LUAD	full_gate	Full gate	44	1	128	public	gate_factorization_luad_full_gate_s44	python -u slide_level_srp/train_survival.py --run_name gate_factorization_luad_full_gate_s44 --cohort LUAD --endpoint OS --split_mode global_seed_holdout --global_seed 44 --seed 44 --neighbor_shuffle_seed 44 --n_folds 5 --variant srp_patch_signed_gated --out_dir ${GATEDSRP_COMPONENT_OUT:-runs/component_variants} --wandb_mode ${WANDB_MODE:-disabled} --epochs ${EPOCHS_TCGA_SURVIVAL:-20} --grad_accum ${GRAD_ACCUM_TCGA_SURVIVAL:-1} --base_lr ${LR_TCGA_SURVIVAL:-1e-4} --weight_decay ${WD_TCGA_SURVIVAL:-1e-5} --feature_root ${TCGA_FEATURE_ROOT:?set TCGA_FEATURE_ROOT} --feature_key ${TCGA_FEATURE_KEY:-features/uni_v2} --in_dim 1536 --delta_scale 1 --gate_hidden_dim 128 --gate_output_init zero --gate_activation tanh --gate_factorization full --label_csv ${TCGA_SURVIVAL_LABEL_CSV:?set TCGA_SURVIVAL_LABEL_CSV} --srp_context_impl stacked --srp_correction_chunk_size 0
gate_factorization	survival	LUAD	full_gate	Full gate	45	1	128	public	gate_factorization_luad_full_gate_s45	python -u slide_level_srp/train_survival.py --run_name gate_factorization_luad_full_gate_s45 --cohort LUAD --endpoint OS --split_mode global_seed_holdout --global_seed 45 --seed 45 --neighbor_shuffle_seed 45 --n_folds 5 --variant srp_patch_signed_gated --out_dir ${GATEDSRP_COMPONENT_OUT:-runs/component_variants} --wandb_mode ${WANDB_MODE:-disabled} --epochs ${EPOCHS_TCGA_SURVIVAL:-20} --grad_accum ${GRAD_ACCUM_TCGA_SURVIVAL:-1} --base_lr ${LR_TCGA_SURVIVAL:-1e-4} --weight_decay ${WD_TCGA_SURVIVAL:-1e-5} --feature_root ${TCGA_FEATURE_ROOT:?set TCGA_FEATURE_ROOT} --feature_key ${TCGA_FEATURE_KEY:-features/uni_v2} --in_dim 1536 --delta_scale 1 --gate_hidden_dim 128 --gate_output_init zero --gate_activation tanh --gate_factorization full --label_csv ${TCGA_SURVIVAL_LABEL_CSV:?set TCGA_SURVIVAL_LABEL_CSV} --srp_context_impl stacked --srp_correction_chunk_size 0
gate_factorization	survival	LUAD	full_gate	Full gate	46	1	128	public	gate_factorization_luad_full_gate_s46	python -u slide_level_srp/train_survival.py --run_name gate_factorization_luad_full_gate_s46 --cohort LUAD --endpoint OS --split_mode global_seed_holdout --global_seed 46 --seed 46 --neighbor_shuffle_seed 46 --n_folds 5 --variant srp_patch_signed_gated --out_dir ${GATEDSRP_COMPONENT_OUT:-runs/component_variants} --wandb_mode ${WANDB_MODE:-disabled} --epochs ${EPOCHS_TCGA_SURVIVAL:-20} --grad_accum ${GRAD_ACCUM_TCGA_SURVIVAL:-1} --base_lr ${LR_TCGA_SURVIVAL:-1e-4} --weight_decay ${WD_TCGA_SURVIVAL:-1e-5} --feature_root ${TCGA_FEATURE_ROOT:?set TCGA_FEATURE_ROOT} --feature_key ${TCGA_FEATURE_KEY:-features/uni_v2} --in_dim 1536 --delta_scale 1 --gate_hidden_dim 128 --gate_output_init zero --gate_activation tanh --gate_factorization full --label_csv ${TCGA_SURVIVAL_LABEL_CSV:?set TCGA_SURVIVAL_LABEL_CSV} --srp_context_impl stacked --srp_correction_chunk_size 0
gate_factorization	survival	STAD	token_only	Token only	42	0.5	128	public	gate_factorization_stad_token_only_s42	python -u slide_level_srp/train_survival.py --run_name gate_factorization_stad_token_only_s42 --cohort STAD --endpoint OS --split_mode global_seed_holdout --global_seed 42 --seed 42 --neighbor_shuffle_seed 42 --n_folds 5 --variant srp_patch_signed_gated --out_dir ${GATEDSRP_COMPONENT_OUT:-runs/component_variants} --wandb_mode ${WANDB_MODE:-disabled} --epochs ${EPOCHS_TCGA_SURVIVAL:-20} --grad_accum ${GRAD_ACCUM_TCGA_SURVIVAL:-1} --base_lr ${LR_TCGA_SURVIVAL:-1e-4} --weight_decay ${WD_TCGA_SURVIVAL:-1e-5} --feature_root ${TCGA_FEATURE_ROOT:?set TCGA_FEATURE_ROOT} --feature_key ${TCGA_FEATURE_KEY:-features/uni_v2} --in_dim 1536 --delta_scale 0.5 --gate_hidden_dim 128 --gate_output_init zero --gate_activation tanh --gate_factorization token_only --label_csv ${TCGA_SURVIVAL_LABEL_CSV:?set TCGA_SURVIVAL_LABEL_CSV} --srp_context_impl stacked --srp_correction_chunk_size 0
gate_factorization	survival	STAD	token_only	Token only	43	0.5	128	public	gate_factorization_stad_token_only_s43	python -u slide_level_srp/train_survival.py --run_name gate_factorization_stad_token_only_s43 --cohort STAD --endpoint OS --split_mode global_seed_holdout --global_seed 43 --seed 43 --neighbor_shuffle_seed 43 --n_folds 5 --variant srp_patch_signed_gated --out_dir ${GATEDSRP_COMPONENT_OUT:-runs/component_variants} --wandb_mode ${WANDB_MODE:-disabled} --epochs ${EPOCHS_TCGA_SURVIVAL:-20} --grad_accum ${GRAD_ACCUM_TCGA_SURVIVAL:-1} --base_lr ${LR_TCGA_SURVIVAL:-1e-4} --weight_decay ${WD_TCGA_SURVIVAL:-1e-5} --feature_root ${TCGA_FEATURE_ROOT:?set TCGA_FEATURE_ROOT} --feature_key ${TCGA_FEATURE_KEY:-features/uni_v2} --in_dim 1536 --delta_scale 0.5 --gate_hidden_dim 128 --gate_output_init zero --gate_activation tanh --gate_factorization token_only --label_csv ${TCGA_SURVIVAL_LABEL_CSV:?set TCGA_SURVIVAL_LABEL_CSV} --srp_context_impl stacked --srp_correction_chunk_size 0
gate_factorization	survival	STAD	token_only	Token only	44	0.5	128	public	gate_factorization_stad_token_only_s44	python -u slide_level_srp/train_survival.py --run_name gate_factorization_stad_token_only_s44 --cohort STAD --endpoint OS --split_mode global_seed_holdout --global_seed 44 --seed 44 --neighbor_shuffle_seed 44 --n_folds 5 --variant srp_patch_signed_gated --out_dir ${GATEDSRP_COMPONENT_OUT:-runs/component_variants} --wandb_mode ${WANDB_MODE:-disabled} --epochs ${EPOCHS_TCGA_SURVIVAL:-20} --grad_accum ${GRAD_ACCUM_TCGA_SURVIVAL:-1} --base_lr ${LR_TCGA_SURVIVAL:-1e-4} --weight_decay ${WD_TCGA_SURVIVAL:-1e-5} --feature_root ${TCGA_FEATURE_ROOT:?set TCGA_FEATURE_ROOT} --feature_key ${TCGA_FEATURE_KEY:-features/uni_v2} --in_dim 1536 --delta_scale 0.5 --gate_hidden_dim 128 --gate_output_init zero --gate_activation tanh --gate_factorization token_only --label_csv ${TCGA_SURVIVAL_LABEL_CSV:?set TCGA_SURVIVAL_LABEL_CSV} --srp_context_impl stacked --srp_correction_chunk_size 0
gate_factorization	survival	STAD	token_only	Token only	45	0.5	128	public	gate_factorization_stad_token_only_s45	python -u slide_level_srp/train_survival.py --run_name gate_factorization_stad_token_only_s45 --cohort STAD --endpoint OS --split_mode global_seed_holdout --global_seed 45 --seed 45 --neighbor_shuffle_seed 45 --n_folds 5 --variant srp_patch_signed_gated --out_dir ${GATEDSRP_COMPONENT_OUT:-runs/component_variants} --wandb_mode ${WANDB_MODE:-disabled} --epochs ${EPOCHS_TCGA_SURVIVAL:-20} --grad_accum ${GRAD_ACCUM_TCGA_SURVIVAL:-1} --base_lr ${LR_TCGA_SURVIVAL:-1e-4} --weight_decay ${WD_TCGA_SURVIVAL:-1e-5} --feature_root ${TCGA_FEATURE_ROOT:?set TCGA_FEATURE_ROOT} --feature_key ${TCGA_FEATURE_KEY:-features/uni_v2} --in_dim 1536 --delta_scale 0.5 --gate_hidden_dim 128 --gate_output_init zero --gate_activation tanh --gate_factorization token_only --label_csv ${TCGA_SURVIVAL_LABEL_CSV:?set TCGA_SURVIVAL_LABEL_CSV} --srp_context_impl stacked --srp_correction_chunk_size 0
gate_factorization	survival	STAD	token_only	Token only	46	0.5	128	public	gate_factorization_stad_token_only_s46	python -u slide_level_srp/train_survival.py --run_name gate_factorization_stad_token_only_s46 --cohort STAD --endpoint OS --split_mode global_seed_holdout --global_seed 46 --seed 46 --neighbor_shuffle_seed 46 --n_folds 5 --variant srp_patch_signed_gated --out_dir ${GATEDSRP_COMPONENT_OUT:-runs/component_variants} --wandb_mode ${WANDB_MODE:-disabled} --epochs ${EPOCHS_TCGA_SURVIVAL:-20} --grad_accum ${GRAD_ACCUM_TCGA_SURVIVAL:-1} --base_lr ${LR_TCGA_SURVIVAL:-1e-4} --weight_decay ${WD_TCGA_SURVIVAL:-1e-5} --feature_root ${TCGA_FEATURE_ROOT:?set TCGA_FEATURE_ROOT} --feature_key ${TCGA_FEATURE_KEY:-features/uni_v2} --in_dim 1536 --delta_scale 0.5 --gate_hidden_dim 128 --gate_output_init zero --gate_activation tanh --gate_factorization token_only --label_csv ${TCGA_SURVIVAL_LABEL_CSV:?set TCGA_SURVIVAL_LABEL_CSV} --srp_context_impl stacked --srp_correction_chunk_size 0
gate_factorization	survival	STAD	head_only	Head only	42	0.5	128	public	gate_factorization_stad_head_only_s42	python -u slide_level_srp/train_survival.py --run_name gate_factorization_stad_head_only_s42 --cohort STAD --endpoint OS --split_mode global_seed_holdout --global_seed 42 --seed 42 --neighbor_shuffle_seed 42 --n_folds 5 --variant srp_patch_signed_gated --out_dir ${GATEDSRP_COMPONENT_OUT:-runs/component_variants} --wandb_mode ${WANDB_MODE:-disabled} --epochs ${EPOCHS_TCGA_SURVIVAL:-20} --grad_accum ${GRAD_ACCUM_TCGA_SURVIVAL:-1} --base_lr ${LR_TCGA_SURVIVAL:-1e-4} --weight_decay ${WD_TCGA_SURVIVAL:-1e-5} --feature_root ${TCGA_FEATURE_ROOT:?set TCGA_FEATURE_ROOT} --feature_key ${TCGA_FEATURE_KEY:-features/uni_v2} --in_dim 1536 --delta_scale 0.5 --gate_hidden_dim 128 --gate_output_init zero --gate_activation tanh --gate_factorization head_only --label_csv ${TCGA_SURVIVAL_LABEL_CSV:?set TCGA_SURVIVAL_LABEL_CSV} --srp_context_impl stacked --srp_correction_chunk_size 0
gate_factorization	survival	STAD	head_only	Head only	43	0.5	128	public	gate_factorization_stad_head_only_s43	python -u slide_level_srp/train_survival.py --run_name gate_factorization_stad_head_only_s43 --cohort STAD --endpoint OS --split_mode global_seed_holdout --global_seed 43 --seed 43 --neighbor_shuffle_seed 43 --n_folds 5 --variant srp_patch_signed_gated --out_dir ${GATEDSRP_COMPONENT_OUT:-runs/component_variants} --wandb_mode ${WANDB_MODE:-disabled} --epochs ${EPOCHS_TCGA_SURVIVAL:-20} --grad_accum ${GRAD_ACCUM_TCGA_SURVIVAL:-1} --base_lr ${LR_TCGA_SURVIVAL:-1e-4} --weight_decay ${WD_TCGA_SURVIVAL:-1e-5} --feature_root ${TCGA_FEATURE_ROOT:?set TCGA_FEATURE_ROOT} --feature_key ${TCGA_FEATURE_KEY:-features/uni_v2} --in_dim 1536 --delta_scale 0.5 --gate_hidden_dim 128 --gate_output_init zero --gate_activation tanh --gate_factorization head_only --label_csv ${TCGA_SURVIVAL_LABEL_CSV:?set TCGA_SURVIVAL_LABEL_CSV} --srp_context_impl stacked --srp_correction_chunk_size 0
gate_factorization	survival	STAD	head_only	Head only	44	0.5	128	public	gate_factorization_stad_head_only_s44	python -u slide_level_srp/train_survival.py --run_name gate_factorization_stad_head_only_s44 --cohort STAD --endpoint OS --split_mode global_seed_holdout --global_seed 44 --seed 44 --neighbor_shuffle_seed 44 --n_folds 5 --variant srp_patch_signed_gated --out_dir ${GATEDSRP_COMPONENT_OUT:-runs/component_variants} --wandb_mode ${WANDB_MODE:-disabled} --epochs ${EPOCHS_TCGA_SURVIVAL:-20} --grad_accum ${GRAD_ACCUM_TCGA_SURVIVAL:-1} --base_lr ${LR_TCGA_SURVIVAL:-1e-4} --weight_decay ${WD_TCGA_SURVIVAL:-1e-5} --feature_root ${TCGA_FEATURE_ROOT:?set TCGA_FEATURE_ROOT} --feature_key ${TCGA_FEATURE_KEY:-features/uni_v2} --in_dim 1536 --delta_scale 0.5 --gate_hidden_dim 128 --gate_output_init zero --gate_activation tanh --gate_factorization head_only --label_csv ${TCGA_SURVIVAL_LABEL_CSV:?set TCGA_SURVIVAL_LABEL_CSV} --srp_context_impl stacked --srp_correction_chunk_size 0
gate_factorization	survival	STAD	head_only	Head only	45	0.5	128	public	gate_factorization_stad_head_only_s45	python -u slide_level_srp/train_survival.py --run_name gate_factorization_stad_head_only_s45 --cohort STAD --endpoint OS --split_mode global_seed_holdout --global_seed 45 --seed 45 --neighbor_shuffle_seed 45 --n_folds 5 --variant srp_patch_signed_gated --out_dir ${GATEDSRP_COMPONENT_OUT:-runs/component_variants} --wandb_mode ${WANDB_MODE:-disabled} --epochs ${EPOCHS_TCGA_SURVIVAL:-20} --grad_accum ${GRAD_ACCUM_TCGA_SURVIVAL:-1} --base_lr ${LR_TCGA_SURVIVAL:-1e-4} --weight_decay ${WD_TCGA_SURVIVAL:-1e-5} --feature_root ${TCGA_FEATURE_ROOT:?set TCGA_FEATURE_ROOT} --feature_key ${TCGA_FEATURE_KEY:-features/uni_v2} --in_dim 1536 --delta_scale 0.5 --gate_hidden_dim 128 --gate_output_init zero --gate_activation tanh --gate_factorization head_only --label_csv ${TCGA_SURVIVAL_LABEL_CSV:?set TCGA_SURVIVAL_LABEL_CSV} --srp_context_impl stacked --srp_correction_chunk_size 0
gate_factorization	survival	STAD	head_only	Head only	46	0.5	128	public	gate_factorization_stad_head_only_s46	python -u slide_level_srp/train_survival.py --run_name gate_factorization_stad_head_only_s46 --cohort STAD --endpoint OS --split_mode global_seed_holdout --global_seed 46 --seed 46 --neighbor_shuffle_seed 46 --n_folds 5 --variant srp_patch_signed_gated --out_dir ${GATEDSRP_COMPONENT_OUT:-runs/component_variants} --wandb_mode ${WANDB_MODE:-disabled} --epochs ${EPOCHS_TCGA_SURVIVAL:-20} --grad_accum ${GRAD_ACCUM_TCGA_SURVIVAL:-1} --base_lr ${LR_TCGA_SURVIVAL:-1e-4} --weight_decay ${WD_TCGA_SURVIVAL:-1e-5} --feature_root ${TCGA_FEATURE_ROOT:?set TCGA_FEATURE_ROOT} --feature_key ${TCGA_FEATURE_KEY:-features/uni_v2} --in_dim 1536 --delta_scale 0.5 --gate_hidden_dim 128 --gate_output_init zero --gate_activation tanh --gate_factorization head_only --label_csv ${TCGA_SURVIVAL_LABEL_CSV:?set TCGA_SURVIVAL_LABEL_CSV} --srp_context_impl stacked --srp_correction_chunk_size 0
gate_factorization	survival	STAD	no_bias	No bias	42	0.5	128	public	gate_factorization_stad_no_bias_s42	python -u slide_level_srp/train_survival.py --run_name gate_factorization_stad_no_bias_s42 --cohort STAD --endpoint OS --split_mode global_seed_holdout --global_seed 42 --seed 42 --neighbor_shuffle_seed 42 --n_folds 5 --variant srp_patch_signed_gated --out_dir ${GATEDSRP_COMPONENT_OUT:-runs/component_variants} --wandb_mode ${WANDB_MODE:-disabled} --epochs ${EPOCHS_TCGA_SURVIVAL:-20} --grad_accum ${GRAD_ACCUM_TCGA_SURVIVAL:-1} --base_lr ${LR_TCGA_SURVIVAL:-1e-4} --weight_decay ${WD_TCGA_SURVIVAL:-1e-5} --feature_root ${TCGA_FEATURE_ROOT:?set TCGA_FEATURE_ROOT} --feature_key ${TCGA_FEATURE_KEY:-features/uni_v2} --in_dim 1536 --delta_scale 0.5 --gate_hidden_dim 128 --gate_output_init zero --gate_activation tanh --gate_factorization no_bias --label_csv ${TCGA_SURVIVAL_LABEL_CSV:?set TCGA_SURVIVAL_LABEL_CSV} --srp_context_impl stacked --srp_correction_chunk_size 0
gate_factorization	survival	STAD	no_bias	No bias	43	0.5	128	public	gate_factorization_stad_no_bias_s43	python -u slide_level_srp/train_survival.py --run_name gate_factorization_stad_no_bias_s43 --cohort STAD --endpoint OS --split_mode global_seed_holdout --global_seed 43 --seed 43 --neighbor_shuffle_seed 43 --n_folds 5 --variant srp_patch_signed_gated --out_dir ${GATEDSRP_COMPONENT_OUT:-runs/component_variants} --wandb_mode ${WANDB_MODE:-disabled} --epochs ${EPOCHS_TCGA_SURVIVAL:-20} --grad_accum ${GRAD_ACCUM_TCGA_SURVIVAL:-1} --base_lr ${LR_TCGA_SURVIVAL:-1e-4} --weight_decay ${WD_TCGA_SURVIVAL:-1e-5} --feature_root ${TCGA_FEATURE_ROOT:?set TCGA_FEATURE_ROOT} --feature_key ${TCGA_FEATURE_KEY:-features/uni_v2} --in_dim 1536 --delta_scale 0.5 --gate_hidden_dim 128 --gate_output_init zero --gate_activation tanh --gate_factorization no_bias --label_csv ${TCGA_SURVIVAL_LABEL_CSV:?set TCGA_SURVIVAL_LABEL_CSV} --srp_context_impl stacked --srp_correction_chunk_size 0
gate_factorization	survival	STAD	no_bias	No bias	44	0.5	128	public	gate_factorization_stad_no_bias_s44	python -u slide_level_srp/train_survival.py --run_name gate_factorization_stad_no_bias_s44 --cohort STAD --endpoint OS --split_mode global_seed_holdout --global_seed 44 --seed 44 --neighbor_shuffle_seed 44 --n_folds 5 --variant srp_patch_signed_gated --out_dir ${GATEDSRP_COMPONENT_OUT:-runs/component_variants} --wandb_mode ${WANDB_MODE:-disabled} --epochs ${EPOCHS_TCGA_SURVIVAL:-20} --grad_accum ${GRAD_ACCUM_TCGA_SURVIVAL:-1} --base_lr ${LR_TCGA_SURVIVAL:-1e-4} --weight_decay ${WD_TCGA_SURVIVAL:-1e-5} --feature_root ${TCGA_FEATURE_ROOT:?set TCGA_FEATURE_ROOT} --feature_key ${TCGA_FEATURE_KEY:-features/uni_v2} --in_dim 1536 --delta_scale 0.5 --gate_hidden_dim 128 --gate_output_init zero --gate_activation tanh --gate_factorization no_bias --label_csv ${TCGA_SURVIVAL_LABEL_CSV:?set TCGA_SURVIVAL_LABEL_CSV} --srp_context_impl stacked --srp_correction_chunk_size 0
gate_factorization	survival	STAD	no_bias	No bias	45	0.5	128	public	gate_factorization_stad_no_bias_s45	python -u slide_level_srp/train_survival.py --run_name gate_factorization_stad_no_bias_s45 --cohort STAD --endpoint OS --split_mode global_seed_holdout --global_seed 45 --seed 45 --neighbor_shuffle_seed 45 --n_folds 5 --variant srp_patch_signed_gated --out_dir ${GATEDSRP_COMPONENT_OUT:-runs/component_variants} --wandb_mode ${WANDB_MODE:-disabled} --epochs ${EPOCHS_TCGA_SURVIVAL:-20} --grad_accum ${GRAD_ACCUM_TCGA_SURVIVAL:-1} --base_lr ${LR_TCGA_SURVIVAL:-1e-4} --weight_decay ${WD_TCGA_SURVIVAL:-1e-5} --feature_root ${TCGA_FEATURE_ROOT:?set TCGA_FEATURE_ROOT} --feature_key ${TCGA_FEATURE_KEY:-features/uni_v2} --in_dim 1536 --delta_scale 0.5 --gate_hidden_dim 128 --gate_output_init zero --gate_activation tanh --gate_factorization no_bias --label_csv ${TCGA_SURVIVAL_LABEL_CSV:?set TCGA_SURVIVAL_LABEL_CSV} --srp_context_impl stacked --srp_correction_chunk_size 0
gate_factorization	survival	STAD	no_bias	No bias	46	0.5	128	public	gate_factorization_stad_no_bias_s46	python -u slide_level_srp/train_survival.py --run_name gate_factorization_stad_no_bias_s46 --cohort STAD --endpoint OS --split_mode global_seed_holdout --global_seed 46 --seed 46 --neighbor_shuffle_seed 46 --n_folds 5 --variant srp_patch_signed_gated --out_dir ${GATEDSRP_COMPONENT_OUT:-runs/component_variants} --wandb_mode ${WANDB_MODE:-disabled} --epochs ${EPOCHS_TCGA_SURVIVAL:-20} --grad_accum ${GRAD_ACCUM_TCGA_SURVIVAL:-1} --base_lr ${LR_TCGA_SURVIVAL:-1e-4} --weight_decay ${WD_TCGA_SURVIVAL:-1e-5} --feature_root ${TCGA_FEATURE_ROOT:?set TCGA_FEATURE_ROOT} --feature_key ${TCGA_FEATURE_KEY:-features/uni_v2} --in_dim 1536 --delta_scale 0.5 --gate_hidden_dim 128 --gate_output_init zero --gate_activation tanh --gate_factorization no_bias --label_csv ${TCGA_SURVIVAL_LABEL_CSV:?set TCGA_SURVIVAL_LABEL_CSV} --srp_context_impl stacked --srp_correction_chunk_size 0
gate_factorization	survival	STAD	full_gate	Full gate	42	0.5	128	public	gate_factorization_stad_full_gate_s42	python -u slide_level_srp/train_survival.py --run_name gate_factorization_stad_full_gate_s42 --cohort STAD --endpoint OS --split_mode global_seed_holdout --global_seed 42 --seed 42 --neighbor_shuffle_seed 42 --n_folds 5 --variant srp_patch_signed_gated --out_dir ${GATEDSRP_COMPONENT_OUT:-runs/component_variants} --wandb_mode ${WANDB_MODE:-disabled} --epochs ${EPOCHS_TCGA_SURVIVAL:-20} --grad_accum ${GRAD_ACCUM_TCGA_SURVIVAL:-1} --base_lr ${LR_TCGA_SURVIVAL:-1e-4} --weight_decay ${WD_TCGA_SURVIVAL:-1e-5} --feature_root ${TCGA_FEATURE_ROOT:?set TCGA_FEATURE_ROOT} --feature_key ${TCGA_FEATURE_KEY:-features/uni_v2} --in_dim 1536 --delta_scale 0.5 --gate_hidden_dim 128 --gate_output_init zero --gate_activation tanh --gate_factorization full --label_csv ${TCGA_SURVIVAL_LABEL_CSV:?set TCGA_SURVIVAL_LABEL_CSV} --srp_context_impl stacked --srp_correction_chunk_size 0
gate_factorization	survival	STAD	full_gate	Full gate	43	0.5	128	public	gate_factorization_stad_full_gate_s43	python -u slide_level_srp/train_survival.py --run_name gate_factorization_stad_full_gate_s43 --cohort STAD --endpoint OS --split_mode global_seed_holdout --global_seed 43 --seed 43 --neighbor_shuffle_seed 43 --n_folds 5 --variant srp_patch_signed_gated --out_dir ${GATEDSRP_COMPONENT_OUT:-runs/component_variants} --wandb_mode ${WANDB_MODE:-disabled} --epochs ${EPOCHS_TCGA_SURVIVAL:-20} --grad_accum ${GRAD_ACCUM_TCGA_SURVIVAL:-1} --base_lr ${LR_TCGA_SURVIVAL:-1e-4} --weight_decay ${WD_TCGA_SURVIVAL:-1e-5} --feature_root ${TCGA_FEATURE_ROOT:?set TCGA_FEATURE_ROOT} --feature_key ${TCGA_FEATURE_KEY:-features/uni_v2} --in_dim 1536 --delta_scale 0.5 --gate_hidden_dim 128 --gate_output_init zero --gate_activation tanh --gate_factorization full --label_csv ${TCGA_SURVIVAL_LABEL_CSV:?set TCGA_SURVIVAL_LABEL_CSV} --srp_context_impl stacked --srp_correction_chunk_size 0
gate_factorization	survival	STAD	full_gate	Full gate	44	0.5	128	public	gate_factorization_stad_full_gate_s44	python -u slide_level_srp/train_survival.py --run_name gate_factorization_stad_full_gate_s44 --cohort STAD --endpoint OS --split_mode global_seed_holdout --global_seed 44 --seed 44 --neighbor_shuffle_seed 44 --n_folds 5 --variant srp_patch_signed_gated --out_dir ${GATEDSRP_COMPONENT_OUT:-runs/component_variants} --wandb_mode ${WANDB_MODE:-disabled} --epochs ${EPOCHS_TCGA_SURVIVAL:-20} --grad_accum ${GRAD_ACCUM_TCGA_SURVIVAL:-1} --base_lr ${LR_TCGA_SURVIVAL:-1e-4} --weight_decay ${WD_TCGA_SURVIVAL:-1e-5} --feature_root ${TCGA_FEATURE_ROOT:?set TCGA_FEATURE_ROOT} --feature_key ${TCGA_FEATURE_KEY:-features/uni_v2} --in_dim 1536 --delta_scale 0.5 --gate_hidden_dim 128 --gate_output_init zero --gate_activation tanh --gate_factorization full --label_csv ${TCGA_SURVIVAL_LABEL_CSV:?set TCGA_SURVIVAL_LABEL_CSV} --srp_context_impl stacked --srp_correction_chunk_size 0
gate_factorization	survival	STAD	full_gate	Full gate	45	0.5	128	public	gate_factorization_stad_full_gate_s45	python -u slide_level_srp/train_survival.py --run_name gate_factorization_stad_full_gate_s45 --cohort STAD --endpoint OS --split_mode global_seed_holdout --global_seed 45 --seed 45 --neighbor_shuffle_seed 45 --n_folds 5 --variant srp_patch_signed_gated --out_dir ${GATEDSRP_COMPONENT_OUT:-runs/component_variants} --wandb_mode ${WANDB_MODE:-disabled} --epochs ${EPOCHS_TCGA_SURVIVAL:-20} --grad_accum ${GRAD_ACCUM_TCGA_SURVIVAL:-1} --base_lr ${LR_TCGA_SURVIVAL:-1e-4} --weight_decay ${WD_TCGA_SURVIVAL:-1e-5} --feature_root ${TCGA_FEATURE_ROOT:?set TCGA_FEATURE_ROOT} --feature_key ${TCGA_FEATURE_KEY:-features/uni_v2} --in_dim 1536 --delta_scale 0.5 --gate_hidden_dim 128 --gate_output_init zero --gate_activation tanh --gate_factorization full --label_csv ${TCGA_SURVIVAL_LABEL_CSV:?set TCGA_SURVIVAL_LABEL_CSV} --srp_context_impl stacked --srp_correction_chunk_size 0
gate_factorization	survival	STAD	full_gate	Full gate	46	0.5	128	public	gate_factorization_stad_full_gate_s46	python -u slide_level_srp/train_survival.py --run_name gate_factorization_stad_full_gate_s46 --cohort STAD --endpoint OS --split_mode global_seed_holdout --global_seed 46 --seed 46 --neighbor_shuffle_seed 46 --n_folds 5 --variant srp_patch_signed_gated --out_dir ${GATEDSRP_COMPONENT_OUT:-runs/component_variants} --wandb_mode ${WANDB_MODE:-disabled} --epochs ${EPOCHS_TCGA_SURVIVAL:-20} --grad_accum ${GRAD_ACCUM_TCGA_SURVIVAL:-1} --base_lr ${LR_TCGA_SURVIVAL:-1e-4} --weight_decay ${WD_TCGA_SURVIVAL:-1e-5} --feature_root ${TCGA_FEATURE_ROOT:?set TCGA_FEATURE_ROOT} --feature_key ${TCGA_FEATURE_KEY:-features/uni_v2} --in_dim 1536 --delta_scale 0.5 --gate_hidden_dim 128 --gate_output_init zero --gate_activation tanh --gate_factorization full --label_csv ${TCGA_SURVIVAL_LABEL_CSV:?set TCGA_SURVIVAL_LABEL_CSV} --srp_context_impl stacked --srp_correction_chunk_size 0
gate_factorization	classification	kgh	token_only	Token only	42	1	64	restricted	gate_factorization_kgh_token_only_s42	python -u slide_level_srp/train.py --run_name gate_factorization_kgh_token_only_s42 --dataset kgh --variant srp_patch_signed_gated --in_dim 1536 --num_classes 4 --split_mode global_seed_holdout --global_seed 42 --seed 42 --neighbor_shuffle_seed 42 --out_dir ${GATEDSRP_COMPONENT_OUT:-runs/component_variants} --wandb_mode ${WANDB_MODE:-disabled} --epochs ${EPOCHS_SLIDE:-15} --grad_accum ${GRAD_ACCUM:-16} --kgh_true_4class --feature_root ${KGH_FEATURE_ROOT:?set KGH_FEATURE_ROOT} --feature_key ${KGH_FEATURE_KEY:-features/uni_v2} --delta_scale 1 --gate_hidden_dim 64 --gate_output_init zero --gate_activation tanh --gate_factorization token_only --srp_context_impl stacked --srp_correction_chunk_size 0
gate_factorization	classification	kgh	token_only	Token only	43	1	64	restricted	gate_factorization_kgh_token_only_s43	python -u slide_level_srp/train.py --run_name gate_factorization_kgh_token_only_s43 --dataset kgh --variant srp_patch_signed_gated --in_dim 1536 --num_classes 4 --split_mode global_seed_holdout --global_seed 43 --seed 43 --neighbor_shuffle_seed 43 --out_dir ${GATEDSRP_COMPONENT_OUT:-runs/component_variants} --wandb_mode ${WANDB_MODE:-disabled} --epochs ${EPOCHS_SLIDE:-15} --grad_accum ${GRAD_ACCUM:-16} --kgh_true_4class --feature_root ${KGH_FEATURE_ROOT:?set KGH_FEATURE_ROOT} --feature_key ${KGH_FEATURE_KEY:-features/uni_v2} --delta_scale 1 --gate_hidden_dim 64 --gate_output_init zero --gate_activation tanh --gate_factorization token_only --srp_context_impl stacked --srp_correction_chunk_size 0
gate_factorization	classification	kgh	token_only	Token only	44	1	64	restricted	gate_factorization_kgh_token_only_s44	python -u slide_level_srp/train.py --run_name gate_factorization_kgh_token_only_s44 --dataset kgh --variant srp_patch_signed_gated --in_dim 1536 --num_classes 4 --split_mode global_seed_holdout --global_seed 44 --seed 44 --neighbor_shuffle_seed 44 --out_dir ${GATEDSRP_COMPONENT_OUT:-runs/component_variants} --wandb_mode ${WANDB_MODE:-disabled} --epochs ${EPOCHS_SLIDE:-15} --grad_accum ${GRAD_ACCUM:-16} --kgh_true_4class --feature_root ${KGH_FEATURE_ROOT:?set KGH_FEATURE_ROOT} --feature_key ${KGH_FEATURE_KEY:-features/uni_v2} --delta_scale 1 --gate_hidden_dim 64 --gate_output_init zero --gate_activation tanh --gate_factorization token_only --srp_context_impl stacked --srp_correction_chunk_size 0
gate_factorization	classification	kgh	token_only	Token only	45	1	64	restricted	gate_factorization_kgh_token_only_s45	python -u slide_level_srp/train.py --run_name gate_factorization_kgh_token_only_s45 --dataset kgh --variant srp_patch_signed_gated --in_dim 1536 --num_classes 4 --split_mode global_seed_holdout --global_seed 45 --seed 45 --neighbor_shuffle_seed 45 --out_dir ${GATEDSRP_COMPONENT_OUT:-runs/component_variants} --wandb_mode ${WANDB_MODE:-disabled} --epochs ${EPOCHS_SLIDE:-15} --grad_accum ${GRAD_ACCUM:-16} --kgh_true_4class --feature_root ${KGH_FEATURE_ROOT:?set KGH_FEATURE_ROOT} --feature_key ${KGH_FEATURE_KEY:-features/uni_v2} --delta_scale 1 --gate_hidden_dim 64 --gate_output_init zero --gate_activation tanh --gate_factorization token_only --srp_context_impl stacked --srp_correction_chunk_size 0
gate_factorization	classification	kgh	token_only	Token only	46	1	64	restricted	gate_factorization_kgh_token_only_s46	python -u slide_level_srp/train.py --run_name gate_factorization_kgh_token_only_s46 --dataset kgh --variant srp_patch_signed_gated --in_dim 1536 --num_classes 4 --split_mode global_seed_holdout --global_seed 46 --seed 46 --neighbor_shuffle_seed 46 --out_dir ${GATEDSRP_COMPONENT_OUT:-runs/component_variants} --wandb_mode ${WANDB_MODE:-disabled} --epochs ${EPOCHS_SLIDE:-15} --grad_accum ${GRAD_ACCUM:-16} --kgh_true_4class --feature_root ${KGH_FEATURE_ROOT:?set KGH_FEATURE_ROOT} --feature_key ${KGH_FEATURE_KEY:-features/uni_v2} --delta_scale 1 --gate_hidden_dim 64 --gate_output_init zero --gate_activation tanh --gate_factorization token_only --srp_context_impl stacked --srp_correction_chunk_size 0
gate_factorization	classification	kgh	head_only	Head only	42	1	64	restricted	gate_factorization_kgh_head_only_s42	python -u slide_level_srp/train.py --run_name gate_factorization_kgh_head_only_s42 --dataset kgh --variant srp_patch_signed_gated --in_dim 1536 --num_classes 4 --split_mode global_seed_holdout --global_seed 42 --seed 42 --neighbor_shuffle_seed 42 --out_dir ${GATEDSRP_COMPONENT_OUT:-runs/component_variants} --wandb_mode ${WANDB_MODE:-disabled} --epochs ${EPOCHS_SLIDE:-15} --grad_accum ${GRAD_ACCUM:-16} --kgh_true_4class --feature_root ${KGH_FEATURE_ROOT:?set KGH_FEATURE_ROOT} --feature_key ${KGH_FEATURE_KEY:-features/uni_v2} --delta_scale 1 --gate_hidden_dim 64 --gate_output_init zero --gate_activation tanh --gate_factorization head_only --srp_context_impl stacked --srp_correction_chunk_size 0
gate_factorization	classification	kgh	head_only	Head only	43	1	64	restricted	gate_factorization_kgh_head_only_s43	python -u slide_level_srp/train.py --run_name gate_factorization_kgh_head_only_s43 --dataset kgh --variant srp_patch_signed_gated --in_dim 1536 --num_classes 4 --split_mode global_seed_holdout --global_seed 43 --seed 43 --neighbor_shuffle_seed 43 --out_dir ${GATEDSRP_COMPONENT_OUT:-runs/component_variants} --wandb_mode ${WANDB_MODE:-disabled} --epochs ${EPOCHS_SLIDE:-15} --grad_accum ${GRAD_ACCUM:-16} --kgh_true_4class --feature_root ${KGH_FEATURE_ROOT:?set KGH_FEATURE_ROOT} --feature_key ${KGH_FEATURE_KEY:-features/uni_v2} --delta_scale 1 --gate_hidden_dim 64 --gate_output_init zero --gate_activation tanh --gate_factorization head_only --srp_context_impl stacked --srp_correction_chunk_size 0
gate_factorization	classification	kgh	head_only	Head only	44	1	64	restricted	gate_factorization_kgh_head_only_s44	python -u slide_level_srp/train.py --run_name gate_factorization_kgh_head_only_s44 --dataset kgh --variant srp_patch_signed_gated --in_dim 1536 --num_classes 4 --split_mode global_seed_holdout --global_seed 44 --seed 44 --neighbor_shuffle_seed 44 --out_dir ${GATEDSRP_COMPONENT_OUT:-runs/component_variants} --wandb_mode ${WANDB_MODE:-disabled} --epochs ${EPOCHS_SLIDE:-15} --grad_accum ${GRAD_ACCUM:-16} --kgh_true_4class --feature_root ${KGH_FEATURE_ROOT:?set KGH_FEATURE_ROOT} --feature_key ${KGH_FEATURE_KEY:-features/uni_v2} --delta_scale 1 --gate_hidden_dim 64 --gate_output_init zero --gate_activation tanh --gate_factorization head_only --srp_context_impl stacked --srp_correction_chunk_size 0
gate_factorization	classification	kgh	head_only	Head only	45	1	64	restricted	gate_factorization_kgh_head_only_s45	python -u slide_level_srp/train.py --run_name gate_factorization_kgh_head_only_s45 --dataset kgh --variant srp_patch_signed_gated --in_dim 1536 --num_classes 4 --split_mode global_seed_holdout --global_seed 45 --seed 45 --neighbor_shuffle_seed 45 --out_dir ${GATEDSRP_COMPONENT_OUT:-runs/component_variants} --wandb_mode ${WANDB_MODE:-disabled} --epochs ${EPOCHS_SLIDE:-15} --grad_accum ${GRAD_ACCUM:-16} --kgh_true_4class --feature_root ${KGH_FEATURE_ROOT:?set KGH_FEATURE_ROOT} --feature_key ${KGH_FEATURE_KEY:-features/uni_v2} --delta_scale 1 --gate_hidden_dim 64 --gate_output_init zero --gate_activation tanh --gate_factorization head_only --srp_context_impl stacked --srp_correction_chunk_size 0
gate_factorization	classification	kgh	head_only	Head only	46	1	64	restricted	gate_factorization_kgh_head_only_s46	python -u slide_level_srp/train.py --run_name gate_factorization_kgh_head_only_s46 --dataset kgh --variant srp_patch_signed_gated --in_dim 1536 --num_classes 4 --split_mode global_seed_holdout --global_seed 46 --seed 46 --neighbor_shuffle_seed 46 --out_dir ${GATEDSRP_COMPONENT_OUT:-runs/component_variants} --wandb_mode ${WANDB_MODE:-disabled} --epochs ${EPOCHS_SLIDE:-15} --grad_accum ${GRAD_ACCUM:-16} --kgh_true_4class --feature_root ${KGH_FEATURE_ROOT:?set KGH_FEATURE_ROOT} --feature_key ${KGH_FEATURE_KEY:-features/uni_v2} --delta_scale 1 --gate_hidden_dim 64 --gate_output_init zero --gate_activation tanh --gate_factorization head_only --srp_context_impl stacked --srp_correction_chunk_size 0
gate_factorization	classification	kgh	no_bias	No bias	42	1	64	restricted	gate_factorization_kgh_no_bias_s42	python -u slide_level_srp/train.py --run_name gate_factorization_kgh_no_bias_s42 --dataset kgh --variant srp_patch_signed_gated --in_dim 1536 --num_classes 4 --split_mode global_seed_holdout --global_seed 42 --seed 42 --neighbor_shuffle_seed 42 --out_dir ${GATEDSRP_COMPONENT_OUT:-runs/component_variants} --wandb_mode ${WANDB_MODE:-disabled} --epochs ${EPOCHS_SLIDE:-15} --grad_accum ${GRAD_ACCUM:-16} --kgh_true_4class --feature_root ${KGH_FEATURE_ROOT:?set KGH_FEATURE_ROOT} --feature_key ${KGH_FEATURE_KEY:-features/uni_v2} --delta_scale 1 --gate_hidden_dim 64 --gate_output_init zero --gate_activation tanh --gate_factorization no_bias --srp_context_impl stacked --srp_correction_chunk_size 0
gate_factorization	classification	kgh	no_bias	No bias	43	1	64	restricted	gate_factorization_kgh_no_bias_s43	python -u slide_level_srp/train.py --run_name gate_factorization_kgh_no_bias_s43 --dataset kgh --variant srp_patch_signed_gated --in_dim 1536 --num_classes 4 --split_mode global_seed_holdout --global_seed 43 --seed 43 --neighbor_shuffle_seed 43 --out_dir ${GATEDSRP_COMPONENT_OUT:-runs/component_variants} --wandb_mode ${WANDB_MODE:-disabled} --epochs ${EPOCHS_SLIDE:-15} --grad_accum ${GRAD_ACCUM:-16} --kgh_true_4class --feature_root ${KGH_FEATURE_ROOT:?set KGH_FEATURE_ROOT} --feature_key ${KGH_FEATURE_KEY:-features/uni_v2} --delta_scale 1 --gate_hidden_dim 64 --gate_output_init zero --gate_activation tanh --gate_factorization no_bias --srp_context_impl stacked --srp_correction_chunk_size 0
gate_factorization	classification	kgh	no_bias	No bias	44	1	64	restricted	gate_factorization_kgh_no_bias_s44	python -u slide_level_srp/train.py --run_name gate_factorization_kgh_no_bias_s44 --dataset kgh --variant srp_patch_signed_gated --in_dim 1536 --num_classes 4 --split_mode global_seed_holdout --global_seed 44 --seed 44 --neighbor_shuffle_seed 44 --out_dir ${GATEDSRP_COMPONENT_OUT:-runs/component_variants} --wandb_mode ${WANDB_MODE:-disabled} --epochs ${EPOCHS_SLIDE:-15} --grad_accum ${GRAD_ACCUM:-16} --kgh_true_4class --feature_root ${KGH_FEATURE_ROOT:?set KGH_FEATURE_ROOT} --feature_key ${KGH_FEATURE_KEY:-features/uni_v2} --delta_scale 1 --gate_hidden_dim 64 --gate_output_init zero --gate_activation tanh --gate_factorization no_bias --srp_context_impl stacked --srp_correction_chunk_size 0
gate_factorization	classification	kgh	no_bias	No bias	45	1	64	restricted	gate_factorization_kgh_no_bias_s45	python -u slide_level_srp/train.py --run_name gate_factorization_kgh_no_bias_s45 --dataset kgh --variant srp_patch_signed_gated --in_dim 1536 --num_classes 4 --split_mode global_seed_holdout --global_seed 45 --seed 45 --neighbor_shuffle_seed 45 --out_dir ${GATEDSRP_COMPONENT_OUT:-runs/component_variants} --wandb_mode ${WANDB_MODE:-disabled} --epochs ${EPOCHS_SLIDE:-15} --grad_accum ${GRAD_ACCUM:-16} --kgh_true_4class --feature_root ${KGH_FEATURE_ROOT:?set KGH_FEATURE_ROOT} --feature_key ${KGH_FEATURE_KEY:-features/uni_v2} --delta_scale 1 --gate_hidden_dim 64 --gate_output_init zero --gate_activation tanh --gate_factorization no_bias --srp_context_impl stacked --srp_correction_chunk_size 0
gate_factorization	classification	kgh	no_bias	No bias	46	1	64	restricted	gate_factorization_kgh_no_bias_s46	python -u slide_level_srp/train.py --run_name gate_factorization_kgh_no_bias_s46 --dataset kgh --variant srp_patch_signed_gated --in_dim 1536 --num_classes 4 --split_mode global_seed_holdout --global_seed 46 --seed 46 --neighbor_shuffle_seed 46 --out_dir ${GATEDSRP_COMPONENT_OUT:-runs/component_variants} --wandb_mode ${WANDB_MODE:-disabled} --epochs ${EPOCHS_SLIDE:-15} --grad_accum ${GRAD_ACCUM:-16} --kgh_true_4class --feature_root ${KGH_FEATURE_ROOT:?set KGH_FEATURE_ROOT} --feature_key ${KGH_FEATURE_KEY:-features/uni_v2} --delta_scale 1 --gate_hidden_dim 64 --gate_output_init zero --gate_activation tanh --gate_factorization no_bias --srp_context_impl stacked --srp_correction_chunk_size 0
gate_factorization	classification	kgh	full_gate	Full gate	42	1	64	restricted	gate_factorization_kgh_full_gate_s42	python -u slide_level_srp/train.py --run_name gate_factorization_kgh_full_gate_s42 --dataset kgh --variant srp_patch_signed_gated --in_dim 1536 --num_classes 4 --split_mode global_seed_holdout --global_seed 42 --seed 42 --neighbor_shuffle_seed 42 --out_dir ${GATEDSRP_COMPONENT_OUT:-runs/component_variants} --wandb_mode ${WANDB_MODE:-disabled} --epochs ${EPOCHS_SLIDE:-15} --grad_accum ${GRAD_ACCUM:-16} --kgh_true_4class --feature_root ${KGH_FEATURE_ROOT:?set KGH_FEATURE_ROOT} --feature_key ${KGH_FEATURE_KEY:-features/uni_v2} --delta_scale 1 --gate_hidden_dim 64 --gate_output_init zero --gate_activation tanh --gate_factorization full --srp_context_impl stacked --srp_correction_chunk_size 0
gate_factorization	classification	kgh	full_gate	Full gate	43	1	64	restricted	gate_factorization_kgh_full_gate_s43	python -u slide_level_srp/train.py --run_name gate_factorization_kgh_full_gate_s43 --dataset kgh --variant srp_patch_signed_gated --in_dim 1536 --num_classes 4 --split_mode global_seed_holdout --global_seed 43 --seed 43 --neighbor_shuffle_seed 43 --out_dir ${GATEDSRP_COMPONENT_OUT:-runs/component_variants} --wandb_mode ${WANDB_MODE:-disabled} --epochs ${EPOCHS_SLIDE:-15} --grad_accum ${GRAD_ACCUM:-16} --kgh_true_4class --feature_root ${KGH_FEATURE_ROOT:?set KGH_FEATURE_ROOT} --feature_key ${KGH_FEATURE_KEY:-features/uni_v2} --delta_scale 1 --gate_hidden_dim 64 --gate_output_init zero --gate_activation tanh --gate_factorization full --srp_context_impl stacked --srp_correction_chunk_size 0
gate_factorization	classification	kgh	full_gate	Full gate	44	1	64	restricted	gate_factorization_kgh_full_gate_s44	python -u slide_level_srp/train.py --run_name gate_factorization_kgh_full_gate_s44 --dataset kgh --variant srp_patch_signed_gated --in_dim 1536 --num_classes 4 --split_mode global_seed_holdout --global_seed 44 --seed 44 --neighbor_shuffle_seed 44 --out_dir ${GATEDSRP_COMPONENT_OUT:-runs/component_variants} --wandb_mode ${WANDB_MODE:-disabled} --epochs ${EPOCHS_SLIDE:-15} --grad_accum ${GRAD_ACCUM:-16} --kgh_true_4class --feature_root ${KGH_FEATURE_ROOT:?set KGH_FEATURE_ROOT} --feature_key ${KGH_FEATURE_KEY:-features/uni_v2} --delta_scale 1 --gate_hidden_dim 64 --gate_output_init zero --gate_activation tanh --gate_factorization full --srp_context_impl stacked --srp_correction_chunk_size 0
gate_factorization	classification	kgh	full_gate	Full gate	45	1	64	restricted	gate_factorization_kgh_full_gate_s45	python -u slide_level_srp/train.py --run_name gate_factorization_kgh_full_gate_s45 --dataset kgh --variant srp_patch_signed_gated --in_dim 1536 --num_classes 4 --split_mode global_seed_holdout --global_seed 45 --seed 45 --neighbor_shuffle_seed 45 --out_dir ${GATEDSRP_COMPONENT_OUT:-runs/component_variants} --wandb_mode ${WANDB_MODE:-disabled} --epochs ${EPOCHS_SLIDE:-15} --grad_accum ${GRAD_ACCUM:-16} --kgh_true_4class --feature_root ${KGH_FEATURE_ROOT:?set KGH_FEATURE_ROOT} --feature_key ${KGH_FEATURE_KEY:-features/uni_v2} --delta_scale 1 --gate_hidden_dim 64 --gate_output_init zero --gate_activation tanh --gate_factorization full --srp_context_impl stacked --srp_correction_chunk_size 0
gate_factorization	classification	kgh	full_gate	Full gate	46	1	64	restricted	gate_factorization_kgh_full_gate_s46	python -u slide_level_srp/train.py --run_name gate_factorization_kgh_full_gate_s46 --dataset kgh --variant srp_patch_signed_gated --in_dim 1536 --num_classes 4 --split_mode global_seed_holdout --global_seed 46 --seed 46 --neighbor_shuffle_seed 46 --out_dir ${GATEDSRP_COMPONENT_OUT:-runs/component_variants} --wandb_mode ${WANDB_MODE:-disabled} --epochs ${EPOCHS_SLIDE:-15} --grad_accum ${GRAD_ACCUM:-16} --kgh_true_4class --feature_root ${KGH_FEATURE_ROOT:?set KGH_FEATURE_ROOT} --feature_key ${KGH_FEATURE_KEY:-features/uni_v2} --delta_scale 1 --gate_hidden_dim 64 --gate_output_init zero --gate_activation tanh --gate_factorization full --srp_context_impl stacked --srp_correction_chunk_size 0
gate_factorization	classification	panda	token_only	Token only	42	0.5	16	public	gate_factorization_panda_token_only_s42	python -u -m slide_level_srp.train_panda --run_name gate_factorization_panda_token_only_s42 --arch transmil --mode srp_signed_gated --split_mode global_seed_holdout --global_seed 42 --seed 42 --neighbor_shuffle_seed 42 --out_dir ${GATEDSRP_COMPONENT_OUT:-runs/component_variants} --wandb_mode ${WANDB_MODE:-disabled} --epochs ${EPOCHS_PANDA_TRANSMIL:-20} --grad_accum ${GRAD_ACCUM_PANDA_TRANSMIL:-16} --feature_root ${PANDA_FEATURE_ROOT:?set PANDA_FEATURE_ROOT} --delta_scale 0.5 --gate_hidden_dim 16 --gate_output_init zero --gate_activation tanh --srp_r_target knn8 --gate_factorization token_only --srp_context_impl stacked --srp_correction_chunk_size 0
gate_factorization	classification	panda	token_only	Token only	43	0.5	16	public	gate_factorization_panda_token_only_s43	python -u -m slide_level_srp.train_panda --run_name gate_factorization_panda_token_only_s43 --arch transmil --mode srp_signed_gated --split_mode global_seed_holdout --global_seed 43 --seed 43 --neighbor_shuffle_seed 43 --out_dir ${GATEDSRP_COMPONENT_OUT:-runs/component_variants} --wandb_mode ${WANDB_MODE:-disabled} --epochs ${EPOCHS_PANDA_TRANSMIL:-20} --grad_accum ${GRAD_ACCUM_PANDA_TRANSMIL:-16} --feature_root ${PANDA_FEATURE_ROOT:?set PANDA_FEATURE_ROOT} --delta_scale 0.5 --gate_hidden_dim 16 --gate_output_init zero --gate_activation tanh --srp_r_target knn8 --gate_factorization token_only --srp_context_impl stacked --srp_correction_chunk_size 0
gate_factorization	classification	panda	token_only	Token only	44	0.5	16	public	gate_factorization_panda_token_only_s44	python -u -m slide_level_srp.train_panda --run_name gate_factorization_panda_token_only_s44 --arch transmil --mode srp_signed_gated --split_mode global_seed_holdout --global_seed 44 --seed 44 --neighbor_shuffle_seed 44 --out_dir ${GATEDSRP_COMPONENT_OUT:-runs/component_variants} --wandb_mode ${WANDB_MODE:-disabled} --epochs ${EPOCHS_PANDA_TRANSMIL:-20} --grad_accum ${GRAD_ACCUM_PANDA_TRANSMIL:-16} --feature_root ${PANDA_FEATURE_ROOT:?set PANDA_FEATURE_ROOT} --delta_scale 0.5 --gate_hidden_dim 16 --gate_output_init zero --gate_activation tanh --srp_r_target knn8 --gate_factorization token_only --srp_context_impl stacked --srp_correction_chunk_size 0
gate_factorization	classification	panda	token_only	Token only	45	0.5	16	public	gate_factorization_panda_token_only_s45	python -u -m slide_level_srp.train_panda --run_name gate_factorization_panda_token_only_s45 --arch transmil --mode srp_signed_gated --split_mode global_seed_holdout --global_seed 45 --seed 45 --neighbor_shuffle_seed 45 --out_dir ${GATEDSRP_COMPONENT_OUT:-runs/component_variants} --wandb_mode ${WANDB_MODE:-disabled} --epochs ${EPOCHS_PANDA_TRANSMIL:-20} --grad_accum ${GRAD_ACCUM_PANDA_TRANSMIL:-16} --feature_root ${PANDA_FEATURE_ROOT:?set PANDA_FEATURE_ROOT} --delta_scale 0.5 --gate_hidden_dim 16 --gate_output_init zero --gate_activation tanh --srp_r_target knn8 --gate_factorization token_only --srp_context_impl stacked --srp_correction_chunk_size 0
gate_factorization	classification	panda	token_only	Token only	46	0.5	16	public	gate_factorization_panda_token_only_s46	python -u -m slide_level_srp.train_panda --run_name gate_factorization_panda_token_only_s46 --arch transmil --mode srp_signed_gated --split_mode global_seed_holdout --global_seed 46 --seed 46 --neighbor_shuffle_seed 46 --out_dir ${GATEDSRP_COMPONENT_OUT:-runs/component_variants} --wandb_mode ${WANDB_MODE:-disabled} --epochs ${EPOCHS_PANDA_TRANSMIL:-20} --grad_accum ${GRAD_ACCUM_PANDA_TRANSMIL:-16} --feature_root ${PANDA_FEATURE_ROOT:?set PANDA_FEATURE_ROOT} --delta_scale 0.5 --gate_hidden_dim 16 --gate_output_init zero --gate_activation tanh --srp_r_target knn8 --gate_factorization token_only --srp_context_impl stacked --srp_correction_chunk_size 0
gate_factorization	classification	panda	head_only	Head only	42	0.5	16	public	gate_factorization_panda_head_only_s42	python -u -m slide_level_srp.train_panda --run_name gate_factorization_panda_head_only_s42 --arch transmil --mode srp_signed_gated --split_mode global_seed_holdout --global_seed 42 --seed 42 --neighbor_shuffle_seed 42 --out_dir ${GATEDSRP_COMPONENT_OUT:-runs/component_variants} --wandb_mode ${WANDB_MODE:-disabled} --epochs ${EPOCHS_PANDA_TRANSMIL:-20} --grad_accum ${GRAD_ACCUM_PANDA_TRANSMIL:-16} --feature_root ${PANDA_FEATURE_ROOT:?set PANDA_FEATURE_ROOT} --delta_scale 0.5 --gate_hidden_dim 16 --gate_output_init zero --gate_activation tanh --srp_r_target knn8 --gate_factorization head_only --srp_context_impl stacked --srp_correction_chunk_size 0
gate_factorization	classification	panda	head_only	Head only	43	0.5	16	public	gate_factorization_panda_head_only_s43	python -u -m slide_level_srp.train_panda --run_name gate_factorization_panda_head_only_s43 --arch transmil --mode srp_signed_gated --split_mode global_seed_holdout --global_seed 43 --seed 43 --neighbor_shuffle_seed 43 --out_dir ${GATEDSRP_COMPONENT_OUT:-runs/component_variants} --wandb_mode ${WANDB_MODE:-disabled} --epochs ${EPOCHS_PANDA_TRANSMIL:-20} --grad_accum ${GRAD_ACCUM_PANDA_TRANSMIL:-16} --feature_root ${PANDA_FEATURE_ROOT:?set PANDA_FEATURE_ROOT} --delta_scale 0.5 --gate_hidden_dim 16 --gate_output_init zero --gate_activation tanh --srp_r_target knn8 --gate_factorization head_only --srp_context_impl stacked --srp_correction_chunk_size 0
gate_factorization	classification	panda	head_only	Head only	44	0.5	16	public	gate_factorization_panda_head_only_s44	python -u -m slide_level_srp.train_panda --run_name gate_factorization_panda_head_only_s44 --arch transmil --mode srp_signed_gated --split_mode global_seed_holdout --global_seed 44 --seed 44 --neighbor_shuffle_seed 44 --out_dir ${GATEDSRP_COMPONENT_OUT:-runs/component_variants} --wandb_mode ${WANDB_MODE:-disabled} --epochs ${EPOCHS_PANDA_TRANSMIL:-20} --grad_accum ${GRAD_ACCUM_PANDA_TRANSMIL:-16} --feature_root ${PANDA_FEATURE_ROOT:?set PANDA_FEATURE_ROOT} --delta_scale 0.5 --gate_hidden_dim 16 --gate_output_init zero --gate_activation tanh --srp_r_target knn8 --gate_factorization head_only --srp_context_impl stacked --srp_correction_chunk_size 0
gate_factorization	classification	panda	head_only	Head only	45	0.5	16	public	gate_factorization_panda_head_only_s45	python -u -m slide_level_srp.train_panda --run_name gate_factorization_panda_head_only_s45 --arch transmil --mode srp_signed_gated --split_mode global_seed_holdout --global_seed 45 --seed 45 --neighbor_shuffle_seed 45 --out_dir ${GATEDSRP_COMPONENT_OUT:-runs/component_variants} --wandb_mode ${WANDB_MODE:-disabled} --epochs ${EPOCHS_PANDA_TRANSMIL:-20} --grad_accum ${GRAD_ACCUM_PANDA_TRANSMIL:-16} --feature_root ${PANDA_FEATURE_ROOT:?set PANDA_FEATURE_ROOT} --delta_scale 0.5 --gate_hidden_dim 16 --gate_output_init zero --gate_activation tanh --srp_r_target knn8 --gate_factorization head_only --srp_context_impl stacked --srp_correction_chunk_size 0
gate_factorization	classification	panda	head_only	Head only	46	0.5	16	public	gate_factorization_panda_head_only_s46	python -u -m slide_level_srp.train_panda --run_name gate_factorization_panda_head_only_s46 --arch transmil --mode srp_signed_gated --split_mode global_seed_holdout --global_seed 46 --seed 46 --neighbor_shuffle_seed 46 --out_dir ${GATEDSRP_COMPONENT_OUT:-runs/component_variants} --wandb_mode ${WANDB_MODE:-disabled} --epochs ${EPOCHS_PANDA_TRANSMIL:-20} --grad_accum ${GRAD_ACCUM_PANDA_TRANSMIL:-16} --feature_root ${PANDA_FEATURE_ROOT:?set PANDA_FEATURE_ROOT} --delta_scale 0.5 --gate_hidden_dim 16 --gate_output_init zero --gate_activation tanh --srp_r_target knn8 --gate_factorization head_only --srp_context_impl stacked --srp_correction_chunk_size 0
gate_factorization	classification	panda	no_bias	No bias	42	0.5	16	public	gate_factorization_panda_no_bias_s42	python -u -m slide_level_srp.train_panda --run_name gate_factorization_panda_no_bias_s42 --arch transmil --mode srp_signed_gated --split_mode global_seed_holdout --global_seed 42 --seed 42 --neighbor_shuffle_seed 42 --out_dir ${GATEDSRP_COMPONENT_OUT:-runs/component_variants} --wandb_mode ${WANDB_MODE:-disabled} --epochs ${EPOCHS_PANDA_TRANSMIL:-20} --grad_accum ${GRAD_ACCUM_PANDA_TRANSMIL:-16} --feature_root ${PANDA_FEATURE_ROOT:?set PANDA_FEATURE_ROOT} --delta_scale 0.5 --gate_hidden_dim 16 --gate_output_init zero --gate_activation tanh --srp_r_target knn8 --gate_factorization no_bias --srp_context_impl stacked --srp_correction_chunk_size 0
gate_factorization	classification	panda	no_bias	No bias	43	0.5	16	public	gate_factorization_panda_no_bias_s43	python -u -m slide_level_srp.train_panda --run_name gate_factorization_panda_no_bias_s43 --arch transmil --mode srp_signed_gated --split_mode global_seed_holdout --global_seed 43 --seed 43 --neighbor_shuffle_seed 43 --out_dir ${GATEDSRP_COMPONENT_OUT:-runs/component_variants} --wandb_mode ${WANDB_MODE:-disabled} --epochs ${EPOCHS_PANDA_TRANSMIL:-20} --grad_accum ${GRAD_ACCUM_PANDA_TRANSMIL:-16} --feature_root ${PANDA_FEATURE_ROOT:?set PANDA_FEATURE_ROOT} --delta_scale 0.5 --gate_hidden_dim 16 --gate_output_init zero --gate_activation tanh --srp_r_target knn8 --gate_factorization no_bias --srp_context_impl stacked --srp_correction_chunk_size 0
gate_factorization	classification	panda	no_bias	No bias	44	0.5	16	public	gate_factorization_panda_no_bias_s44	python -u -m slide_level_srp.train_panda --run_name gate_factorization_panda_no_bias_s44 --arch transmil --mode srp_signed_gated --split_mode global_seed_holdout --global_seed 44 --seed 44 --neighbor_shuffle_seed 44 --out_dir ${GATEDSRP_COMPONENT_OUT:-runs/component_variants} --wandb_mode ${WANDB_MODE:-disabled} --epochs ${EPOCHS_PANDA_TRANSMIL:-20} --grad_accum ${GRAD_ACCUM_PANDA_TRANSMIL:-16} --feature_root ${PANDA_FEATURE_ROOT:?set PANDA_FEATURE_ROOT} --delta_scale 0.5 --gate_hidden_dim 16 --gate_output_init zero --gate_activation tanh --srp_r_target knn8 --gate_factorization no_bias --srp_context_impl stacked --srp_correction_chunk_size 0
gate_factorization	classification	panda	no_bias	No bias	45	0.5	16	public	gate_factorization_panda_no_bias_s45	python -u -m slide_level_srp.train_panda --run_name gate_factorization_panda_no_bias_s45 --arch transmil --mode srp_signed_gated --split_mode global_seed_holdout --global_seed 45 --seed 45 --neighbor_shuffle_seed 45 --out_dir ${GATEDSRP_COMPONENT_OUT:-runs/component_variants} --wandb_mode ${WANDB_MODE:-disabled} --epochs ${EPOCHS_PANDA_TRANSMIL:-20} --grad_accum ${GRAD_ACCUM_PANDA_TRANSMIL:-16} --feature_root ${PANDA_FEATURE_ROOT:?set PANDA_FEATURE_ROOT} --delta_scale 0.5 --gate_hidden_dim 16 --gate_output_init zero --gate_activation tanh --srp_r_target knn8 --gate_factorization no_bias --srp_context_impl stacked --srp_correction_chunk_size 0
gate_factorization	classification	panda	no_bias	No bias	46	0.5	16	public	gate_factorization_panda_no_bias_s46	python -u -m slide_level_srp.train_panda --run_name gate_factorization_panda_no_bias_s46 --arch transmil --mode srp_signed_gated --split_mode global_seed_holdout --global_seed 46 --seed 46 --neighbor_shuffle_seed 46 --out_dir ${GATEDSRP_COMPONENT_OUT:-runs/component_variants} --wandb_mode ${WANDB_MODE:-disabled} --epochs ${EPOCHS_PANDA_TRANSMIL:-20} --grad_accum ${GRAD_ACCUM_PANDA_TRANSMIL:-16} --feature_root ${PANDA_FEATURE_ROOT:?set PANDA_FEATURE_ROOT} --delta_scale 0.5 --gate_hidden_dim 16 --gate_output_init zero --gate_activation tanh --srp_r_target knn8 --gate_factorization no_bias --srp_context_impl stacked --srp_correction_chunk_size 0
gate_factorization	classification	panda	full_gate	Full gate	42	0.5	16	public	gate_factorization_panda_full_gate_s42	python -u -m slide_level_srp.train_panda --run_name gate_factorization_panda_full_gate_s42 --arch transmil --mode srp_signed_gated --split_mode global_seed_holdout --global_seed 42 --seed 42 --neighbor_shuffle_seed 42 --out_dir ${GATEDSRP_COMPONENT_OUT:-runs/component_variants} --wandb_mode ${WANDB_MODE:-disabled} --epochs ${EPOCHS_PANDA_TRANSMIL:-20} --grad_accum ${GRAD_ACCUM_PANDA_TRANSMIL:-16} --feature_root ${PANDA_FEATURE_ROOT:?set PANDA_FEATURE_ROOT} --delta_scale 0.5 --gate_hidden_dim 16 --gate_output_init zero --gate_activation tanh --srp_r_target knn8 --gate_factorization full --srp_context_impl stacked --srp_correction_chunk_size 0
gate_factorization	classification	panda	full_gate	Full gate	43	0.5	16	public	gate_factorization_panda_full_gate_s43	python -u -m slide_level_srp.train_panda --run_name gate_factorization_panda_full_gate_s43 --arch transmil --mode srp_signed_gated --split_mode global_seed_holdout --global_seed 43 --seed 43 --neighbor_shuffle_seed 43 --out_dir ${GATEDSRP_COMPONENT_OUT:-runs/component_variants} --wandb_mode ${WANDB_MODE:-disabled} --epochs ${EPOCHS_PANDA_TRANSMIL:-20} --grad_accum ${GRAD_ACCUM_PANDA_TRANSMIL:-16} --feature_root ${PANDA_FEATURE_ROOT:?set PANDA_FEATURE_ROOT} --delta_scale 0.5 --gate_hidden_dim 16 --gate_output_init zero --gate_activation tanh --srp_r_target knn8 --gate_factorization full --srp_context_impl stacked --srp_correction_chunk_size 0
gate_factorization	classification	panda	full_gate	Full gate	44	0.5	16	public	gate_factorization_panda_full_gate_s44	python -u -m slide_level_srp.train_panda --run_name gate_factorization_panda_full_gate_s44 --arch transmil --mode srp_signed_gated --split_mode global_seed_holdout --global_seed 44 --seed 44 --neighbor_shuffle_seed 44 --out_dir ${GATEDSRP_COMPONENT_OUT:-runs/component_variants} --wandb_mode ${WANDB_MODE:-disabled} --epochs ${EPOCHS_PANDA_TRANSMIL:-20} --grad_accum ${GRAD_ACCUM_PANDA_TRANSMIL:-16} --feature_root ${PANDA_FEATURE_ROOT:?set PANDA_FEATURE_ROOT} --delta_scale 0.5 --gate_hidden_dim 16 --gate_output_init zero --gate_activation tanh --srp_r_target knn8 --gate_factorization full --srp_context_impl stacked --srp_correction_chunk_size 0
gate_factorization	classification	panda	full_gate	Full gate	45	0.5	16	public	gate_factorization_panda_full_gate_s45	python -u -m slide_level_srp.train_panda --run_name gate_factorization_panda_full_gate_s45 --arch transmil --mode srp_signed_gated --split_mode global_seed_holdout --global_seed 45 --seed 45 --neighbor_shuffle_seed 45 --out_dir ${GATEDSRP_COMPONENT_OUT:-runs/component_variants} --wandb_mode ${WANDB_MODE:-disabled} --epochs ${EPOCHS_PANDA_TRANSMIL:-20} --grad_accum ${GRAD_ACCUM_PANDA_TRANSMIL:-16} --feature_root ${PANDA_FEATURE_ROOT:?set PANDA_FEATURE_ROOT} --delta_scale 0.5 --gate_hidden_dim 16 --gate_output_init zero --gate_activation tanh --srp_r_target knn8 --gate_factorization full --srp_context_impl stacked --srp_correction_chunk_size 0
gate_factorization	classification	panda	full_gate	Full gate	46	0.5	16	public	gate_factorization_panda_full_gate_s46	python -u -m slide_level_srp.train_panda --run_name gate_factorization_panda_full_gate_s46 --arch transmil --mode srp_signed_gated --split_mode global_seed_holdout --global_seed 46 --seed 46 --neighbor_shuffle_seed 46 --out_dir ${GATEDSRP_COMPONENT_OUT:-runs/component_variants} --wandb_mode ${WANDB_MODE:-disabled} --epochs ${EPOCHS_PANDA_TRANSMIL:-20} --grad_accum ${GRAD_ACCUM_PANDA_TRANSMIL:-16} --feature_root ${PANDA_FEATURE_ROOT:?set PANDA_FEATURE_ROOT} --delta_scale 0.5 --gate_hidden_dim 16 --gate_output_init zero --gate_activation tanh --srp_r_target knn8 --gate_factorization full --srp_context_impl stacked --srp_correction_chunk_size 0
gate_factorization	classification	bracs	token_only	Token only	42	0.5	128	public	gate_factorization_bracs_token_only_s42	python -u slide_level_srp/train.py --run_name gate_factorization_bracs_token_only_s42 --dataset bracs --variant srp_patch_signed_gated --in_dim 1536 --num_classes 7 --split_mode global_seed_holdout --global_seed 42 --seed 42 --neighbor_shuffle_seed 42 --out_dir ${GATEDSRP_COMPONENT_OUT:-runs/component_variants} --wandb_mode ${WANDB_MODE:-disabled} --epochs ${EPOCHS_SLIDE:-15} --grad_accum ${GRAD_ACCUM:-16} --feature_root ${BRACS_FEATURE_ROOT:?set BRACS_FEATURE_ROOT} --feature_key ${BRACS_FEATURE_KEY:-features/uni_v2} --delta_scale 0.5 --gate_hidden_dim 128 --gate_output_init zero --gate_activation tanh --gate_factorization token_only --srp_context_impl stacked --srp_correction_chunk_size 0
gate_factorization	classification	bracs	token_only	Token only	43	0.5	128	public	gate_factorization_bracs_token_only_s43	python -u slide_level_srp/train.py --run_name gate_factorization_bracs_token_only_s43 --dataset bracs --variant srp_patch_signed_gated --in_dim 1536 --num_classes 7 --split_mode global_seed_holdout --global_seed 43 --seed 43 --neighbor_shuffle_seed 43 --out_dir ${GATEDSRP_COMPONENT_OUT:-runs/component_variants} --wandb_mode ${WANDB_MODE:-disabled} --epochs ${EPOCHS_SLIDE:-15} --grad_accum ${GRAD_ACCUM:-16} --feature_root ${BRACS_FEATURE_ROOT:?set BRACS_FEATURE_ROOT} --feature_key ${BRACS_FEATURE_KEY:-features/uni_v2} --delta_scale 0.5 --gate_hidden_dim 128 --gate_output_init zero --gate_activation tanh --gate_factorization token_only --srp_context_impl stacked --srp_correction_chunk_size 0
gate_factorization	classification	bracs	token_only	Token only	44	0.5	128	public	gate_factorization_bracs_token_only_s44	python -u slide_level_srp/train.py --run_name gate_factorization_bracs_token_only_s44 --dataset bracs --variant srp_patch_signed_gated --in_dim 1536 --num_classes 7 --split_mode global_seed_holdout --global_seed 44 --seed 44 --neighbor_shuffle_seed 44 --out_dir ${GATEDSRP_COMPONENT_OUT:-runs/component_variants} --wandb_mode ${WANDB_MODE:-disabled} --epochs ${EPOCHS_SLIDE:-15} --grad_accum ${GRAD_ACCUM:-16} --feature_root ${BRACS_FEATURE_ROOT:?set BRACS_FEATURE_ROOT} --feature_key ${BRACS_FEATURE_KEY:-features/uni_v2} --delta_scale 0.5 --gate_hidden_dim 128 --gate_output_init zero --gate_activation tanh --gate_factorization token_only --srp_context_impl stacked --srp_correction_chunk_size 0
gate_factorization	classification	bracs	token_only	Token only	45	0.5	128	public	gate_factorization_bracs_token_only_s45	python -u slide_level_srp/train.py --run_name gate_factorization_bracs_token_only_s45 --dataset bracs --variant srp_patch_signed_gated --in_dim 1536 --num_classes 7 --split_mode global_seed_holdout --global_seed 45 --seed 45 --neighbor_shuffle_seed 45 --out_dir ${GATEDSRP_COMPONENT_OUT:-runs/component_variants} --wandb_mode ${WANDB_MODE:-disabled} --epochs ${EPOCHS_SLIDE:-15} --grad_accum ${GRAD_ACCUM:-16} --feature_root ${BRACS_FEATURE_ROOT:?set BRACS_FEATURE_ROOT} --feature_key ${BRACS_FEATURE_KEY:-features/uni_v2} --delta_scale 0.5 --gate_hidden_dim 128 --gate_output_init zero --gate_activation tanh --gate_factorization token_only --srp_context_impl stacked --srp_correction_chunk_size 0
gate_factorization	classification	bracs	token_only	Token only	46	0.5	128	public	gate_factorization_bracs_token_only_s46	python -u slide_level_srp/train.py --run_name gate_factorization_bracs_token_only_s46 --dataset bracs --variant srp_patch_signed_gated --in_dim 1536 --num_classes 7 --split_mode global_seed_holdout --global_seed 46 --seed 46 --neighbor_shuffle_seed 46 --out_dir ${GATEDSRP_COMPONENT_OUT:-runs/component_variants} --wandb_mode ${WANDB_MODE:-disabled} --epochs ${EPOCHS_SLIDE:-15} --grad_accum ${GRAD_ACCUM:-16} --feature_root ${BRACS_FEATURE_ROOT:?set BRACS_FEATURE_ROOT} --feature_key ${BRACS_FEATURE_KEY:-features/uni_v2} --delta_scale 0.5 --gate_hidden_dim 128 --gate_output_init zero --gate_activation tanh --gate_factorization token_only --srp_context_impl stacked --srp_correction_chunk_size 0
gate_factorization	classification	bracs	head_only	Head only	42	0.5	128	public	gate_factorization_bracs_head_only_s42	python -u slide_level_srp/train.py --run_name gate_factorization_bracs_head_only_s42 --dataset bracs --variant srp_patch_signed_gated --in_dim 1536 --num_classes 7 --split_mode global_seed_holdout --global_seed 42 --seed 42 --neighbor_shuffle_seed 42 --out_dir ${GATEDSRP_COMPONENT_OUT:-runs/component_variants} --wandb_mode ${WANDB_MODE:-disabled} --epochs ${EPOCHS_SLIDE:-15} --grad_accum ${GRAD_ACCUM:-16} --feature_root ${BRACS_FEATURE_ROOT:?set BRACS_FEATURE_ROOT} --feature_key ${BRACS_FEATURE_KEY:-features/uni_v2} --delta_scale 0.5 --gate_hidden_dim 128 --gate_output_init zero --gate_activation tanh --gate_factorization head_only --srp_context_impl stacked --srp_correction_chunk_size 0
gate_factorization	classification	bracs	head_only	Head only	43	0.5	128	public	gate_factorization_bracs_head_only_s43	python -u slide_level_srp/train.py --run_name gate_factorization_bracs_head_only_s43 --dataset bracs --variant srp_patch_signed_gated --in_dim 1536 --num_classes 7 --split_mode global_seed_holdout --global_seed 43 --seed 43 --neighbor_shuffle_seed 43 --out_dir ${GATEDSRP_COMPONENT_OUT:-runs/component_variants} --wandb_mode ${WANDB_MODE:-disabled} --epochs ${EPOCHS_SLIDE:-15} --grad_accum ${GRAD_ACCUM:-16} --feature_root ${BRACS_FEATURE_ROOT:?set BRACS_FEATURE_ROOT} --feature_key ${BRACS_FEATURE_KEY:-features/uni_v2} --delta_scale 0.5 --gate_hidden_dim 128 --gate_output_init zero --gate_activation tanh --gate_factorization head_only --srp_context_impl stacked --srp_correction_chunk_size 0
gate_factorization	classification	bracs	head_only	Head only	44	0.5	128	public	gate_factorization_bracs_head_only_s44	python -u slide_level_srp/train.py --run_name gate_factorization_bracs_head_only_s44 --dataset bracs --variant srp_patch_signed_gated --in_dim 1536 --num_classes 7 --split_mode global_seed_holdout --global_seed 44 --seed 44 --neighbor_shuffle_seed 44 --out_dir ${GATEDSRP_COMPONENT_OUT:-runs/component_variants} --wandb_mode ${WANDB_MODE:-disabled} --epochs ${EPOCHS_SLIDE:-15} --grad_accum ${GRAD_ACCUM:-16} --feature_root ${BRACS_FEATURE_ROOT:?set BRACS_FEATURE_ROOT} --feature_key ${BRACS_FEATURE_KEY:-features/uni_v2} --delta_scale 0.5 --gate_hidden_dim 128 --gate_output_init zero --gate_activation tanh --gate_factorization head_only --srp_context_impl stacked --srp_correction_chunk_size 0
gate_factorization	classification	bracs	head_only	Head only	45	0.5	128	public	gate_factorization_bracs_head_only_s45	python -u slide_level_srp/train.py --run_name gate_factorization_bracs_head_only_s45 --dataset bracs --variant srp_patch_signed_gated --in_dim 1536 --num_classes 7 --split_mode global_seed_holdout --global_seed 45 --seed 45 --neighbor_shuffle_seed 45 --out_dir ${GATEDSRP_COMPONENT_OUT:-runs/component_variants} --wandb_mode ${WANDB_MODE:-disabled} --epochs ${EPOCHS_SLIDE:-15} --grad_accum ${GRAD_ACCUM:-16} --feature_root ${BRACS_FEATURE_ROOT:?set BRACS_FEATURE_ROOT} --feature_key ${BRACS_FEATURE_KEY:-features/uni_v2} --delta_scale 0.5 --gate_hidden_dim 128 --gate_output_init zero --gate_activation tanh --gate_factorization head_only --srp_context_impl stacked --srp_correction_chunk_size 0
gate_factorization	classification	bracs	head_only	Head only	46	0.5	128	public	gate_factorization_bracs_head_only_s46	python -u slide_level_srp/train.py --run_name gate_factorization_bracs_head_only_s46 --dataset bracs --variant srp_patch_signed_gated --in_dim 1536 --num_classes 7 --split_mode global_seed_holdout --global_seed 46 --seed 46 --neighbor_shuffle_seed 46 --out_dir ${GATEDSRP_COMPONENT_OUT:-runs/component_variants} --wandb_mode ${WANDB_MODE:-disabled} --epochs ${EPOCHS_SLIDE:-15} --grad_accum ${GRAD_ACCUM:-16} --feature_root ${BRACS_FEATURE_ROOT:?set BRACS_FEATURE_ROOT} --feature_key ${BRACS_FEATURE_KEY:-features/uni_v2} --delta_scale 0.5 --gate_hidden_dim 128 --gate_output_init zero --gate_activation tanh --gate_factorization head_only --srp_context_impl stacked --srp_correction_chunk_size 0
gate_factorization	classification	bracs	no_bias	No bias	42	0.5	128	public	gate_factorization_bracs_no_bias_s42	python -u slide_level_srp/train.py --run_name gate_factorization_bracs_no_bias_s42 --dataset bracs --variant srp_patch_signed_gated --in_dim 1536 --num_classes 7 --split_mode global_seed_holdout --global_seed 42 --seed 42 --neighbor_shuffle_seed 42 --out_dir ${GATEDSRP_COMPONENT_OUT:-runs/component_variants} --wandb_mode ${WANDB_MODE:-disabled} --epochs ${EPOCHS_SLIDE:-15} --grad_accum ${GRAD_ACCUM:-16} --feature_root ${BRACS_FEATURE_ROOT:?set BRACS_FEATURE_ROOT} --feature_key ${BRACS_FEATURE_KEY:-features/uni_v2} --delta_scale 0.5 --gate_hidden_dim 128 --gate_output_init zero --gate_activation tanh --gate_factorization no_bias --srp_context_impl stacked --srp_correction_chunk_size 0
gate_factorization	classification	bracs	no_bias	No bias	43	0.5	128	public	gate_factorization_bracs_no_bias_s43	python -u slide_level_srp/train.py --run_name gate_factorization_bracs_no_bias_s43 --dataset bracs --variant srp_patch_signed_gated --in_dim 1536 --num_classes 7 --split_mode global_seed_holdout --global_seed 43 --seed 43 --neighbor_shuffle_seed 43 --out_dir ${GATEDSRP_COMPONENT_OUT:-runs/component_variants} --wandb_mode ${WANDB_MODE:-disabled} --epochs ${EPOCHS_SLIDE:-15} --grad_accum ${GRAD_ACCUM:-16} --feature_root ${BRACS_FEATURE_ROOT:?set BRACS_FEATURE_ROOT} --feature_key ${BRACS_FEATURE_KEY:-features/uni_v2} --delta_scale 0.5 --gate_hidden_dim 128 --gate_output_init zero --gate_activation tanh --gate_factorization no_bias --srp_context_impl stacked --srp_correction_chunk_size 0
gate_factorization	classification	bracs	no_bias	No bias	44	0.5	128	public	gate_factorization_bracs_no_bias_s44	python -u slide_level_srp/train.py --run_name gate_factorization_bracs_no_bias_s44 --dataset bracs --variant srp_patch_signed_gated --in_dim 1536 --num_classes 7 --split_mode global_seed_holdout --global_seed 44 --seed 44 --neighbor_shuffle_seed 44 --out_dir ${GATEDSRP_COMPONENT_OUT:-runs/component_variants} --wandb_mode ${WANDB_MODE:-disabled} --epochs ${EPOCHS_SLIDE:-15} --grad_accum ${GRAD_ACCUM:-16} --feature_root ${BRACS_FEATURE_ROOT:?set BRACS_FEATURE_ROOT} --feature_key ${BRACS_FEATURE_KEY:-features/uni_v2} --delta_scale 0.5 --gate_hidden_dim 128 --gate_output_init zero --gate_activation tanh --gate_factorization no_bias --srp_context_impl stacked --srp_correction_chunk_size 0
gate_factorization	classification	bracs	no_bias	No bias	45	0.5	128	public	gate_factorization_bracs_no_bias_s45	python -u slide_level_srp/train.py --run_name gate_factorization_bracs_no_bias_s45 --dataset bracs --variant srp_patch_signed_gated --in_dim 1536 --num_classes 7 --split_mode global_seed_holdout --global_seed 45 --seed 45 --neighbor_shuffle_seed 45 --out_dir ${GATEDSRP_COMPONENT_OUT:-runs/component_variants} --wandb_mode ${WANDB_MODE:-disabled} --epochs ${EPOCHS_SLIDE:-15} --grad_accum ${GRAD_ACCUM:-16} --feature_root ${BRACS_FEATURE_ROOT:?set BRACS_FEATURE_ROOT} --feature_key ${BRACS_FEATURE_KEY:-features/uni_v2} --delta_scale 0.5 --gate_hidden_dim 128 --gate_output_init zero --gate_activation tanh --gate_factorization no_bias --srp_context_impl stacked --srp_correction_chunk_size 0
gate_factorization	classification	bracs	no_bias	No bias	46	0.5	128	public	gate_factorization_bracs_no_bias_s46	python -u slide_level_srp/train.py --run_name gate_factorization_bracs_no_bias_s46 --dataset bracs --variant srp_patch_signed_gated --in_dim 1536 --num_classes 7 --split_mode global_seed_holdout --global_seed 46 --seed 46 --neighbor_shuffle_seed 46 --out_dir ${GATEDSRP_COMPONENT_OUT:-runs/component_variants} --wandb_mode ${WANDB_MODE:-disabled} --epochs ${EPOCHS_SLIDE:-15} --grad_accum ${GRAD_ACCUM:-16} --feature_root ${BRACS_FEATURE_ROOT:?set BRACS_FEATURE_ROOT} --feature_key ${BRACS_FEATURE_KEY:-features/uni_v2} --delta_scale 0.5 --gate_hidden_dim 128 --gate_output_init zero --gate_activation tanh --gate_factorization no_bias --srp_context_impl stacked --srp_correction_chunk_size 0
gate_factorization	classification	bracs	full_gate	Full gate	42	0.5	128	public	gate_factorization_bracs_full_gate_s42	python -u slide_level_srp/train.py --run_name gate_factorization_bracs_full_gate_s42 --dataset bracs --variant srp_patch_signed_gated --in_dim 1536 --num_classes 7 --split_mode global_seed_holdout --global_seed 42 --seed 42 --neighbor_shuffle_seed 42 --out_dir ${GATEDSRP_COMPONENT_OUT:-runs/component_variants} --wandb_mode ${WANDB_MODE:-disabled} --epochs ${EPOCHS_SLIDE:-15} --grad_accum ${GRAD_ACCUM:-16} --feature_root ${BRACS_FEATURE_ROOT:?set BRACS_FEATURE_ROOT} --feature_key ${BRACS_FEATURE_KEY:-features/uni_v2} --delta_scale 0.5 --gate_hidden_dim 128 --gate_output_init zero --gate_activation tanh --gate_factorization full --srp_context_impl stacked --srp_correction_chunk_size 0
gate_factorization	classification	bracs	full_gate	Full gate	43	0.5	128	public	gate_factorization_bracs_full_gate_s43	python -u slide_level_srp/train.py --run_name gate_factorization_bracs_full_gate_s43 --dataset bracs --variant srp_patch_signed_gated --in_dim 1536 --num_classes 7 --split_mode global_seed_holdout --global_seed 43 --seed 43 --neighbor_shuffle_seed 43 --out_dir ${GATEDSRP_COMPONENT_OUT:-runs/component_variants} --wandb_mode ${WANDB_MODE:-disabled} --epochs ${EPOCHS_SLIDE:-15} --grad_accum ${GRAD_ACCUM:-16} --feature_root ${BRACS_FEATURE_ROOT:?set BRACS_FEATURE_ROOT} --feature_key ${BRACS_FEATURE_KEY:-features/uni_v2} --delta_scale 0.5 --gate_hidden_dim 128 --gate_output_init zero --gate_activation tanh --gate_factorization full --srp_context_impl stacked --srp_correction_chunk_size 0
gate_factorization	classification	bracs	full_gate	Full gate	44	0.5	128	public	gate_factorization_bracs_full_gate_s44	python -u slide_level_srp/train.py --run_name gate_factorization_bracs_full_gate_s44 --dataset bracs --variant srp_patch_signed_gated --in_dim 1536 --num_classes 7 --split_mode global_seed_holdout --global_seed 44 --seed 44 --neighbor_shuffle_seed 44 --out_dir ${GATEDSRP_COMPONENT_OUT:-runs/component_variants} --wandb_mode ${WANDB_MODE:-disabled} --epochs ${EPOCHS_SLIDE:-15} --grad_accum ${GRAD_ACCUM:-16} --feature_root ${BRACS_FEATURE_ROOT:?set BRACS_FEATURE_ROOT} --feature_key ${BRACS_FEATURE_KEY:-features/uni_v2} --delta_scale 0.5 --gate_hidden_dim 128 --gate_output_init zero --gate_activation tanh --gate_factorization full --srp_context_impl stacked --srp_correction_chunk_size 0
gate_factorization	classification	bracs	full_gate	Full gate	45	0.5	128	public	gate_factorization_bracs_full_gate_s45	python -u slide_level_srp/train.py --run_name gate_factorization_bracs_full_gate_s45 --dataset bracs --variant srp_patch_signed_gated --in_dim 1536 --num_classes 7 --split_mode global_seed_holdout --global_seed 45 --seed 45 --neighbor_shuffle_seed 45 --out_dir ${GATEDSRP_COMPONENT_OUT:-runs/component_variants} --wandb_mode ${WANDB_MODE:-disabled} --epochs ${EPOCHS_SLIDE:-15} --grad_accum ${GRAD_ACCUM:-16} --feature_root ${BRACS_FEATURE_ROOT:?set BRACS_FEATURE_ROOT} --feature_key ${BRACS_FEATURE_KEY:-features/uni_v2} --delta_scale 0.5 --gate_hidden_dim 128 --gate_output_init zero --gate_activation tanh --gate_factorization full --srp_context_impl stacked --srp_correction_chunk_size 0
gate_factorization	classification	bracs	full_gate	Full gate	46	0.5	128	public	gate_factorization_bracs_full_gate_s46	python -u slide_level_srp/train.py --run_name gate_factorization_bracs_full_gate_s46 --dataset bracs --variant srp_patch_signed_gated --in_dim 1536 --num_classes 7 --split_mode global_seed_holdout --global_seed 46 --seed 46 --neighbor_shuffle_seed 46 --out_dir ${GATEDSRP_COMPONENT_OUT:-runs/component_variants} --wandb_mode ${WANDB_MODE:-disabled} --epochs ${EPOCHS_SLIDE:-15} --grad_accum ${GRAD_ACCUM:-16} --feature_root ${BRACS_FEATURE_ROOT:?set BRACS_FEATURE_ROOT} --feature_key ${BRACS_FEATURE_KEY:-features/uni_v2} --delta_scale 0.5 --gate_hidden_dim 128 --gate_output_init zero --gate_activation tanh --gate_factorization full --srp_context_impl stacked --srp_correction_chunk_size 0
gate_initialization	survival	KIRP	xavier	Xavier	42	2	32	public	gate_initialization_kirp_xavier_s42	python -u slide_level_srp/train_survival.py --run_name gate_initialization_kirp_xavier_s42 --cohort KIRP --endpoint OS --split_mode global_seed_holdout --global_seed 42 --seed 42 --neighbor_shuffle_seed 42 --n_folds 5 --variant srp_patch_signed_gated --out_dir ${GATEDSRP_COMPONENT_OUT:-runs/component_variants} --wandb_mode ${WANDB_MODE:-disabled} --epochs ${EPOCHS_TCGA_SURVIVAL:-20} --grad_accum ${GRAD_ACCUM_TCGA_SURVIVAL:-1} --base_lr ${LR_TCGA_SURVIVAL:-1e-4} --weight_decay ${WD_TCGA_SURVIVAL:-1e-5} --feature_root ${TCGA_FEATURE_ROOT:?set TCGA_FEATURE_ROOT} --feature_key ${TCGA_FEATURE_KEY:-features/uni_v2} --in_dim 1536 --delta_scale 2 --gate_hidden_dim 32 --gate_activation tanh --gate_factorization full --gate_output_init xavier_uniform --label_csv ${TCGA_SURVIVAL_LABEL_CSV:?set TCGA_SURVIVAL_LABEL_CSV} --srp_context_impl stacked --srp_correction_chunk_size 0
gate_initialization	survival	KIRP	xavier	Xavier	43	2	32	public	gate_initialization_kirp_xavier_s43	python -u slide_level_srp/train_survival.py --run_name gate_initialization_kirp_xavier_s43 --cohort KIRP --endpoint OS --split_mode global_seed_holdout --global_seed 43 --seed 43 --neighbor_shuffle_seed 43 --n_folds 5 --variant srp_patch_signed_gated --out_dir ${GATEDSRP_COMPONENT_OUT:-runs/component_variants} --wandb_mode ${WANDB_MODE:-disabled} --epochs ${EPOCHS_TCGA_SURVIVAL:-20} --grad_accum ${GRAD_ACCUM_TCGA_SURVIVAL:-1} --base_lr ${LR_TCGA_SURVIVAL:-1e-4} --weight_decay ${WD_TCGA_SURVIVAL:-1e-5} --feature_root ${TCGA_FEATURE_ROOT:?set TCGA_FEATURE_ROOT} --feature_key ${TCGA_FEATURE_KEY:-features/uni_v2} --in_dim 1536 --delta_scale 2 --gate_hidden_dim 32 --gate_activation tanh --gate_factorization full --gate_output_init xavier_uniform --label_csv ${TCGA_SURVIVAL_LABEL_CSV:?set TCGA_SURVIVAL_LABEL_CSV} --srp_context_impl stacked --srp_correction_chunk_size 0
gate_initialization	survival	KIRP	xavier	Xavier	44	2	32	public	gate_initialization_kirp_xavier_s44	python -u slide_level_srp/train_survival.py --run_name gate_initialization_kirp_xavier_s44 --cohort KIRP --endpoint OS --split_mode global_seed_holdout --global_seed 44 --seed 44 --neighbor_shuffle_seed 44 --n_folds 5 --variant srp_patch_signed_gated --out_dir ${GATEDSRP_COMPONENT_OUT:-runs/component_variants} --wandb_mode ${WANDB_MODE:-disabled} --epochs ${EPOCHS_TCGA_SURVIVAL:-20} --grad_accum ${GRAD_ACCUM_TCGA_SURVIVAL:-1} --base_lr ${LR_TCGA_SURVIVAL:-1e-4} --weight_decay ${WD_TCGA_SURVIVAL:-1e-5} --feature_root ${TCGA_FEATURE_ROOT:?set TCGA_FEATURE_ROOT} --feature_key ${TCGA_FEATURE_KEY:-features/uni_v2} --in_dim 1536 --delta_scale 2 --gate_hidden_dim 32 --gate_activation tanh --gate_factorization full --gate_output_init xavier_uniform --label_csv ${TCGA_SURVIVAL_LABEL_CSV:?set TCGA_SURVIVAL_LABEL_CSV} --srp_context_impl stacked --srp_correction_chunk_size 0
gate_initialization	survival	KIRP	xavier	Xavier	45	2	32	public	gate_initialization_kirp_xavier_s45	python -u slide_level_srp/train_survival.py --run_name gate_initialization_kirp_xavier_s45 --cohort KIRP --endpoint OS --split_mode global_seed_holdout --global_seed 45 --seed 45 --neighbor_shuffle_seed 45 --n_folds 5 --variant srp_patch_signed_gated --out_dir ${GATEDSRP_COMPONENT_OUT:-runs/component_variants} --wandb_mode ${WANDB_MODE:-disabled} --epochs ${EPOCHS_TCGA_SURVIVAL:-20} --grad_accum ${GRAD_ACCUM_TCGA_SURVIVAL:-1} --base_lr ${LR_TCGA_SURVIVAL:-1e-4} --weight_decay ${WD_TCGA_SURVIVAL:-1e-5} --feature_root ${TCGA_FEATURE_ROOT:?set TCGA_FEATURE_ROOT} --feature_key ${TCGA_FEATURE_KEY:-features/uni_v2} --in_dim 1536 --delta_scale 2 --gate_hidden_dim 32 --gate_activation tanh --gate_factorization full --gate_output_init xavier_uniform --label_csv ${TCGA_SURVIVAL_LABEL_CSV:?set TCGA_SURVIVAL_LABEL_CSV} --srp_context_impl stacked --srp_correction_chunk_size 0
gate_initialization	survival	KIRP	xavier	Xavier	46	2	32	public	gate_initialization_kirp_xavier_s46	python -u slide_level_srp/train_survival.py --run_name gate_initialization_kirp_xavier_s46 --cohort KIRP --endpoint OS --split_mode global_seed_holdout --global_seed 46 --seed 46 --neighbor_shuffle_seed 46 --n_folds 5 --variant srp_patch_signed_gated --out_dir ${GATEDSRP_COMPONENT_OUT:-runs/component_variants} --wandb_mode ${WANDB_MODE:-disabled} --epochs ${EPOCHS_TCGA_SURVIVAL:-20} --grad_accum ${GRAD_ACCUM_TCGA_SURVIVAL:-1} --base_lr ${LR_TCGA_SURVIVAL:-1e-4} --weight_decay ${WD_TCGA_SURVIVAL:-1e-5} --feature_root ${TCGA_FEATURE_ROOT:?set TCGA_FEATURE_ROOT} --feature_key ${TCGA_FEATURE_KEY:-features/uni_v2} --in_dim 1536 --delta_scale 2 --gate_hidden_dim 32 --gate_activation tanh --gate_factorization full --gate_output_init xavier_uniform --label_csv ${TCGA_SURVIVAL_LABEL_CSV:?set TCGA_SURVIVAL_LABEL_CSV} --srp_context_impl stacked --srp_correction_chunk_size 0
gate_initialization	survival	KIRP	kaiming	Kaiming	42	2	32	public	gate_initialization_kirp_kaiming_s42	python -u slide_level_srp/train_survival.py --run_name gate_initialization_kirp_kaiming_s42 --cohort KIRP --endpoint OS --split_mode global_seed_holdout --global_seed 42 --seed 42 --neighbor_shuffle_seed 42 --n_folds 5 --variant srp_patch_signed_gated --out_dir ${GATEDSRP_COMPONENT_OUT:-runs/component_variants} --wandb_mode ${WANDB_MODE:-disabled} --epochs ${EPOCHS_TCGA_SURVIVAL:-20} --grad_accum ${GRAD_ACCUM_TCGA_SURVIVAL:-1} --base_lr ${LR_TCGA_SURVIVAL:-1e-4} --weight_decay ${WD_TCGA_SURVIVAL:-1e-5} --feature_root ${TCGA_FEATURE_ROOT:?set TCGA_FEATURE_ROOT} --feature_key ${TCGA_FEATURE_KEY:-features/uni_v2} --in_dim 1536 --delta_scale 2 --gate_hidden_dim 32 --gate_activation tanh --gate_factorization full --gate_output_init kaiming_uniform --label_csv ${TCGA_SURVIVAL_LABEL_CSV:?set TCGA_SURVIVAL_LABEL_CSV} --srp_context_impl stacked --srp_correction_chunk_size 0
gate_initialization	survival	KIRP	kaiming	Kaiming	43	2	32	public	gate_initialization_kirp_kaiming_s43	python -u slide_level_srp/train_survival.py --run_name gate_initialization_kirp_kaiming_s43 --cohort KIRP --endpoint OS --split_mode global_seed_holdout --global_seed 43 --seed 43 --neighbor_shuffle_seed 43 --n_folds 5 --variant srp_patch_signed_gated --out_dir ${GATEDSRP_COMPONENT_OUT:-runs/component_variants} --wandb_mode ${WANDB_MODE:-disabled} --epochs ${EPOCHS_TCGA_SURVIVAL:-20} --grad_accum ${GRAD_ACCUM_TCGA_SURVIVAL:-1} --base_lr ${LR_TCGA_SURVIVAL:-1e-4} --weight_decay ${WD_TCGA_SURVIVAL:-1e-5} --feature_root ${TCGA_FEATURE_ROOT:?set TCGA_FEATURE_ROOT} --feature_key ${TCGA_FEATURE_KEY:-features/uni_v2} --in_dim 1536 --delta_scale 2 --gate_hidden_dim 32 --gate_activation tanh --gate_factorization full --gate_output_init kaiming_uniform --label_csv ${TCGA_SURVIVAL_LABEL_CSV:?set TCGA_SURVIVAL_LABEL_CSV} --srp_context_impl stacked --srp_correction_chunk_size 0
gate_initialization	survival	KIRP	kaiming	Kaiming	44	2	32	public	gate_initialization_kirp_kaiming_s44	python -u slide_level_srp/train_survival.py --run_name gate_initialization_kirp_kaiming_s44 --cohort KIRP --endpoint OS --split_mode global_seed_holdout --global_seed 44 --seed 44 --neighbor_shuffle_seed 44 --n_folds 5 --variant srp_patch_signed_gated --out_dir ${GATEDSRP_COMPONENT_OUT:-runs/component_variants} --wandb_mode ${WANDB_MODE:-disabled} --epochs ${EPOCHS_TCGA_SURVIVAL:-20} --grad_accum ${GRAD_ACCUM_TCGA_SURVIVAL:-1} --base_lr ${LR_TCGA_SURVIVAL:-1e-4} --weight_decay ${WD_TCGA_SURVIVAL:-1e-5} --feature_root ${TCGA_FEATURE_ROOT:?set TCGA_FEATURE_ROOT} --feature_key ${TCGA_FEATURE_KEY:-features/uni_v2} --in_dim 1536 --delta_scale 2 --gate_hidden_dim 32 --gate_activation tanh --gate_factorization full --gate_output_init kaiming_uniform --label_csv ${TCGA_SURVIVAL_LABEL_CSV:?set TCGA_SURVIVAL_LABEL_CSV} --srp_context_impl stacked --srp_correction_chunk_size 0
gate_initialization	survival	KIRP	kaiming	Kaiming	45	2	32	public	gate_initialization_kirp_kaiming_s45	python -u slide_level_srp/train_survival.py --run_name gate_initialization_kirp_kaiming_s45 --cohort KIRP --endpoint OS --split_mode global_seed_holdout --global_seed 45 --seed 45 --neighbor_shuffle_seed 45 --n_folds 5 --variant srp_patch_signed_gated --out_dir ${GATEDSRP_COMPONENT_OUT:-runs/component_variants} --wandb_mode ${WANDB_MODE:-disabled} --epochs ${EPOCHS_TCGA_SURVIVAL:-20} --grad_accum ${GRAD_ACCUM_TCGA_SURVIVAL:-1} --base_lr ${LR_TCGA_SURVIVAL:-1e-4} --weight_decay ${WD_TCGA_SURVIVAL:-1e-5} --feature_root ${TCGA_FEATURE_ROOT:?set TCGA_FEATURE_ROOT} --feature_key ${TCGA_FEATURE_KEY:-features/uni_v2} --in_dim 1536 --delta_scale 2 --gate_hidden_dim 32 --gate_activation tanh --gate_factorization full --gate_output_init kaiming_uniform --label_csv ${TCGA_SURVIVAL_LABEL_CSV:?set TCGA_SURVIVAL_LABEL_CSV} --srp_context_impl stacked --srp_correction_chunk_size 0
gate_initialization	survival	KIRP	kaiming	Kaiming	46	2	32	public	gate_initialization_kirp_kaiming_s46	python -u slide_level_srp/train_survival.py --run_name gate_initialization_kirp_kaiming_s46 --cohort KIRP --endpoint OS --split_mode global_seed_holdout --global_seed 46 --seed 46 --neighbor_shuffle_seed 46 --n_folds 5 --variant srp_patch_signed_gated --out_dir ${GATEDSRP_COMPONENT_OUT:-runs/component_variants} --wandb_mode ${WANDB_MODE:-disabled} --epochs ${EPOCHS_TCGA_SURVIVAL:-20} --grad_accum ${GRAD_ACCUM_TCGA_SURVIVAL:-1} --base_lr ${LR_TCGA_SURVIVAL:-1e-4} --weight_decay ${WD_TCGA_SURVIVAL:-1e-5} --feature_root ${TCGA_FEATURE_ROOT:?set TCGA_FEATURE_ROOT} --feature_key ${TCGA_FEATURE_KEY:-features/uni_v2} --in_dim 1536 --delta_scale 2 --gate_hidden_dim 32 --gate_activation tanh --gate_factorization full --gate_output_init kaiming_uniform --label_csv ${TCGA_SURVIVAL_LABEL_CSV:?set TCGA_SURVIVAL_LABEL_CSV} --srp_context_impl stacked --srp_correction_chunk_size 0
gate_initialization	survival	KIRP	zero	Zero	42	2	32	public	gate_initialization_kirp_zero_s42	python -u slide_level_srp/train_survival.py --run_name gate_initialization_kirp_zero_s42 --cohort KIRP --endpoint OS --split_mode global_seed_holdout --global_seed 42 --seed 42 --neighbor_shuffle_seed 42 --n_folds 5 --variant srp_patch_signed_gated --out_dir ${GATEDSRP_COMPONENT_OUT:-runs/component_variants} --wandb_mode ${WANDB_MODE:-disabled} --epochs ${EPOCHS_TCGA_SURVIVAL:-20} --grad_accum ${GRAD_ACCUM_TCGA_SURVIVAL:-1} --base_lr ${LR_TCGA_SURVIVAL:-1e-4} --weight_decay ${WD_TCGA_SURVIVAL:-1e-5} --feature_root ${TCGA_FEATURE_ROOT:?set TCGA_FEATURE_ROOT} --feature_key ${TCGA_FEATURE_KEY:-features/uni_v2} --in_dim 1536 --delta_scale 2 --gate_hidden_dim 32 --gate_activation tanh --gate_factorization full --gate_output_init zero --label_csv ${TCGA_SURVIVAL_LABEL_CSV:?set TCGA_SURVIVAL_LABEL_CSV} --srp_context_impl stacked --srp_correction_chunk_size 0
gate_initialization	survival	KIRP	zero	Zero	43	2	32	public	gate_initialization_kirp_zero_s43	python -u slide_level_srp/train_survival.py --run_name gate_initialization_kirp_zero_s43 --cohort KIRP --endpoint OS --split_mode global_seed_holdout --global_seed 43 --seed 43 --neighbor_shuffle_seed 43 --n_folds 5 --variant srp_patch_signed_gated --out_dir ${GATEDSRP_COMPONENT_OUT:-runs/component_variants} --wandb_mode ${WANDB_MODE:-disabled} --epochs ${EPOCHS_TCGA_SURVIVAL:-20} --grad_accum ${GRAD_ACCUM_TCGA_SURVIVAL:-1} --base_lr ${LR_TCGA_SURVIVAL:-1e-4} --weight_decay ${WD_TCGA_SURVIVAL:-1e-5} --feature_root ${TCGA_FEATURE_ROOT:?set TCGA_FEATURE_ROOT} --feature_key ${TCGA_FEATURE_KEY:-features/uni_v2} --in_dim 1536 --delta_scale 2 --gate_hidden_dim 32 --gate_activation tanh --gate_factorization full --gate_output_init zero --label_csv ${TCGA_SURVIVAL_LABEL_CSV:?set TCGA_SURVIVAL_LABEL_CSV} --srp_context_impl stacked --srp_correction_chunk_size 0
gate_initialization	survival	KIRP	zero	Zero	44	2	32	public	gate_initialization_kirp_zero_s44	python -u slide_level_srp/train_survival.py --run_name gate_initialization_kirp_zero_s44 --cohort KIRP --endpoint OS --split_mode global_seed_holdout --global_seed 44 --seed 44 --neighbor_shuffle_seed 44 --n_folds 5 --variant srp_patch_signed_gated --out_dir ${GATEDSRP_COMPONENT_OUT:-runs/component_variants} --wandb_mode ${WANDB_MODE:-disabled} --epochs ${EPOCHS_TCGA_SURVIVAL:-20} --grad_accum ${GRAD_ACCUM_TCGA_SURVIVAL:-1} --base_lr ${LR_TCGA_SURVIVAL:-1e-4} --weight_decay ${WD_TCGA_SURVIVAL:-1e-5} --feature_root ${TCGA_FEATURE_ROOT:?set TCGA_FEATURE_ROOT} --feature_key ${TCGA_FEATURE_KEY:-features/uni_v2} --in_dim 1536 --delta_scale 2 --gate_hidden_dim 32 --gate_activation tanh --gate_factorization full --gate_output_init zero --label_csv ${TCGA_SURVIVAL_LABEL_CSV:?set TCGA_SURVIVAL_LABEL_CSV} --srp_context_impl stacked --srp_correction_chunk_size 0
gate_initialization	survival	KIRP	zero	Zero	45	2	32	public	gate_initialization_kirp_zero_s45	python -u slide_level_srp/train_survival.py --run_name gate_initialization_kirp_zero_s45 --cohort KIRP --endpoint OS --split_mode global_seed_holdout --global_seed 45 --seed 45 --neighbor_shuffle_seed 45 --n_folds 5 --variant srp_patch_signed_gated --out_dir ${GATEDSRP_COMPONENT_OUT:-runs/component_variants} --wandb_mode ${WANDB_MODE:-disabled} --epochs ${EPOCHS_TCGA_SURVIVAL:-20} --grad_accum ${GRAD_ACCUM_TCGA_SURVIVAL:-1} --base_lr ${LR_TCGA_SURVIVAL:-1e-4} --weight_decay ${WD_TCGA_SURVIVAL:-1e-5} --feature_root ${TCGA_FEATURE_ROOT:?set TCGA_FEATURE_ROOT} --feature_key ${TCGA_FEATURE_KEY:-features/uni_v2} --in_dim 1536 --delta_scale 2 --gate_hidden_dim 32 --gate_activation tanh --gate_factorization full --gate_output_init zero --label_csv ${TCGA_SURVIVAL_LABEL_CSV:?set TCGA_SURVIVAL_LABEL_CSV} --srp_context_impl stacked --srp_correction_chunk_size 0
gate_initialization	survival	KIRP	zero	Zero	46	2	32	public	gate_initialization_kirp_zero_s46	python -u slide_level_srp/train_survival.py --run_name gate_initialization_kirp_zero_s46 --cohort KIRP --endpoint OS --split_mode global_seed_holdout --global_seed 46 --seed 46 --neighbor_shuffle_seed 46 --n_folds 5 --variant srp_patch_signed_gated --out_dir ${GATEDSRP_COMPONENT_OUT:-runs/component_variants} --wandb_mode ${WANDB_MODE:-disabled} --epochs ${EPOCHS_TCGA_SURVIVAL:-20} --grad_accum ${GRAD_ACCUM_TCGA_SURVIVAL:-1} --base_lr ${LR_TCGA_SURVIVAL:-1e-4} --weight_decay ${WD_TCGA_SURVIVAL:-1e-5} --feature_root ${TCGA_FEATURE_ROOT:?set TCGA_FEATURE_ROOT} --feature_key ${TCGA_FEATURE_KEY:-features/uni_v2} --in_dim 1536 --delta_scale 2 --gate_hidden_dim 32 --gate_activation tanh --gate_factorization full --gate_output_init zero --label_csv ${TCGA_SURVIVAL_LABEL_CSV:?set TCGA_SURVIVAL_LABEL_CSV} --srp_context_impl stacked --srp_correction_chunk_size 0
gate_initialization	survival	LUAD	xavier	Xavier	42	1	128	public	gate_initialization_luad_xavier_s42	python -u slide_level_srp/train_survival.py --run_name gate_initialization_luad_xavier_s42 --cohort LUAD --endpoint OS --split_mode global_seed_holdout --global_seed 42 --seed 42 --neighbor_shuffle_seed 42 --n_folds 5 --variant srp_patch_signed_gated --out_dir ${GATEDSRP_COMPONENT_OUT:-runs/component_variants} --wandb_mode ${WANDB_MODE:-disabled} --epochs ${EPOCHS_TCGA_SURVIVAL:-20} --grad_accum ${GRAD_ACCUM_TCGA_SURVIVAL:-1} --base_lr ${LR_TCGA_SURVIVAL:-1e-4} --weight_decay ${WD_TCGA_SURVIVAL:-1e-5} --feature_root ${TCGA_FEATURE_ROOT:?set TCGA_FEATURE_ROOT} --feature_key ${TCGA_FEATURE_KEY:-features/uni_v2} --in_dim 1536 --delta_scale 1 --gate_hidden_dim 128 --gate_activation tanh --gate_factorization full --gate_output_init xavier_uniform --label_csv ${TCGA_SURVIVAL_LABEL_CSV:?set TCGA_SURVIVAL_LABEL_CSV} --srp_context_impl stacked --srp_correction_chunk_size 0
gate_initialization	survival	LUAD	xavier	Xavier	43	1	128	public	gate_initialization_luad_xavier_s43	python -u slide_level_srp/train_survival.py --run_name gate_initialization_luad_xavier_s43 --cohort LUAD --endpoint OS --split_mode global_seed_holdout --global_seed 43 --seed 43 --neighbor_shuffle_seed 43 --n_folds 5 --variant srp_patch_signed_gated --out_dir ${GATEDSRP_COMPONENT_OUT:-runs/component_variants} --wandb_mode ${WANDB_MODE:-disabled} --epochs ${EPOCHS_TCGA_SURVIVAL:-20} --grad_accum ${GRAD_ACCUM_TCGA_SURVIVAL:-1} --base_lr ${LR_TCGA_SURVIVAL:-1e-4} --weight_decay ${WD_TCGA_SURVIVAL:-1e-5} --feature_root ${TCGA_FEATURE_ROOT:?set TCGA_FEATURE_ROOT} --feature_key ${TCGA_FEATURE_KEY:-features/uni_v2} --in_dim 1536 --delta_scale 1 --gate_hidden_dim 128 --gate_activation tanh --gate_factorization full --gate_output_init xavier_uniform --label_csv ${TCGA_SURVIVAL_LABEL_CSV:?set TCGA_SURVIVAL_LABEL_CSV} --srp_context_impl stacked --srp_correction_chunk_size 0
gate_initialization	survival	LUAD	xavier	Xavier	44	1	128	public	gate_initialization_luad_xavier_s44	python -u slide_level_srp/train_survival.py --run_name gate_initialization_luad_xavier_s44 --cohort LUAD --endpoint OS --split_mode global_seed_holdout --global_seed 44 --seed 44 --neighbor_shuffle_seed 44 --n_folds 5 --variant srp_patch_signed_gated --out_dir ${GATEDSRP_COMPONENT_OUT:-runs/component_variants} --wandb_mode ${WANDB_MODE:-disabled} --epochs ${EPOCHS_TCGA_SURVIVAL:-20} --grad_accum ${GRAD_ACCUM_TCGA_SURVIVAL:-1} --base_lr ${LR_TCGA_SURVIVAL:-1e-4} --weight_decay ${WD_TCGA_SURVIVAL:-1e-5} --feature_root ${TCGA_FEATURE_ROOT:?set TCGA_FEATURE_ROOT} --feature_key ${TCGA_FEATURE_KEY:-features/uni_v2} --in_dim 1536 --delta_scale 1 --gate_hidden_dim 128 --gate_activation tanh --gate_factorization full --gate_output_init xavier_uniform --label_csv ${TCGA_SURVIVAL_LABEL_CSV:?set TCGA_SURVIVAL_LABEL_CSV} --srp_context_impl stacked --srp_correction_chunk_size 0
gate_initialization	survival	LUAD	xavier	Xavier	45	1	128	public	gate_initialization_luad_xavier_s45	python -u slide_level_srp/train_survival.py --run_name gate_initialization_luad_xavier_s45 --cohort LUAD --endpoint OS --split_mode global_seed_holdout --global_seed 45 --seed 45 --neighbor_shuffle_seed 45 --n_folds 5 --variant srp_patch_signed_gated --out_dir ${GATEDSRP_COMPONENT_OUT:-runs/component_variants} --wandb_mode ${WANDB_MODE:-disabled} --epochs ${EPOCHS_TCGA_SURVIVAL:-20} --grad_accum ${GRAD_ACCUM_TCGA_SURVIVAL:-1} --base_lr ${LR_TCGA_SURVIVAL:-1e-4} --weight_decay ${WD_TCGA_SURVIVAL:-1e-5} --feature_root ${TCGA_FEATURE_ROOT:?set TCGA_FEATURE_ROOT} --feature_key ${TCGA_FEATURE_KEY:-features/uni_v2} --in_dim 1536 --delta_scale 1 --gate_hidden_dim 128 --gate_activation tanh --gate_factorization full --gate_output_init xavier_uniform --label_csv ${TCGA_SURVIVAL_LABEL_CSV:?set TCGA_SURVIVAL_LABEL_CSV} --srp_context_impl stacked --srp_correction_chunk_size 0
gate_initialization	survival	LUAD	xavier	Xavier	46	1	128	public	gate_initialization_luad_xavier_s46	python -u slide_level_srp/train_survival.py --run_name gate_initialization_luad_xavier_s46 --cohort LUAD --endpoint OS --split_mode global_seed_holdout --global_seed 46 --seed 46 --neighbor_shuffle_seed 46 --n_folds 5 --variant srp_patch_signed_gated --out_dir ${GATEDSRP_COMPONENT_OUT:-runs/component_variants} --wandb_mode ${WANDB_MODE:-disabled} --epochs ${EPOCHS_TCGA_SURVIVAL:-20} --grad_accum ${GRAD_ACCUM_TCGA_SURVIVAL:-1} --base_lr ${LR_TCGA_SURVIVAL:-1e-4} --weight_decay ${WD_TCGA_SURVIVAL:-1e-5} --feature_root ${TCGA_FEATURE_ROOT:?set TCGA_FEATURE_ROOT} --feature_key ${TCGA_FEATURE_KEY:-features/uni_v2} --in_dim 1536 --delta_scale 1 --gate_hidden_dim 128 --gate_activation tanh --gate_factorization full --gate_output_init xavier_uniform --label_csv ${TCGA_SURVIVAL_LABEL_CSV:?set TCGA_SURVIVAL_LABEL_CSV} --srp_context_impl stacked --srp_correction_chunk_size 0
gate_initialization	survival	LUAD	kaiming	Kaiming	42	1	128	public	gate_initialization_luad_kaiming_s42	python -u slide_level_srp/train_survival.py --run_name gate_initialization_luad_kaiming_s42 --cohort LUAD --endpoint OS --split_mode global_seed_holdout --global_seed 42 --seed 42 --neighbor_shuffle_seed 42 --n_folds 5 --variant srp_patch_signed_gated --out_dir ${GATEDSRP_COMPONENT_OUT:-runs/component_variants} --wandb_mode ${WANDB_MODE:-disabled} --epochs ${EPOCHS_TCGA_SURVIVAL:-20} --grad_accum ${GRAD_ACCUM_TCGA_SURVIVAL:-1} --base_lr ${LR_TCGA_SURVIVAL:-1e-4} --weight_decay ${WD_TCGA_SURVIVAL:-1e-5} --feature_root ${TCGA_FEATURE_ROOT:?set TCGA_FEATURE_ROOT} --feature_key ${TCGA_FEATURE_KEY:-features/uni_v2} --in_dim 1536 --delta_scale 1 --gate_hidden_dim 128 --gate_activation tanh --gate_factorization full --gate_output_init kaiming_uniform --label_csv ${TCGA_SURVIVAL_LABEL_CSV:?set TCGA_SURVIVAL_LABEL_CSV} --srp_context_impl stacked --srp_correction_chunk_size 0
gate_initialization	survival	LUAD	kaiming	Kaiming	43	1	128	public	gate_initialization_luad_kaiming_s43	python -u slide_level_srp/train_survival.py --run_name gate_initialization_luad_kaiming_s43 --cohort LUAD --endpoint OS --split_mode global_seed_holdout --global_seed 43 --seed 43 --neighbor_shuffle_seed 43 --n_folds 5 --variant srp_patch_signed_gated --out_dir ${GATEDSRP_COMPONENT_OUT:-runs/component_variants} --wandb_mode ${WANDB_MODE:-disabled} --epochs ${EPOCHS_TCGA_SURVIVAL:-20} --grad_accum ${GRAD_ACCUM_TCGA_SURVIVAL:-1} --base_lr ${LR_TCGA_SURVIVAL:-1e-4} --weight_decay ${WD_TCGA_SURVIVAL:-1e-5} --feature_root ${TCGA_FEATURE_ROOT:?set TCGA_FEATURE_ROOT} --feature_key ${TCGA_FEATURE_KEY:-features/uni_v2} --in_dim 1536 --delta_scale 1 --gate_hidden_dim 128 --gate_activation tanh --gate_factorization full --gate_output_init kaiming_uniform --label_csv ${TCGA_SURVIVAL_LABEL_CSV:?set TCGA_SURVIVAL_LABEL_CSV} --srp_context_impl stacked --srp_correction_chunk_size 0
gate_initialization	survival	LUAD	kaiming	Kaiming	44	1	128	public	gate_initialization_luad_kaiming_s44	python -u slide_level_srp/train_survival.py --run_name gate_initialization_luad_kaiming_s44 --cohort LUAD --endpoint OS --split_mode global_seed_holdout --global_seed 44 --seed 44 --neighbor_shuffle_seed 44 --n_folds 5 --variant srp_patch_signed_gated --out_dir ${GATEDSRP_COMPONENT_OUT:-runs/component_variants} --wandb_mode ${WANDB_MODE:-disabled} --epochs ${EPOCHS_TCGA_SURVIVAL:-20} --grad_accum ${GRAD_ACCUM_TCGA_SURVIVAL:-1} --base_lr ${LR_TCGA_SURVIVAL:-1e-4} --weight_decay ${WD_TCGA_SURVIVAL:-1e-5} --feature_root ${TCGA_FEATURE_ROOT:?set TCGA_FEATURE_ROOT} --feature_key ${TCGA_FEATURE_KEY:-features/uni_v2} --in_dim 1536 --delta_scale 1 --gate_hidden_dim 128 --gate_activation tanh --gate_factorization full --gate_output_init kaiming_uniform --label_csv ${TCGA_SURVIVAL_LABEL_CSV:?set TCGA_SURVIVAL_LABEL_CSV} --srp_context_impl stacked --srp_correction_chunk_size 0
gate_initialization	survival	LUAD	kaiming	Kaiming	45	1	128	public	gate_initialization_luad_kaiming_s45	python -u slide_level_srp/train_survival.py --run_name gate_initialization_luad_kaiming_s45 --cohort LUAD --endpoint OS --split_mode global_seed_holdout --global_seed 45 --seed 45 --neighbor_shuffle_seed 45 --n_folds 5 --variant srp_patch_signed_gated --out_dir ${GATEDSRP_COMPONENT_OUT:-runs/component_variants} --wandb_mode ${WANDB_MODE:-disabled} --epochs ${EPOCHS_TCGA_SURVIVAL:-20} --grad_accum ${GRAD_ACCUM_TCGA_SURVIVAL:-1} --base_lr ${LR_TCGA_SURVIVAL:-1e-4} --weight_decay ${WD_TCGA_SURVIVAL:-1e-5} --feature_root ${TCGA_FEATURE_ROOT:?set TCGA_FEATURE_ROOT} --feature_key ${TCGA_FEATURE_KEY:-features/uni_v2} --in_dim 1536 --delta_scale 1 --gate_hidden_dim 128 --gate_activation tanh --gate_factorization full --gate_output_init kaiming_uniform --label_csv ${TCGA_SURVIVAL_LABEL_CSV:?set TCGA_SURVIVAL_LABEL_CSV} --srp_context_impl stacked --srp_correction_chunk_size 0
gate_initialization	survival	LUAD	kaiming	Kaiming	46	1	128	public	gate_initialization_luad_kaiming_s46	python -u slide_level_srp/train_survival.py --run_name gate_initialization_luad_kaiming_s46 --cohort LUAD --endpoint OS --split_mode global_seed_holdout --global_seed 46 --seed 46 --neighbor_shuffle_seed 46 --n_folds 5 --variant srp_patch_signed_gated --out_dir ${GATEDSRP_COMPONENT_OUT:-runs/component_variants} --wandb_mode ${WANDB_MODE:-disabled} --epochs ${EPOCHS_TCGA_SURVIVAL:-20} --grad_accum ${GRAD_ACCUM_TCGA_SURVIVAL:-1} --base_lr ${LR_TCGA_SURVIVAL:-1e-4} --weight_decay ${WD_TCGA_SURVIVAL:-1e-5} --feature_root ${TCGA_FEATURE_ROOT:?set TCGA_FEATURE_ROOT} --feature_key ${TCGA_FEATURE_KEY:-features/uni_v2} --in_dim 1536 --delta_scale 1 --gate_hidden_dim 128 --gate_activation tanh --gate_factorization full --gate_output_init kaiming_uniform --label_csv ${TCGA_SURVIVAL_LABEL_CSV:?set TCGA_SURVIVAL_LABEL_CSV} --srp_context_impl stacked --srp_correction_chunk_size 0
gate_initialization	survival	LUAD	zero	Zero	42	1	128	public	gate_initialization_luad_zero_s42	python -u slide_level_srp/train_survival.py --run_name gate_initialization_luad_zero_s42 --cohort LUAD --endpoint OS --split_mode global_seed_holdout --global_seed 42 --seed 42 --neighbor_shuffle_seed 42 --n_folds 5 --variant srp_patch_signed_gated --out_dir ${GATEDSRP_COMPONENT_OUT:-runs/component_variants} --wandb_mode ${WANDB_MODE:-disabled} --epochs ${EPOCHS_TCGA_SURVIVAL:-20} --grad_accum ${GRAD_ACCUM_TCGA_SURVIVAL:-1} --base_lr ${LR_TCGA_SURVIVAL:-1e-4} --weight_decay ${WD_TCGA_SURVIVAL:-1e-5} --feature_root ${TCGA_FEATURE_ROOT:?set TCGA_FEATURE_ROOT} --feature_key ${TCGA_FEATURE_KEY:-features/uni_v2} --in_dim 1536 --delta_scale 1 --gate_hidden_dim 128 --gate_activation tanh --gate_factorization full --gate_output_init zero --label_csv ${TCGA_SURVIVAL_LABEL_CSV:?set TCGA_SURVIVAL_LABEL_CSV} --srp_context_impl stacked --srp_correction_chunk_size 0
gate_initialization	survival	LUAD	zero	Zero	43	1	128	public	gate_initialization_luad_zero_s43	python -u slide_level_srp/train_survival.py --run_name gate_initialization_luad_zero_s43 --cohort LUAD --endpoint OS --split_mode global_seed_holdout --global_seed 43 --seed 43 --neighbor_shuffle_seed 43 --n_folds 5 --variant srp_patch_signed_gated --out_dir ${GATEDSRP_COMPONENT_OUT:-runs/component_variants} --wandb_mode ${WANDB_MODE:-disabled} --epochs ${EPOCHS_TCGA_SURVIVAL:-20} --grad_accum ${GRAD_ACCUM_TCGA_SURVIVAL:-1} --base_lr ${LR_TCGA_SURVIVAL:-1e-4} --weight_decay ${WD_TCGA_SURVIVAL:-1e-5} --feature_root ${TCGA_FEATURE_ROOT:?set TCGA_FEATURE_ROOT} --feature_key ${TCGA_FEATURE_KEY:-features/uni_v2} --in_dim 1536 --delta_scale 1 --gate_hidden_dim 128 --gate_activation tanh --gate_factorization full --gate_output_init zero --label_csv ${TCGA_SURVIVAL_LABEL_CSV:?set TCGA_SURVIVAL_LABEL_CSV} --srp_context_impl stacked --srp_correction_chunk_size 0
gate_initialization	survival	LUAD	zero	Zero	44	1	128	public	gate_initialization_luad_zero_s44	python -u slide_level_srp/train_survival.py --run_name gate_initialization_luad_zero_s44 --cohort LUAD --endpoint OS --split_mode global_seed_holdout --global_seed 44 --seed 44 --neighbor_shuffle_seed 44 --n_folds 5 --variant srp_patch_signed_gated --out_dir ${GATEDSRP_COMPONENT_OUT:-runs/component_variants} --wandb_mode ${WANDB_MODE:-disabled} --epochs ${EPOCHS_TCGA_SURVIVAL:-20} --grad_accum ${GRAD_ACCUM_TCGA_SURVIVAL:-1} --base_lr ${LR_TCGA_SURVIVAL:-1e-4} --weight_decay ${WD_TCGA_SURVIVAL:-1e-5} --feature_root ${TCGA_FEATURE_ROOT:?set TCGA_FEATURE_ROOT} --feature_key ${TCGA_FEATURE_KEY:-features/uni_v2} --in_dim 1536 --delta_scale 1 --gate_hidden_dim 128 --gate_activation tanh --gate_factorization full --gate_output_init zero --label_csv ${TCGA_SURVIVAL_LABEL_CSV:?set TCGA_SURVIVAL_LABEL_CSV} --srp_context_impl stacked --srp_correction_chunk_size 0
gate_initialization	survival	LUAD	zero	Zero	45	1	128	public	gate_initialization_luad_zero_s45	python -u slide_level_srp/train_survival.py --run_name gate_initialization_luad_zero_s45 --cohort LUAD --endpoint OS --split_mode global_seed_holdout --global_seed 45 --seed 45 --neighbor_shuffle_seed 45 --n_folds 5 --variant srp_patch_signed_gated --out_dir ${GATEDSRP_COMPONENT_OUT:-runs/component_variants} --wandb_mode ${WANDB_MODE:-disabled} --epochs ${EPOCHS_TCGA_SURVIVAL:-20} --grad_accum ${GRAD_ACCUM_TCGA_SURVIVAL:-1} --base_lr ${LR_TCGA_SURVIVAL:-1e-4} --weight_decay ${WD_TCGA_SURVIVAL:-1e-5} --feature_root ${TCGA_FEATURE_ROOT:?set TCGA_FEATURE_ROOT} --feature_key ${TCGA_FEATURE_KEY:-features/uni_v2} --in_dim 1536 --delta_scale 1 --gate_hidden_dim 128 --gate_activation tanh --gate_factorization full --gate_output_init zero --label_csv ${TCGA_SURVIVAL_LABEL_CSV:?set TCGA_SURVIVAL_LABEL_CSV} --srp_context_impl stacked --srp_correction_chunk_size 0
gate_initialization	survival	LUAD	zero	Zero	46	1	128	public	gate_initialization_luad_zero_s46	python -u slide_level_srp/train_survival.py --run_name gate_initialization_luad_zero_s46 --cohort LUAD --endpoint OS --split_mode global_seed_holdout --global_seed 46 --seed 46 --neighbor_shuffle_seed 46 --n_folds 5 --variant srp_patch_signed_gated --out_dir ${GATEDSRP_COMPONENT_OUT:-runs/component_variants} --wandb_mode ${WANDB_MODE:-disabled} --epochs ${EPOCHS_TCGA_SURVIVAL:-20} --grad_accum ${GRAD_ACCUM_TCGA_SURVIVAL:-1} --base_lr ${LR_TCGA_SURVIVAL:-1e-4} --weight_decay ${WD_TCGA_SURVIVAL:-1e-5} --feature_root ${TCGA_FEATURE_ROOT:?set TCGA_FEATURE_ROOT} --feature_key ${TCGA_FEATURE_KEY:-features/uni_v2} --in_dim 1536 --delta_scale 1 --gate_hidden_dim 128 --gate_activation tanh --gate_factorization full --gate_output_init zero --label_csv ${TCGA_SURVIVAL_LABEL_CSV:?set TCGA_SURVIVAL_LABEL_CSV} --srp_context_impl stacked --srp_correction_chunk_size 0
gate_initialization	survival	STAD	xavier	Xavier	42	0.5	128	public	gate_initialization_stad_xavier_s42	python -u slide_level_srp/train_survival.py --run_name gate_initialization_stad_xavier_s42 --cohort STAD --endpoint OS --split_mode global_seed_holdout --global_seed 42 --seed 42 --neighbor_shuffle_seed 42 --n_folds 5 --variant srp_patch_signed_gated --out_dir ${GATEDSRP_COMPONENT_OUT:-runs/component_variants} --wandb_mode ${WANDB_MODE:-disabled} --epochs ${EPOCHS_TCGA_SURVIVAL:-20} --grad_accum ${GRAD_ACCUM_TCGA_SURVIVAL:-1} --base_lr ${LR_TCGA_SURVIVAL:-1e-4} --weight_decay ${WD_TCGA_SURVIVAL:-1e-5} --feature_root ${TCGA_FEATURE_ROOT:?set TCGA_FEATURE_ROOT} --feature_key ${TCGA_FEATURE_KEY:-features/uni_v2} --in_dim 1536 --delta_scale 0.5 --gate_hidden_dim 128 --gate_activation tanh --gate_factorization full --gate_output_init xavier_uniform --label_csv ${TCGA_SURVIVAL_LABEL_CSV:?set TCGA_SURVIVAL_LABEL_CSV} --srp_context_impl stacked --srp_correction_chunk_size 0
gate_initialization	survival	STAD	xavier	Xavier	43	0.5	128	public	gate_initialization_stad_xavier_s43	python -u slide_level_srp/train_survival.py --run_name gate_initialization_stad_xavier_s43 --cohort STAD --endpoint OS --split_mode global_seed_holdout --global_seed 43 --seed 43 --neighbor_shuffle_seed 43 --n_folds 5 --variant srp_patch_signed_gated --out_dir ${GATEDSRP_COMPONENT_OUT:-runs/component_variants} --wandb_mode ${WANDB_MODE:-disabled} --epochs ${EPOCHS_TCGA_SURVIVAL:-20} --grad_accum ${GRAD_ACCUM_TCGA_SURVIVAL:-1} --base_lr ${LR_TCGA_SURVIVAL:-1e-4} --weight_decay ${WD_TCGA_SURVIVAL:-1e-5} --feature_root ${TCGA_FEATURE_ROOT:?set TCGA_FEATURE_ROOT} --feature_key ${TCGA_FEATURE_KEY:-features/uni_v2} --in_dim 1536 --delta_scale 0.5 --gate_hidden_dim 128 --gate_activation tanh --gate_factorization full --gate_output_init xavier_uniform --label_csv ${TCGA_SURVIVAL_LABEL_CSV:?set TCGA_SURVIVAL_LABEL_CSV} --srp_context_impl stacked --srp_correction_chunk_size 0
gate_initialization	survival	STAD	xavier	Xavier	44	0.5	128	public	gate_initialization_stad_xavier_s44	python -u slide_level_srp/train_survival.py --run_name gate_initialization_stad_xavier_s44 --cohort STAD --endpoint OS --split_mode global_seed_holdout --global_seed 44 --seed 44 --neighbor_shuffle_seed 44 --n_folds 5 --variant srp_patch_signed_gated --out_dir ${GATEDSRP_COMPONENT_OUT:-runs/component_variants} --wandb_mode ${WANDB_MODE:-disabled} --epochs ${EPOCHS_TCGA_SURVIVAL:-20} --grad_accum ${GRAD_ACCUM_TCGA_SURVIVAL:-1} --base_lr ${LR_TCGA_SURVIVAL:-1e-4} --weight_decay ${WD_TCGA_SURVIVAL:-1e-5} --feature_root ${TCGA_FEATURE_ROOT:?set TCGA_FEATURE_ROOT} --feature_key ${TCGA_FEATURE_KEY:-features/uni_v2} --in_dim 1536 --delta_scale 0.5 --gate_hidden_dim 128 --gate_activation tanh --gate_factorization full --gate_output_init xavier_uniform --label_csv ${TCGA_SURVIVAL_LABEL_CSV:?set TCGA_SURVIVAL_LABEL_CSV} --srp_context_impl stacked --srp_correction_chunk_size 0
gate_initialization	survival	STAD	xavier	Xavier	45	0.5	128	public	gate_initialization_stad_xavier_s45	python -u slide_level_srp/train_survival.py --run_name gate_initialization_stad_xavier_s45 --cohort STAD --endpoint OS --split_mode global_seed_holdout --global_seed 45 --seed 45 --neighbor_shuffle_seed 45 --n_folds 5 --variant srp_patch_signed_gated --out_dir ${GATEDSRP_COMPONENT_OUT:-runs/component_variants} --wandb_mode ${WANDB_MODE:-disabled} --epochs ${EPOCHS_TCGA_SURVIVAL:-20} --grad_accum ${GRAD_ACCUM_TCGA_SURVIVAL:-1} --base_lr ${LR_TCGA_SURVIVAL:-1e-4} --weight_decay ${WD_TCGA_SURVIVAL:-1e-5} --feature_root ${TCGA_FEATURE_ROOT:?set TCGA_FEATURE_ROOT} --feature_key ${TCGA_FEATURE_KEY:-features/uni_v2} --in_dim 1536 --delta_scale 0.5 --gate_hidden_dim 128 --gate_activation tanh --gate_factorization full --gate_output_init xavier_uniform --label_csv ${TCGA_SURVIVAL_LABEL_CSV:?set TCGA_SURVIVAL_LABEL_CSV} --srp_context_impl stacked --srp_correction_chunk_size 0
gate_initialization	survival	STAD	xavier	Xavier	46	0.5	128	public	gate_initialization_stad_xavier_s46	python -u slide_level_srp/train_survival.py --run_name gate_initialization_stad_xavier_s46 --cohort STAD --endpoint OS --split_mode global_seed_holdout --global_seed 46 --seed 46 --neighbor_shuffle_seed 46 --n_folds 5 --variant srp_patch_signed_gated --out_dir ${GATEDSRP_COMPONENT_OUT:-runs/component_variants} --wandb_mode ${WANDB_MODE:-disabled} --epochs ${EPOCHS_TCGA_SURVIVAL:-20} --grad_accum ${GRAD_ACCUM_TCGA_SURVIVAL:-1} --base_lr ${LR_TCGA_SURVIVAL:-1e-4} --weight_decay ${WD_TCGA_SURVIVAL:-1e-5} --feature_root ${TCGA_FEATURE_ROOT:?set TCGA_FEATURE_ROOT} --feature_key ${TCGA_FEATURE_KEY:-features/uni_v2} --in_dim 1536 --delta_scale 0.5 --gate_hidden_dim 128 --gate_activation tanh --gate_factorization full --gate_output_init xavier_uniform --label_csv ${TCGA_SURVIVAL_LABEL_CSV:?set TCGA_SURVIVAL_LABEL_CSV} --srp_context_impl stacked --srp_correction_chunk_size 0
gate_initialization	survival	STAD	kaiming	Kaiming	42	0.5	128	public	gate_initialization_stad_kaiming_s42	python -u slide_level_srp/train_survival.py --run_name gate_initialization_stad_kaiming_s42 --cohort STAD --endpoint OS --split_mode global_seed_holdout --global_seed 42 --seed 42 --neighbor_shuffle_seed 42 --n_folds 5 --variant srp_patch_signed_gated --out_dir ${GATEDSRP_COMPONENT_OUT:-runs/component_variants} --wandb_mode ${WANDB_MODE:-disabled} --epochs ${EPOCHS_TCGA_SURVIVAL:-20} --grad_accum ${GRAD_ACCUM_TCGA_SURVIVAL:-1} --base_lr ${LR_TCGA_SURVIVAL:-1e-4} --weight_decay ${WD_TCGA_SURVIVAL:-1e-5} --feature_root ${TCGA_FEATURE_ROOT:?set TCGA_FEATURE_ROOT} --feature_key ${TCGA_FEATURE_KEY:-features/uni_v2} --in_dim 1536 --delta_scale 0.5 --gate_hidden_dim 128 --gate_activation tanh --gate_factorization full --gate_output_init kaiming_uniform --label_csv ${TCGA_SURVIVAL_LABEL_CSV:?set TCGA_SURVIVAL_LABEL_CSV} --srp_context_impl stacked --srp_correction_chunk_size 0
gate_initialization	survival	STAD	kaiming	Kaiming	43	0.5	128	public	gate_initialization_stad_kaiming_s43	python -u slide_level_srp/train_survival.py --run_name gate_initialization_stad_kaiming_s43 --cohort STAD --endpoint OS --split_mode global_seed_holdout --global_seed 43 --seed 43 --neighbor_shuffle_seed 43 --n_folds 5 --variant srp_patch_signed_gated --out_dir ${GATEDSRP_COMPONENT_OUT:-runs/component_variants} --wandb_mode ${WANDB_MODE:-disabled} --epochs ${EPOCHS_TCGA_SURVIVAL:-20} --grad_accum ${GRAD_ACCUM_TCGA_SURVIVAL:-1} --base_lr ${LR_TCGA_SURVIVAL:-1e-4} --weight_decay ${WD_TCGA_SURVIVAL:-1e-5} --feature_root ${TCGA_FEATURE_ROOT:?set TCGA_FEATURE_ROOT} --feature_key ${TCGA_FEATURE_KEY:-features/uni_v2} --in_dim 1536 --delta_scale 0.5 --gate_hidden_dim 128 --gate_activation tanh --gate_factorization full --gate_output_init kaiming_uniform --label_csv ${TCGA_SURVIVAL_LABEL_CSV:?set TCGA_SURVIVAL_LABEL_CSV} --srp_context_impl stacked --srp_correction_chunk_size 0
gate_initialization	survival	STAD	kaiming	Kaiming	44	0.5	128	public	gate_initialization_stad_kaiming_s44	python -u slide_level_srp/train_survival.py --run_name gate_initialization_stad_kaiming_s44 --cohort STAD --endpoint OS --split_mode global_seed_holdout --global_seed 44 --seed 44 --neighbor_shuffle_seed 44 --n_folds 5 --variant srp_patch_signed_gated --out_dir ${GATEDSRP_COMPONENT_OUT:-runs/component_variants} --wandb_mode ${WANDB_MODE:-disabled} --epochs ${EPOCHS_TCGA_SURVIVAL:-20} --grad_accum ${GRAD_ACCUM_TCGA_SURVIVAL:-1} --base_lr ${LR_TCGA_SURVIVAL:-1e-4} --weight_decay ${WD_TCGA_SURVIVAL:-1e-5} --feature_root ${TCGA_FEATURE_ROOT:?set TCGA_FEATURE_ROOT} --feature_key ${TCGA_FEATURE_KEY:-features/uni_v2} --in_dim 1536 --delta_scale 0.5 --gate_hidden_dim 128 --gate_activation tanh --gate_factorization full --gate_output_init kaiming_uniform --label_csv ${TCGA_SURVIVAL_LABEL_CSV:?set TCGA_SURVIVAL_LABEL_CSV} --srp_context_impl stacked --srp_correction_chunk_size 0
gate_initialization	survival	STAD	kaiming	Kaiming	45	0.5	128	public	gate_initialization_stad_kaiming_s45	python -u slide_level_srp/train_survival.py --run_name gate_initialization_stad_kaiming_s45 --cohort STAD --endpoint OS --split_mode global_seed_holdout --global_seed 45 --seed 45 --neighbor_shuffle_seed 45 --n_folds 5 --variant srp_patch_signed_gated --out_dir ${GATEDSRP_COMPONENT_OUT:-runs/component_variants} --wandb_mode ${WANDB_MODE:-disabled} --epochs ${EPOCHS_TCGA_SURVIVAL:-20} --grad_accum ${GRAD_ACCUM_TCGA_SURVIVAL:-1} --base_lr ${LR_TCGA_SURVIVAL:-1e-4} --weight_decay ${WD_TCGA_SURVIVAL:-1e-5} --feature_root ${TCGA_FEATURE_ROOT:?set TCGA_FEATURE_ROOT} --feature_key ${TCGA_FEATURE_KEY:-features/uni_v2} --in_dim 1536 --delta_scale 0.5 --gate_hidden_dim 128 --gate_activation tanh --gate_factorization full --gate_output_init kaiming_uniform --label_csv ${TCGA_SURVIVAL_LABEL_CSV:?set TCGA_SURVIVAL_LABEL_CSV} --srp_context_impl stacked --srp_correction_chunk_size 0
gate_initialization	survival	STAD	kaiming	Kaiming	46	0.5	128	public	gate_initialization_stad_kaiming_s46	python -u slide_level_srp/train_survival.py --run_name gate_initialization_stad_kaiming_s46 --cohort STAD --endpoint OS --split_mode global_seed_holdout --global_seed 46 --seed 46 --neighbor_shuffle_seed 46 --n_folds 5 --variant srp_patch_signed_gated --out_dir ${GATEDSRP_COMPONENT_OUT:-runs/component_variants} --wandb_mode ${WANDB_MODE:-disabled} --epochs ${EPOCHS_TCGA_SURVIVAL:-20} --grad_accum ${GRAD_ACCUM_TCGA_SURVIVAL:-1} --base_lr ${LR_TCGA_SURVIVAL:-1e-4} --weight_decay ${WD_TCGA_SURVIVAL:-1e-5} --feature_root ${TCGA_FEATURE_ROOT:?set TCGA_FEATURE_ROOT} --feature_key ${TCGA_FEATURE_KEY:-features/uni_v2} --in_dim 1536 --delta_scale 0.5 --gate_hidden_dim 128 --gate_activation tanh --gate_factorization full --gate_output_init kaiming_uniform --label_csv ${TCGA_SURVIVAL_LABEL_CSV:?set TCGA_SURVIVAL_LABEL_CSV} --srp_context_impl stacked --srp_correction_chunk_size 0
gate_initialization	survival	STAD	zero	Zero	42	0.5	128	public	gate_initialization_stad_zero_s42	python -u slide_level_srp/train_survival.py --run_name gate_initialization_stad_zero_s42 --cohort STAD --endpoint OS --split_mode global_seed_holdout --global_seed 42 --seed 42 --neighbor_shuffle_seed 42 --n_folds 5 --variant srp_patch_signed_gated --out_dir ${GATEDSRP_COMPONENT_OUT:-runs/component_variants} --wandb_mode ${WANDB_MODE:-disabled} --epochs ${EPOCHS_TCGA_SURVIVAL:-20} --grad_accum ${GRAD_ACCUM_TCGA_SURVIVAL:-1} --base_lr ${LR_TCGA_SURVIVAL:-1e-4} --weight_decay ${WD_TCGA_SURVIVAL:-1e-5} --feature_root ${TCGA_FEATURE_ROOT:?set TCGA_FEATURE_ROOT} --feature_key ${TCGA_FEATURE_KEY:-features/uni_v2} --in_dim 1536 --delta_scale 0.5 --gate_hidden_dim 128 --gate_activation tanh --gate_factorization full --gate_output_init zero --label_csv ${TCGA_SURVIVAL_LABEL_CSV:?set TCGA_SURVIVAL_LABEL_CSV} --srp_context_impl stacked --srp_correction_chunk_size 0
gate_initialization	survival	STAD	zero	Zero	43	0.5	128	public	gate_initialization_stad_zero_s43	python -u slide_level_srp/train_survival.py --run_name gate_initialization_stad_zero_s43 --cohort STAD --endpoint OS --split_mode global_seed_holdout --global_seed 43 --seed 43 --neighbor_shuffle_seed 43 --n_folds 5 --variant srp_patch_signed_gated --out_dir ${GATEDSRP_COMPONENT_OUT:-runs/component_variants} --wandb_mode ${WANDB_MODE:-disabled} --epochs ${EPOCHS_TCGA_SURVIVAL:-20} --grad_accum ${GRAD_ACCUM_TCGA_SURVIVAL:-1} --base_lr ${LR_TCGA_SURVIVAL:-1e-4} --weight_decay ${WD_TCGA_SURVIVAL:-1e-5} --feature_root ${TCGA_FEATURE_ROOT:?set TCGA_FEATURE_ROOT} --feature_key ${TCGA_FEATURE_KEY:-features/uni_v2} --in_dim 1536 --delta_scale 0.5 --gate_hidden_dim 128 --gate_activation tanh --gate_factorization full --gate_output_init zero --label_csv ${TCGA_SURVIVAL_LABEL_CSV:?set TCGA_SURVIVAL_LABEL_CSV} --srp_context_impl stacked --srp_correction_chunk_size 0
gate_initialization	survival	STAD	zero	Zero	44	0.5	128	public	gate_initialization_stad_zero_s44	python -u slide_level_srp/train_survival.py --run_name gate_initialization_stad_zero_s44 --cohort STAD --endpoint OS --split_mode global_seed_holdout --global_seed 44 --seed 44 --neighbor_shuffle_seed 44 --n_folds 5 --variant srp_patch_signed_gated --out_dir ${GATEDSRP_COMPONENT_OUT:-runs/component_variants} --wandb_mode ${WANDB_MODE:-disabled} --epochs ${EPOCHS_TCGA_SURVIVAL:-20} --grad_accum ${GRAD_ACCUM_TCGA_SURVIVAL:-1} --base_lr ${LR_TCGA_SURVIVAL:-1e-4} --weight_decay ${WD_TCGA_SURVIVAL:-1e-5} --feature_root ${TCGA_FEATURE_ROOT:?set TCGA_FEATURE_ROOT} --feature_key ${TCGA_FEATURE_KEY:-features/uni_v2} --in_dim 1536 --delta_scale 0.5 --gate_hidden_dim 128 --gate_activation tanh --gate_factorization full --gate_output_init zero --label_csv ${TCGA_SURVIVAL_LABEL_CSV:?set TCGA_SURVIVAL_LABEL_CSV} --srp_context_impl stacked --srp_correction_chunk_size 0
gate_initialization	survival	STAD	zero	Zero	45	0.5	128	public	gate_initialization_stad_zero_s45	python -u slide_level_srp/train_survival.py --run_name gate_initialization_stad_zero_s45 --cohort STAD --endpoint OS --split_mode global_seed_holdout --global_seed 45 --seed 45 --neighbor_shuffle_seed 45 --n_folds 5 --variant srp_patch_signed_gated --out_dir ${GATEDSRP_COMPONENT_OUT:-runs/component_variants} --wandb_mode ${WANDB_MODE:-disabled} --epochs ${EPOCHS_TCGA_SURVIVAL:-20} --grad_accum ${GRAD_ACCUM_TCGA_SURVIVAL:-1} --base_lr ${LR_TCGA_SURVIVAL:-1e-4} --weight_decay ${WD_TCGA_SURVIVAL:-1e-5} --feature_root ${TCGA_FEATURE_ROOT:?set TCGA_FEATURE_ROOT} --feature_key ${TCGA_FEATURE_KEY:-features/uni_v2} --in_dim 1536 --delta_scale 0.5 --gate_hidden_dim 128 --gate_activation tanh --gate_factorization full --gate_output_init zero --label_csv ${TCGA_SURVIVAL_LABEL_CSV:?set TCGA_SURVIVAL_LABEL_CSV} --srp_context_impl stacked --srp_correction_chunk_size 0
gate_initialization	survival	STAD	zero	Zero	46	0.5	128	public	gate_initialization_stad_zero_s46	python -u slide_level_srp/train_survival.py --run_name gate_initialization_stad_zero_s46 --cohort STAD --endpoint OS --split_mode global_seed_holdout --global_seed 46 --seed 46 --neighbor_shuffle_seed 46 --n_folds 5 --variant srp_patch_signed_gated --out_dir ${GATEDSRP_COMPONENT_OUT:-runs/component_variants} --wandb_mode ${WANDB_MODE:-disabled} --epochs ${EPOCHS_TCGA_SURVIVAL:-20} --grad_accum ${GRAD_ACCUM_TCGA_SURVIVAL:-1} --base_lr ${LR_TCGA_SURVIVAL:-1e-4} --weight_decay ${WD_TCGA_SURVIVAL:-1e-5} --feature_root ${TCGA_FEATURE_ROOT:?set TCGA_FEATURE_ROOT} --feature_key ${TCGA_FEATURE_KEY:-features/uni_v2} --in_dim 1536 --delta_scale 0.5 --gate_hidden_dim 128 --gate_activation tanh --gate_factorization full --gate_output_init zero --label_csv ${TCGA_SURVIVAL_LABEL_CSV:?set TCGA_SURVIVAL_LABEL_CSV} --srp_context_impl stacked --srp_correction_chunk_size 0
gate_initialization	classification	kgh	xavier	Xavier	42	1	64	restricted	gate_initialization_kgh_xavier_s42	python -u slide_level_srp/train.py --run_name gate_initialization_kgh_xavier_s42 --dataset kgh --variant srp_patch_signed_gated --in_dim 1536 --num_classes 4 --split_mode global_seed_holdout --global_seed 42 --seed 42 --neighbor_shuffle_seed 42 --out_dir ${GATEDSRP_COMPONENT_OUT:-runs/component_variants} --wandb_mode ${WANDB_MODE:-disabled} --epochs ${EPOCHS_SLIDE:-15} --grad_accum ${GRAD_ACCUM:-16} --kgh_true_4class --feature_root ${KGH_FEATURE_ROOT:?set KGH_FEATURE_ROOT} --feature_key ${KGH_FEATURE_KEY:-features/uni_v2} --delta_scale 1 --gate_hidden_dim 64 --gate_activation tanh --gate_factorization full --gate_output_init xavier_uniform --srp_context_impl stacked --srp_correction_chunk_size 0
gate_initialization	classification	kgh	xavier	Xavier	43	1	64	restricted	gate_initialization_kgh_xavier_s43	python -u slide_level_srp/train.py --run_name gate_initialization_kgh_xavier_s43 --dataset kgh --variant srp_patch_signed_gated --in_dim 1536 --num_classes 4 --split_mode global_seed_holdout --global_seed 43 --seed 43 --neighbor_shuffle_seed 43 --out_dir ${GATEDSRP_COMPONENT_OUT:-runs/component_variants} --wandb_mode ${WANDB_MODE:-disabled} --epochs ${EPOCHS_SLIDE:-15} --grad_accum ${GRAD_ACCUM:-16} --kgh_true_4class --feature_root ${KGH_FEATURE_ROOT:?set KGH_FEATURE_ROOT} --feature_key ${KGH_FEATURE_KEY:-features/uni_v2} --delta_scale 1 --gate_hidden_dim 64 --gate_activation tanh --gate_factorization full --gate_output_init xavier_uniform --srp_context_impl stacked --srp_correction_chunk_size 0
gate_initialization	classification	kgh	xavier	Xavier	44	1	64	restricted	gate_initialization_kgh_xavier_s44	python -u slide_level_srp/train.py --run_name gate_initialization_kgh_xavier_s44 --dataset kgh --variant srp_patch_signed_gated --in_dim 1536 --num_classes 4 --split_mode global_seed_holdout --global_seed 44 --seed 44 --neighbor_shuffle_seed 44 --out_dir ${GATEDSRP_COMPONENT_OUT:-runs/component_variants} --wandb_mode ${WANDB_MODE:-disabled} --epochs ${EPOCHS_SLIDE:-15} --grad_accum ${GRAD_ACCUM:-16} --kgh_true_4class --feature_root ${KGH_FEATURE_ROOT:?set KGH_FEATURE_ROOT} --feature_key ${KGH_FEATURE_KEY:-features/uni_v2} --delta_scale 1 --gate_hidden_dim 64 --gate_activation tanh --gate_factorization full --gate_output_init xavier_uniform --srp_context_impl stacked --srp_correction_chunk_size 0
gate_initialization	classification	kgh	xavier	Xavier	45	1	64	restricted	gate_initialization_kgh_xavier_s45	python -u slide_level_srp/train.py --run_name gate_initialization_kgh_xavier_s45 --dataset kgh --variant srp_patch_signed_gated --in_dim 1536 --num_classes 4 --split_mode global_seed_holdout --global_seed 45 --seed 45 --neighbor_shuffle_seed 45 --out_dir ${GATEDSRP_COMPONENT_OUT:-runs/component_variants} --wandb_mode ${WANDB_MODE:-disabled} --epochs ${EPOCHS_SLIDE:-15} --grad_accum ${GRAD_ACCUM:-16} --kgh_true_4class --feature_root ${KGH_FEATURE_ROOT:?set KGH_FEATURE_ROOT} --feature_key ${KGH_FEATURE_KEY:-features/uni_v2} --delta_scale 1 --gate_hidden_dim 64 --gate_activation tanh --gate_factorization full --gate_output_init xavier_uniform --srp_context_impl stacked --srp_correction_chunk_size 0
gate_initialization	classification	kgh	xavier	Xavier	46	1	64	restricted	gate_initialization_kgh_xavier_s46	python -u slide_level_srp/train.py --run_name gate_initialization_kgh_xavier_s46 --dataset kgh --variant srp_patch_signed_gated --in_dim 1536 --num_classes 4 --split_mode global_seed_holdout --global_seed 46 --seed 46 --neighbor_shuffle_seed 46 --out_dir ${GATEDSRP_COMPONENT_OUT:-runs/component_variants} --wandb_mode ${WANDB_MODE:-disabled} --epochs ${EPOCHS_SLIDE:-15} --grad_accum ${GRAD_ACCUM:-16} --kgh_true_4class --feature_root ${KGH_FEATURE_ROOT:?set KGH_FEATURE_ROOT} --feature_key ${KGH_FEATURE_KEY:-features/uni_v2} --delta_scale 1 --gate_hidden_dim 64 --gate_activation tanh --gate_factorization full --gate_output_init xavier_uniform --srp_context_impl stacked --srp_correction_chunk_size 0
gate_initialization	classification	kgh	kaiming	Kaiming	42	1	64	restricted	gate_initialization_kgh_kaiming_s42	python -u slide_level_srp/train.py --run_name gate_initialization_kgh_kaiming_s42 --dataset kgh --variant srp_patch_signed_gated --in_dim 1536 --num_classes 4 --split_mode global_seed_holdout --global_seed 42 --seed 42 --neighbor_shuffle_seed 42 --out_dir ${GATEDSRP_COMPONENT_OUT:-runs/component_variants} --wandb_mode ${WANDB_MODE:-disabled} --epochs ${EPOCHS_SLIDE:-15} --grad_accum ${GRAD_ACCUM:-16} --kgh_true_4class --feature_root ${KGH_FEATURE_ROOT:?set KGH_FEATURE_ROOT} --feature_key ${KGH_FEATURE_KEY:-features/uni_v2} --delta_scale 1 --gate_hidden_dim 64 --gate_activation tanh --gate_factorization full --gate_output_init kaiming_uniform --srp_context_impl stacked --srp_correction_chunk_size 0
gate_initialization	classification	kgh	kaiming	Kaiming	43	1	64	restricted	gate_initialization_kgh_kaiming_s43	python -u slide_level_srp/train.py --run_name gate_initialization_kgh_kaiming_s43 --dataset kgh --variant srp_patch_signed_gated --in_dim 1536 --num_classes 4 --split_mode global_seed_holdout --global_seed 43 --seed 43 --neighbor_shuffle_seed 43 --out_dir ${GATEDSRP_COMPONENT_OUT:-runs/component_variants} --wandb_mode ${WANDB_MODE:-disabled} --epochs ${EPOCHS_SLIDE:-15} --grad_accum ${GRAD_ACCUM:-16} --kgh_true_4class --feature_root ${KGH_FEATURE_ROOT:?set KGH_FEATURE_ROOT} --feature_key ${KGH_FEATURE_KEY:-features/uni_v2} --delta_scale 1 --gate_hidden_dim 64 --gate_activation tanh --gate_factorization full --gate_output_init kaiming_uniform --srp_context_impl stacked --srp_correction_chunk_size 0
gate_initialization	classification	kgh	kaiming	Kaiming	44	1	64	restricted	gate_initialization_kgh_kaiming_s44	python -u slide_level_srp/train.py --run_name gate_initialization_kgh_kaiming_s44 --dataset kgh --variant srp_patch_signed_gated --in_dim 1536 --num_classes 4 --split_mode global_seed_holdout --global_seed 44 --seed 44 --neighbor_shuffle_seed 44 --out_dir ${GATEDSRP_COMPONENT_OUT:-runs/component_variants} --wandb_mode ${WANDB_MODE:-disabled} --epochs ${EPOCHS_SLIDE:-15} --grad_accum ${GRAD_ACCUM:-16} --kgh_true_4class --feature_root ${KGH_FEATURE_ROOT:?set KGH_FEATURE_ROOT} --feature_key ${KGH_FEATURE_KEY:-features/uni_v2} --delta_scale 1 --gate_hidden_dim 64 --gate_activation tanh --gate_factorization full --gate_output_init kaiming_uniform --srp_context_impl stacked --srp_correction_chunk_size 0
gate_initialization	classification	kgh	kaiming	Kaiming	45	1	64	restricted	gate_initialization_kgh_kaiming_s45	python -u slide_level_srp/train.py --run_name gate_initialization_kgh_kaiming_s45 --dataset kgh --variant srp_patch_signed_gated --in_dim 1536 --num_classes 4 --split_mode global_seed_holdout --global_seed 45 --seed 45 --neighbor_shuffle_seed 45 --out_dir ${GATEDSRP_COMPONENT_OUT:-runs/component_variants} --wandb_mode ${WANDB_MODE:-disabled} --epochs ${EPOCHS_SLIDE:-15} --grad_accum ${GRAD_ACCUM:-16} --kgh_true_4class --feature_root ${KGH_FEATURE_ROOT:?set KGH_FEATURE_ROOT} --feature_key ${KGH_FEATURE_KEY:-features/uni_v2} --delta_scale 1 --gate_hidden_dim 64 --gate_activation tanh --gate_factorization full --gate_output_init kaiming_uniform --srp_context_impl stacked --srp_correction_chunk_size 0
gate_initialization	classification	kgh	kaiming	Kaiming	46	1	64	restricted	gate_initialization_kgh_kaiming_s46	python -u slide_level_srp/train.py --run_name gate_initialization_kgh_kaiming_s46 --dataset kgh --variant srp_patch_signed_gated --in_dim 1536 --num_classes 4 --split_mode global_seed_holdout --global_seed 46 --seed 46 --neighbor_shuffle_seed 46 --out_dir ${GATEDSRP_COMPONENT_OUT:-runs/component_variants} --wandb_mode ${WANDB_MODE:-disabled} --epochs ${EPOCHS_SLIDE:-15} --grad_accum ${GRAD_ACCUM:-16} --kgh_true_4class --feature_root ${KGH_FEATURE_ROOT:?set KGH_FEATURE_ROOT} --feature_key ${KGH_FEATURE_KEY:-features/uni_v2} --delta_scale 1 --gate_hidden_dim 64 --gate_activation tanh --gate_factorization full --gate_output_init kaiming_uniform --srp_context_impl stacked --srp_correction_chunk_size 0
gate_initialization	classification	kgh	zero	Zero	42	1	64	restricted	gate_initialization_kgh_zero_s42	python -u slide_level_srp/train.py --run_name gate_initialization_kgh_zero_s42 --dataset kgh --variant srp_patch_signed_gated --in_dim 1536 --num_classes 4 --split_mode global_seed_holdout --global_seed 42 --seed 42 --neighbor_shuffle_seed 42 --out_dir ${GATEDSRP_COMPONENT_OUT:-runs/component_variants} --wandb_mode ${WANDB_MODE:-disabled} --epochs ${EPOCHS_SLIDE:-15} --grad_accum ${GRAD_ACCUM:-16} --kgh_true_4class --feature_root ${KGH_FEATURE_ROOT:?set KGH_FEATURE_ROOT} --feature_key ${KGH_FEATURE_KEY:-features/uni_v2} --delta_scale 1 --gate_hidden_dim 64 --gate_activation tanh --gate_factorization full --gate_output_init zero --srp_context_impl stacked --srp_correction_chunk_size 0
gate_initialization	classification	kgh	zero	Zero	43	1	64	restricted	gate_initialization_kgh_zero_s43	python -u slide_level_srp/train.py --run_name gate_initialization_kgh_zero_s43 --dataset kgh --variant srp_patch_signed_gated --in_dim 1536 --num_classes 4 --split_mode global_seed_holdout --global_seed 43 --seed 43 --neighbor_shuffle_seed 43 --out_dir ${GATEDSRP_COMPONENT_OUT:-runs/component_variants} --wandb_mode ${WANDB_MODE:-disabled} --epochs ${EPOCHS_SLIDE:-15} --grad_accum ${GRAD_ACCUM:-16} --kgh_true_4class --feature_root ${KGH_FEATURE_ROOT:?set KGH_FEATURE_ROOT} --feature_key ${KGH_FEATURE_KEY:-features/uni_v2} --delta_scale 1 --gate_hidden_dim 64 --gate_activation tanh --gate_factorization full --gate_output_init zero --srp_context_impl stacked --srp_correction_chunk_size 0
gate_initialization	classification	kgh	zero	Zero	44	1	64	restricted	gate_initialization_kgh_zero_s44	python -u slide_level_srp/train.py --run_name gate_initialization_kgh_zero_s44 --dataset kgh --variant srp_patch_signed_gated --in_dim 1536 --num_classes 4 --split_mode global_seed_holdout --global_seed 44 --seed 44 --neighbor_shuffle_seed 44 --out_dir ${GATEDSRP_COMPONENT_OUT:-runs/component_variants} --wandb_mode ${WANDB_MODE:-disabled} --epochs ${EPOCHS_SLIDE:-15} --grad_accum ${GRAD_ACCUM:-16} --kgh_true_4class --feature_root ${KGH_FEATURE_ROOT:?set KGH_FEATURE_ROOT} --feature_key ${KGH_FEATURE_KEY:-features/uni_v2} --delta_scale 1 --gate_hidden_dim 64 --gate_activation tanh --gate_factorization full --gate_output_init zero --srp_context_impl stacked --srp_correction_chunk_size 0
gate_initialization	classification	kgh	zero	Zero	45	1	64	restricted	gate_initialization_kgh_zero_s45	python -u slide_level_srp/train.py --run_name gate_initialization_kgh_zero_s45 --dataset kgh --variant srp_patch_signed_gated --in_dim 1536 --num_classes 4 --split_mode global_seed_holdout --global_seed 45 --seed 45 --neighbor_shuffle_seed 45 --out_dir ${GATEDSRP_COMPONENT_OUT:-runs/component_variants} --wandb_mode ${WANDB_MODE:-disabled} --epochs ${EPOCHS_SLIDE:-15} --grad_accum ${GRAD_ACCUM:-16} --kgh_true_4class --feature_root ${KGH_FEATURE_ROOT:?set KGH_FEATURE_ROOT} --feature_key ${KGH_FEATURE_KEY:-features/uni_v2} --delta_scale 1 --gate_hidden_dim 64 --gate_activation tanh --gate_factorization full --gate_output_init zero --srp_context_impl stacked --srp_correction_chunk_size 0
gate_initialization	classification	kgh	zero	Zero	46	1	64	restricted	gate_initialization_kgh_zero_s46	python -u slide_level_srp/train.py --run_name gate_initialization_kgh_zero_s46 --dataset kgh --variant srp_patch_signed_gated --in_dim 1536 --num_classes 4 --split_mode global_seed_holdout --global_seed 46 --seed 46 --neighbor_shuffle_seed 46 --out_dir ${GATEDSRP_COMPONENT_OUT:-runs/component_variants} --wandb_mode ${WANDB_MODE:-disabled} --epochs ${EPOCHS_SLIDE:-15} --grad_accum ${GRAD_ACCUM:-16} --kgh_true_4class --feature_root ${KGH_FEATURE_ROOT:?set KGH_FEATURE_ROOT} --feature_key ${KGH_FEATURE_KEY:-features/uni_v2} --delta_scale 1 --gate_hidden_dim 64 --gate_activation tanh --gate_factorization full --gate_output_init zero --srp_context_impl stacked --srp_correction_chunk_size 0
gate_initialization	classification	panda	xavier	Xavier	42	0.5	16	public	gate_initialization_panda_xavier_s42	python -u -m slide_level_srp.train_panda --run_name gate_initialization_panda_xavier_s42 --arch transmil --mode srp_signed_gated --split_mode global_seed_holdout --global_seed 42 --seed 42 --neighbor_shuffle_seed 42 --out_dir ${GATEDSRP_COMPONENT_OUT:-runs/component_variants} --wandb_mode ${WANDB_MODE:-disabled} --epochs ${EPOCHS_PANDA_TRANSMIL:-20} --grad_accum ${GRAD_ACCUM_PANDA_TRANSMIL:-16} --feature_root ${PANDA_FEATURE_ROOT:?set PANDA_FEATURE_ROOT} --delta_scale 0.5 --gate_hidden_dim 16 --gate_activation tanh --gate_factorization full --srp_r_target knn8 --gate_output_init xavier_uniform --srp_context_impl stacked --srp_correction_chunk_size 0
gate_initialization	classification	panda	xavier	Xavier	43	0.5	16	public	gate_initialization_panda_xavier_s43	python -u -m slide_level_srp.train_panda --run_name gate_initialization_panda_xavier_s43 --arch transmil --mode srp_signed_gated --split_mode global_seed_holdout --global_seed 43 --seed 43 --neighbor_shuffle_seed 43 --out_dir ${GATEDSRP_COMPONENT_OUT:-runs/component_variants} --wandb_mode ${WANDB_MODE:-disabled} --epochs ${EPOCHS_PANDA_TRANSMIL:-20} --grad_accum ${GRAD_ACCUM_PANDA_TRANSMIL:-16} --feature_root ${PANDA_FEATURE_ROOT:?set PANDA_FEATURE_ROOT} --delta_scale 0.5 --gate_hidden_dim 16 --gate_activation tanh --gate_factorization full --srp_r_target knn8 --gate_output_init xavier_uniform --srp_context_impl stacked --srp_correction_chunk_size 0
gate_initialization	classification	panda	xavier	Xavier	44	0.5	16	public	gate_initialization_panda_xavier_s44	python -u -m slide_level_srp.train_panda --run_name gate_initialization_panda_xavier_s44 --arch transmil --mode srp_signed_gated --split_mode global_seed_holdout --global_seed 44 --seed 44 --neighbor_shuffle_seed 44 --out_dir ${GATEDSRP_COMPONENT_OUT:-runs/component_variants} --wandb_mode ${WANDB_MODE:-disabled} --epochs ${EPOCHS_PANDA_TRANSMIL:-20} --grad_accum ${GRAD_ACCUM_PANDA_TRANSMIL:-16} --feature_root ${PANDA_FEATURE_ROOT:?set PANDA_FEATURE_ROOT} --delta_scale 0.5 --gate_hidden_dim 16 --gate_activation tanh --gate_factorization full --srp_r_target knn8 --gate_output_init xavier_uniform --srp_context_impl stacked --srp_correction_chunk_size 0
gate_initialization	classification	panda	xavier	Xavier	45	0.5	16	public	gate_initialization_panda_xavier_s45	python -u -m slide_level_srp.train_panda --run_name gate_initialization_panda_xavier_s45 --arch transmil --mode srp_signed_gated --split_mode global_seed_holdout --global_seed 45 --seed 45 --neighbor_shuffle_seed 45 --out_dir ${GATEDSRP_COMPONENT_OUT:-runs/component_variants} --wandb_mode ${WANDB_MODE:-disabled} --epochs ${EPOCHS_PANDA_TRANSMIL:-20} --grad_accum ${GRAD_ACCUM_PANDA_TRANSMIL:-16} --feature_root ${PANDA_FEATURE_ROOT:?set PANDA_FEATURE_ROOT} --delta_scale 0.5 --gate_hidden_dim 16 --gate_activation tanh --gate_factorization full --srp_r_target knn8 --gate_output_init xavier_uniform --srp_context_impl stacked --srp_correction_chunk_size 0
gate_initialization	classification	panda	xavier	Xavier	46	0.5	16	public	gate_initialization_panda_xavier_s46	python -u -m slide_level_srp.train_panda --run_name gate_initialization_panda_xavier_s46 --arch transmil --mode srp_signed_gated --split_mode global_seed_holdout --global_seed 46 --seed 46 --neighbor_shuffle_seed 46 --out_dir ${GATEDSRP_COMPONENT_OUT:-runs/component_variants} --wandb_mode ${WANDB_MODE:-disabled} --epochs ${EPOCHS_PANDA_TRANSMIL:-20} --grad_accum ${GRAD_ACCUM_PANDA_TRANSMIL:-16} --feature_root ${PANDA_FEATURE_ROOT:?set PANDA_FEATURE_ROOT} --delta_scale 0.5 --gate_hidden_dim 16 --gate_activation tanh --gate_factorization full --srp_r_target knn8 --gate_output_init xavier_uniform --srp_context_impl stacked --srp_correction_chunk_size 0
gate_initialization	classification	panda	kaiming	Kaiming	42	0.5	16	public	gate_initialization_panda_kaiming_s42	python -u -m slide_level_srp.train_panda --run_name gate_initialization_panda_kaiming_s42 --arch transmil --mode srp_signed_gated --split_mode global_seed_holdout --global_seed 42 --seed 42 --neighbor_shuffle_seed 42 --out_dir ${GATEDSRP_COMPONENT_OUT:-runs/component_variants} --wandb_mode ${WANDB_MODE:-disabled} --epochs ${EPOCHS_PANDA_TRANSMIL:-20} --grad_accum ${GRAD_ACCUM_PANDA_TRANSMIL:-16} --feature_root ${PANDA_FEATURE_ROOT:?set PANDA_FEATURE_ROOT} --delta_scale 0.5 --gate_hidden_dim 16 --gate_activation tanh --gate_factorization full --srp_r_target knn8 --gate_output_init kaiming_uniform --srp_context_impl stacked --srp_correction_chunk_size 0
gate_initialization	classification	panda	kaiming	Kaiming	43	0.5	16	public	gate_initialization_panda_kaiming_s43	python -u -m slide_level_srp.train_panda --run_name gate_initialization_panda_kaiming_s43 --arch transmil --mode srp_signed_gated --split_mode global_seed_holdout --global_seed 43 --seed 43 --neighbor_shuffle_seed 43 --out_dir ${GATEDSRP_COMPONENT_OUT:-runs/component_variants} --wandb_mode ${WANDB_MODE:-disabled} --epochs ${EPOCHS_PANDA_TRANSMIL:-20} --grad_accum ${GRAD_ACCUM_PANDA_TRANSMIL:-16} --feature_root ${PANDA_FEATURE_ROOT:?set PANDA_FEATURE_ROOT} --delta_scale 0.5 --gate_hidden_dim 16 --gate_activation tanh --gate_factorization full --srp_r_target knn8 --gate_output_init kaiming_uniform --srp_context_impl stacked --srp_correction_chunk_size 0
gate_initialization	classification	panda	kaiming	Kaiming	44	0.5	16	public	gate_initialization_panda_kaiming_s44	python -u -m slide_level_srp.train_panda --run_name gate_initialization_panda_kaiming_s44 --arch transmil --mode srp_signed_gated --split_mode global_seed_holdout --global_seed 44 --seed 44 --neighbor_shuffle_seed 44 --out_dir ${GATEDSRP_COMPONENT_OUT:-runs/component_variants} --wandb_mode ${WANDB_MODE:-disabled} --epochs ${EPOCHS_PANDA_TRANSMIL:-20} --grad_accum ${GRAD_ACCUM_PANDA_TRANSMIL:-16} --feature_root ${PANDA_FEATURE_ROOT:?set PANDA_FEATURE_ROOT} --delta_scale 0.5 --gate_hidden_dim 16 --gate_activation tanh --gate_factorization full --srp_r_target knn8 --gate_output_init kaiming_uniform --srp_context_impl stacked --srp_correction_chunk_size 0
gate_initialization	classification	panda	kaiming	Kaiming	45	0.5	16	public	gate_initialization_panda_kaiming_s45	python -u -m slide_level_srp.train_panda --run_name gate_initialization_panda_kaiming_s45 --arch transmil --mode srp_signed_gated --split_mode global_seed_holdout --global_seed 45 --seed 45 --neighbor_shuffle_seed 45 --out_dir ${GATEDSRP_COMPONENT_OUT:-runs/component_variants} --wandb_mode ${WANDB_MODE:-disabled} --epochs ${EPOCHS_PANDA_TRANSMIL:-20} --grad_accum ${GRAD_ACCUM_PANDA_TRANSMIL:-16} --feature_root ${PANDA_FEATURE_ROOT:?set PANDA_FEATURE_ROOT} --delta_scale 0.5 --gate_hidden_dim 16 --gate_activation tanh --gate_factorization full --srp_r_target knn8 --gate_output_init kaiming_uniform --srp_context_impl stacked --srp_correction_chunk_size 0
gate_initialization	classification	panda	kaiming	Kaiming	46	0.5	16	public	gate_initialization_panda_kaiming_s46	python -u -m slide_level_srp.train_panda --run_name gate_initialization_panda_kaiming_s46 --arch transmil --mode srp_signed_gated --split_mode global_seed_holdout --global_seed 46 --seed 46 --neighbor_shuffle_seed 46 --out_dir ${GATEDSRP_COMPONENT_OUT:-runs/component_variants} --wandb_mode ${WANDB_MODE:-disabled} --epochs ${EPOCHS_PANDA_TRANSMIL:-20} --grad_accum ${GRAD_ACCUM_PANDA_TRANSMIL:-16} --feature_root ${PANDA_FEATURE_ROOT:?set PANDA_FEATURE_ROOT} --delta_scale 0.5 --gate_hidden_dim 16 --gate_activation tanh --gate_factorization full --srp_r_target knn8 --gate_output_init kaiming_uniform --srp_context_impl stacked --srp_correction_chunk_size 0
gate_initialization	classification	panda	zero	Zero	42	0.5	16	public	gate_initialization_panda_zero_s42	python -u -m slide_level_srp.train_panda --run_name gate_initialization_panda_zero_s42 --arch transmil --mode srp_signed_gated --split_mode global_seed_holdout --global_seed 42 --seed 42 --neighbor_shuffle_seed 42 --out_dir ${GATEDSRP_COMPONENT_OUT:-runs/component_variants} --wandb_mode ${WANDB_MODE:-disabled} --epochs ${EPOCHS_PANDA_TRANSMIL:-20} --grad_accum ${GRAD_ACCUM_PANDA_TRANSMIL:-16} --feature_root ${PANDA_FEATURE_ROOT:?set PANDA_FEATURE_ROOT} --delta_scale 0.5 --gate_hidden_dim 16 --gate_activation tanh --gate_factorization full --srp_r_target knn8 --gate_output_init zero --srp_context_impl stacked --srp_correction_chunk_size 0
gate_initialization	classification	panda	zero	Zero	43	0.5	16	public	gate_initialization_panda_zero_s43	python -u -m slide_level_srp.train_panda --run_name gate_initialization_panda_zero_s43 --arch transmil --mode srp_signed_gated --split_mode global_seed_holdout --global_seed 43 --seed 43 --neighbor_shuffle_seed 43 --out_dir ${GATEDSRP_COMPONENT_OUT:-runs/component_variants} --wandb_mode ${WANDB_MODE:-disabled} --epochs ${EPOCHS_PANDA_TRANSMIL:-20} --grad_accum ${GRAD_ACCUM_PANDA_TRANSMIL:-16} --feature_root ${PANDA_FEATURE_ROOT:?set PANDA_FEATURE_ROOT} --delta_scale 0.5 --gate_hidden_dim 16 --gate_activation tanh --gate_factorization full --srp_r_target knn8 --gate_output_init zero --srp_context_impl stacked --srp_correction_chunk_size 0
gate_initialization	classification	panda	zero	Zero	44	0.5	16	public	gate_initialization_panda_zero_s44	python -u -m slide_level_srp.train_panda --run_name gate_initialization_panda_zero_s44 --arch transmil --mode srp_signed_gated --split_mode global_seed_holdout --global_seed 44 --seed 44 --neighbor_shuffle_seed 44 --out_dir ${GATEDSRP_COMPONENT_OUT:-runs/component_variants} --wandb_mode ${WANDB_MODE:-disabled} --epochs ${EPOCHS_PANDA_TRANSMIL:-20} --grad_accum ${GRAD_ACCUM_PANDA_TRANSMIL:-16} --feature_root ${PANDA_FEATURE_ROOT:?set PANDA_FEATURE_ROOT} --delta_scale 0.5 --gate_hidden_dim 16 --gate_activation tanh --gate_factorization full --srp_r_target knn8 --gate_output_init zero --srp_context_impl stacked --srp_correction_chunk_size 0
gate_initialization	classification	panda	zero	Zero	45	0.5	16	public	gate_initialization_panda_zero_s45	python -u -m slide_level_srp.train_panda --run_name gate_initialization_panda_zero_s45 --arch transmil --mode srp_signed_gated --split_mode global_seed_holdout --global_seed 45 --seed 45 --neighbor_shuffle_seed 45 --out_dir ${GATEDSRP_COMPONENT_OUT:-runs/component_variants} --wandb_mode ${WANDB_MODE:-disabled} --epochs ${EPOCHS_PANDA_TRANSMIL:-20} --grad_accum ${GRAD_ACCUM_PANDA_TRANSMIL:-16} --feature_root ${PANDA_FEATURE_ROOT:?set PANDA_FEATURE_ROOT} --delta_scale 0.5 --gate_hidden_dim 16 --gate_activation tanh --gate_factorization full --srp_r_target knn8 --gate_output_init zero --srp_context_impl stacked --srp_correction_chunk_size 0
gate_initialization	classification	panda	zero	Zero	46	0.5	16	public	gate_initialization_panda_zero_s46	python -u -m slide_level_srp.train_panda --run_name gate_initialization_panda_zero_s46 --arch transmil --mode srp_signed_gated --split_mode global_seed_holdout --global_seed 46 --seed 46 --neighbor_shuffle_seed 46 --out_dir ${GATEDSRP_COMPONENT_OUT:-runs/component_variants} --wandb_mode ${WANDB_MODE:-disabled} --epochs ${EPOCHS_PANDA_TRANSMIL:-20} --grad_accum ${GRAD_ACCUM_PANDA_TRANSMIL:-16} --feature_root ${PANDA_FEATURE_ROOT:?set PANDA_FEATURE_ROOT} --delta_scale 0.5 --gate_hidden_dim 16 --gate_activation tanh --gate_factorization full --srp_r_target knn8 --gate_output_init zero --srp_context_impl stacked --srp_correction_chunk_size 0
gate_initialization	classification	bracs	xavier	Xavier	42	0.5	128	public	gate_initialization_bracs_xavier_s42	python -u slide_level_srp/train.py --run_name gate_initialization_bracs_xavier_s42 --dataset bracs --variant srp_patch_signed_gated --in_dim 1536 --num_classes 7 --split_mode global_seed_holdout --global_seed 42 --seed 42 --neighbor_shuffle_seed 42 --out_dir ${GATEDSRP_COMPONENT_OUT:-runs/component_variants} --wandb_mode ${WANDB_MODE:-disabled} --epochs ${EPOCHS_SLIDE:-15} --grad_accum ${GRAD_ACCUM:-16} --feature_root ${BRACS_FEATURE_ROOT:?set BRACS_FEATURE_ROOT} --feature_key ${BRACS_FEATURE_KEY:-features/uni_v2} --delta_scale 0.5 --gate_hidden_dim 128 --gate_activation tanh --gate_factorization full --gate_output_init xavier_uniform --srp_context_impl stacked --srp_correction_chunk_size 0
gate_initialization	classification	bracs	xavier	Xavier	43	0.5	128	public	gate_initialization_bracs_xavier_s43	python -u slide_level_srp/train.py --run_name gate_initialization_bracs_xavier_s43 --dataset bracs --variant srp_patch_signed_gated --in_dim 1536 --num_classes 7 --split_mode global_seed_holdout --global_seed 43 --seed 43 --neighbor_shuffle_seed 43 --out_dir ${GATEDSRP_COMPONENT_OUT:-runs/component_variants} --wandb_mode ${WANDB_MODE:-disabled} --epochs ${EPOCHS_SLIDE:-15} --grad_accum ${GRAD_ACCUM:-16} --feature_root ${BRACS_FEATURE_ROOT:?set BRACS_FEATURE_ROOT} --feature_key ${BRACS_FEATURE_KEY:-features/uni_v2} --delta_scale 0.5 --gate_hidden_dim 128 --gate_activation tanh --gate_factorization full --gate_output_init xavier_uniform --srp_context_impl stacked --srp_correction_chunk_size 0
gate_initialization	classification	bracs	xavier	Xavier	44	0.5	128	public	gate_initialization_bracs_xavier_s44	python -u slide_level_srp/train.py --run_name gate_initialization_bracs_xavier_s44 --dataset bracs --variant srp_patch_signed_gated --in_dim 1536 --num_classes 7 --split_mode global_seed_holdout --global_seed 44 --seed 44 --neighbor_shuffle_seed 44 --out_dir ${GATEDSRP_COMPONENT_OUT:-runs/component_variants} --wandb_mode ${WANDB_MODE:-disabled} --epochs ${EPOCHS_SLIDE:-15} --grad_accum ${GRAD_ACCUM:-16} --feature_root ${BRACS_FEATURE_ROOT:?set BRACS_FEATURE_ROOT} --feature_key ${BRACS_FEATURE_KEY:-features/uni_v2} --delta_scale 0.5 --gate_hidden_dim 128 --gate_activation tanh --gate_factorization full --gate_output_init xavier_uniform --srp_context_impl stacked --srp_correction_chunk_size 0
gate_initialization	classification	bracs	xavier	Xavier	45	0.5	128	public	gate_initialization_bracs_xavier_s45	python -u slide_level_srp/train.py --run_name gate_initialization_bracs_xavier_s45 --dataset bracs --variant srp_patch_signed_gated --in_dim 1536 --num_classes 7 --split_mode global_seed_holdout --global_seed 45 --seed 45 --neighbor_shuffle_seed 45 --out_dir ${GATEDSRP_COMPONENT_OUT:-runs/component_variants} --wandb_mode ${WANDB_MODE:-disabled} --epochs ${EPOCHS_SLIDE:-15} --grad_accum ${GRAD_ACCUM:-16} --feature_root ${BRACS_FEATURE_ROOT:?set BRACS_FEATURE_ROOT} --feature_key ${BRACS_FEATURE_KEY:-features/uni_v2} --delta_scale 0.5 --gate_hidden_dim 128 --gate_activation tanh --gate_factorization full --gate_output_init xavier_uniform --srp_context_impl stacked --srp_correction_chunk_size 0
gate_initialization	classification	bracs	xavier	Xavier	46	0.5	128	public	gate_initialization_bracs_xavier_s46	python -u slide_level_srp/train.py --run_name gate_initialization_bracs_xavier_s46 --dataset bracs --variant srp_patch_signed_gated --in_dim 1536 --num_classes 7 --split_mode global_seed_holdout --global_seed 46 --seed 46 --neighbor_shuffle_seed 46 --out_dir ${GATEDSRP_COMPONENT_OUT:-runs/component_variants} --wandb_mode ${WANDB_MODE:-disabled} --epochs ${EPOCHS_SLIDE:-15} --grad_accum ${GRAD_ACCUM:-16} --feature_root ${BRACS_FEATURE_ROOT:?set BRACS_FEATURE_ROOT} --feature_key ${BRACS_FEATURE_KEY:-features/uni_v2} --delta_scale 0.5 --gate_hidden_dim 128 --gate_activation tanh --gate_factorization full --gate_output_init xavier_uniform --srp_context_impl stacked --srp_correction_chunk_size 0
gate_initialization	classification	bracs	kaiming	Kaiming	42	0.5	128	public	gate_initialization_bracs_kaiming_s42	python -u slide_level_srp/train.py --run_name gate_initialization_bracs_kaiming_s42 --dataset bracs --variant srp_patch_signed_gated --in_dim 1536 --num_classes 7 --split_mode global_seed_holdout --global_seed 42 --seed 42 --neighbor_shuffle_seed 42 --out_dir ${GATEDSRP_COMPONENT_OUT:-runs/component_variants} --wandb_mode ${WANDB_MODE:-disabled} --epochs ${EPOCHS_SLIDE:-15} --grad_accum ${GRAD_ACCUM:-16} --feature_root ${BRACS_FEATURE_ROOT:?set BRACS_FEATURE_ROOT} --feature_key ${BRACS_FEATURE_KEY:-features/uni_v2} --delta_scale 0.5 --gate_hidden_dim 128 --gate_activation tanh --gate_factorization full --gate_output_init kaiming_uniform --srp_context_impl stacked --srp_correction_chunk_size 0
gate_initialization	classification	bracs	kaiming	Kaiming	43	0.5	128	public	gate_initialization_bracs_kaiming_s43	python -u slide_level_srp/train.py --run_name gate_initialization_bracs_kaiming_s43 --dataset bracs --variant srp_patch_signed_gated --in_dim 1536 --num_classes 7 --split_mode global_seed_holdout --global_seed 43 --seed 43 --neighbor_shuffle_seed 43 --out_dir ${GATEDSRP_COMPONENT_OUT:-runs/component_variants} --wandb_mode ${WANDB_MODE:-disabled} --epochs ${EPOCHS_SLIDE:-15} --grad_accum ${GRAD_ACCUM:-16} --feature_root ${BRACS_FEATURE_ROOT:?set BRACS_FEATURE_ROOT} --feature_key ${BRACS_FEATURE_KEY:-features/uni_v2} --delta_scale 0.5 --gate_hidden_dim 128 --gate_activation tanh --gate_factorization full --gate_output_init kaiming_uniform --srp_context_impl stacked --srp_correction_chunk_size 0
gate_initialization	classification	bracs	kaiming	Kaiming	44	0.5	128	public	gate_initialization_bracs_kaiming_s44	python -u slide_level_srp/train.py --run_name gate_initialization_bracs_kaiming_s44 --dataset bracs --variant srp_patch_signed_gated --in_dim 1536 --num_classes 7 --split_mode global_seed_holdout --global_seed 44 --seed 44 --neighbor_shuffle_seed 44 --out_dir ${GATEDSRP_COMPONENT_OUT:-runs/component_variants} --wandb_mode ${WANDB_MODE:-disabled} --epochs ${EPOCHS_SLIDE:-15} --grad_accum ${GRAD_ACCUM:-16} --feature_root ${BRACS_FEATURE_ROOT:?set BRACS_FEATURE_ROOT} --feature_key ${BRACS_FEATURE_KEY:-features/uni_v2} --delta_scale 0.5 --gate_hidden_dim 128 --gate_activation tanh --gate_factorization full --gate_output_init kaiming_uniform --srp_context_impl stacked --srp_correction_chunk_size 0
gate_initialization	classification	bracs	kaiming	Kaiming	45	0.5	128	public	gate_initialization_bracs_kaiming_s45	python -u slide_level_srp/train.py --run_name gate_initialization_bracs_kaiming_s45 --dataset bracs --variant srp_patch_signed_gated --in_dim 1536 --num_classes 7 --split_mode global_seed_holdout --global_seed 45 --seed 45 --neighbor_shuffle_seed 45 --out_dir ${GATEDSRP_COMPONENT_OUT:-runs/component_variants} --wandb_mode ${WANDB_MODE:-disabled} --epochs ${EPOCHS_SLIDE:-15} --grad_accum ${GRAD_ACCUM:-16} --feature_root ${BRACS_FEATURE_ROOT:?set BRACS_FEATURE_ROOT} --feature_key ${BRACS_FEATURE_KEY:-features/uni_v2} --delta_scale 0.5 --gate_hidden_dim 128 --gate_activation tanh --gate_factorization full --gate_output_init kaiming_uniform --srp_context_impl stacked --srp_correction_chunk_size 0
gate_initialization	classification	bracs	kaiming	Kaiming	46	0.5	128	public	gate_initialization_bracs_kaiming_s46	python -u slide_level_srp/train.py --run_name gate_initialization_bracs_kaiming_s46 --dataset bracs --variant srp_patch_signed_gated --in_dim 1536 --num_classes 7 --split_mode global_seed_holdout --global_seed 46 --seed 46 --neighbor_shuffle_seed 46 --out_dir ${GATEDSRP_COMPONENT_OUT:-runs/component_variants} --wandb_mode ${WANDB_MODE:-disabled} --epochs ${EPOCHS_SLIDE:-15} --grad_accum ${GRAD_ACCUM:-16} --feature_root ${BRACS_FEATURE_ROOT:?set BRACS_FEATURE_ROOT} --feature_key ${BRACS_FEATURE_KEY:-features/uni_v2} --delta_scale 0.5 --gate_hidden_dim 128 --gate_activation tanh --gate_factorization full --gate_output_init kaiming_uniform --srp_context_impl stacked --srp_correction_chunk_size 0
gate_initialization	classification	bracs	zero	Zero	42	0.5	128	public	gate_initialization_bracs_zero_s42	python -u slide_level_srp/train.py --run_name gate_initialization_bracs_zero_s42 --dataset bracs --variant srp_patch_signed_gated --in_dim 1536 --num_classes 7 --split_mode global_seed_holdout --global_seed 42 --seed 42 --neighbor_shuffle_seed 42 --out_dir ${GATEDSRP_COMPONENT_OUT:-runs/component_variants} --wandb_mode ${WANDB_MODE:-disabled} --epochs ${EPOCHS_SLIDE:-15} --grad_accum ${GRAD_ACCUM:-16} --feature_root ${BRACS_FEATURE_ROOT:?set BRACS_FEATURE_ROOT} --feature_key ${BRACS_FEATURE_KEY:-features/uni_v2} --delta_scale 0.5 --gate_hidden_dim 128 --gate_activation tanh --gate_factorization full --gate_output_init zero --srp_context_impl stacked --srp_correction_chunk_size 0
gate_initialization	classification	bracs	zero	Zero	43	0.5	128	public	gate_initialization_bracs_zero_s43	python -u slide_level_srp/train.py --run_name gate_initialization_bracs_zero_s43 --dataset bracs --variant srp_patch_signed_gated --in_dim 1536 --num_classes 7 --split_mode global_seed_holdout --global_seed 43 --seed 43 --neighbor_shuffle_seed 43 --out_dir ${GATEDSRP_COMPONENT_OUT:-runs/component_variants} --wandb_mode ${WANDB_MODE:-disabled} --epochs ${EPOCHS_SLIDE:-15} --grad_accum ${GRAD_ACCUM:-16} --feature_root ${BRACS_FEATURE_ROOT:?set BRACS_FEATURE_ROOT} --feature_key ${BRACS_FEATURE_KEY:-features/uni_v2} --delta_scale 0.5 --gate_hidden_dim 128 --gate_activation tanh --gate_factorization full --gate_output_init zero --srp_context_impl stacked --srp_correction_chunk_size 0
gate_initialization	classification	bracs	zero	Zero	44	0.5	128	public	gate_initialization_bracs_zero_s44	python -u slide_level_srp/train.py --run_name gate_initialization_bracs_zero_s44 --dataset bracs --variant srp_patch_signed_gated --in_dim 1536 --num_classes 7 --split_mode global_seed_holdout --global_seed 44 --seed 44 --neighbor_shuffle_seed 44 --out_dir ${GATEDSRP_COMPONENT_OUT:-runs/component_variants} --wandb_mode ${WANDB_MODE:-disabled} --epochs ${EPOCHS_SLIDE:-15} --grad_accum ${GRAD_ACCUM:-16} --feature_root ${BRACS_FEATURE_ROOT:?set BRACS_FEATURE_ROOT} --feature_key ${BRACS_FEATURE_KEY:-features/uni_v2} --delta_scale 0.5 --gate_hidden_dim 128 --gate_activation tanh --gate_factorization full --gate_output_init zero --srp_context_impl stacked --srp_correction_chunk_size 0
gate_initialization	classification	bracs	zero	Zero	45	0.5	128	public	gate_initialization_bracs_zero_s45	python -u slide_level_srp/train.py --run_name gate_initialization_bracs_zero_s45 --dataset bracs --variant srp_patch_signed_gated --in_dim 1536 --num_classes 7 --split_mode global_seed_holdout --global_seed 45 --seed 45 --neighbor_shuffle_seed 45 --out_dir ${GATEDSRP_COMPONENT_OUT:-runs/component_variants} --wandb_mode ${WANDB_MODE:-disabled} --epochs ${EPOCHS_SLIDE:-15} --grad_accum ${GRAD_ACCUM:-16} --feature_root ${BRACS_FEATURE_ROOT:?set BRACS_FEATURE_ROOT} --feature_key ${BRACS_FEATURE_KEY:-features/uni_v2} --delta_scale 0.5 --gate_hidden_dim 128 --gate_activation tanh --gate_factorization full --gate_output_init zero --srp_context_impl stacked --srp_correction_chunk_size 0
gate_initialization	classification	bracs	zero	Zero	46	0.5	128	public	gate_initialization_bracs_zero_s46	python -u slide_level_srp/train.py --run_name gate_initialization_bracs_zero_s46 --dataset bracs --variant srp_patch_signed_gated --in_dim 1536 --num_classes 7 --split_mode global_seed_holdout --global_seed 46 --seed 46 --neighbor_shuffle_seed 46 --out_dir ${GATEDSRP_COMPONENT_OUT:-runs/component_variants} --wandb_mode ${WANDB_MODE:-disabled} --epochs ${EPOCHS_SLIDE:-15} --grad_accum ${GRAD_ACCUM:-16} --feature_root ${BRACS_FEATURE_ROOT:?set BRACS_FEATURE_ROOT} --feature_key ${BRACS_FEATURE_KEY:-features/uni_v2} --delta_scale 0.5 --gate_hidden_dim 128 --gate_activation tanh --gate_factorization full --gate_output_init zero --srp_context_impl stacked --srp_correction_chunk_size 0
